source,target,model,budget,strategy,mcc_mean,mcc_std,mcc_best_thr_mean,mcc_best_thr_std,macro_f1_mean,macro_f1_std,auprc_macro_mean,auprc_macro_std,fp_rate_mean,fp_rate_std,ece_mean,ece_std,n_train_mean,n_train_std
nf2018v2,nfbotv2,lgbm,0.0,zero_shot,0.0015,0.0083,0.2954,0.0548,0.1203,0.0515,0.5517,0.0175,0.1319,0.0954,0.6329,0.0573,249999.0,0.0
nf2018v2,nfbotv2,lgbm,0.0001,augment,0.515,,0.4623,,0.7434,,0.6434,,0.2765,,0.0039,,250210.0,
nf2018v2,nfbotv2,lgbm,0.0001,buffer_only,0.4687,0.0599,0.4723,0.0547,0.7164,0.033,0.6955,0.0952,0.5288,0.2122,0.0048,0.0016,211.0,0.0
nf2018v2,nfbotv2,lgbm,0.0001,calibrate,0.0,0.0,0.2954,0.0548,0.4989,0.0,0.5517,0.0175,1.0,0.0,0.0006,0.0,211.0,0.0
nf2018v2,nfbotv2,lgbm,0.001,augment,0.8081,,0.7544,,0.904,,0.8616,,0.1979,,0.001,,252100.0,
nf2018v2,nfbotv2,lgbm,0.001,buffer_only,0.7945,0.0185,0.6746,0.0179,0.8917,0.0098,0.8821,0.0015,0.3266,0.023,0.0015,0.0,2101.0,0.0
nf2018v2,nfbotv2,lgbm,0.001,calibrate,0.0,0.0,0.2954,0.0548,0.4989,0.0,0.5517,0.0175,1.0,0.0,0.0001,0.0,2101.0,0.0
nf2018v2,nfbotv2,lgbm,0.01,augment,0.8583,,0.7804,,0.9291,,0.9257,,0.1514,,0.0007,,270999.0,
nf2018v2,nfbotv2,lgbm,0.01,buffer_only,0.5579,0.2793,0.545,0.2709,0.7785,0.1396,0.7104,0.2207,0.441,0.2402,0.0039,0.0026,21000.0,0.0
nf2018v2,nfbotv2,lgbm,0.01,calibrate,0.0,0.0,0.2954,0.0548,0.4989,0.0,0.5517,0.0175,1.0,0.0,0.0,0.0,21000.0,0.0
nf2018v2,nfbotv2,lgbm,0.05,buffer_only,0.3991,0.3034,0.3949,0.2994,0.6965,0.1496,0.6113,0.117,0.6623,0.2554,0.0044,0.0023,105000.0,0.0
nf2018v2,nfbotv2,lgbm,0.05,calibrate,0.0,0.0,0.2954,0.0548,0.4989,0.0,0.5517,0.0175,1.0,0.0,0.0013,0.0022,105000.0,0.0
nf2018v2,nfbotv2,lgbm,0.1,buffer_only,0.1994,0.347,0.199,0.3461,0.5997,0.1736,0.5606,0.105,0.7982,0.3455,0.0057,0.0025,210001.0,0.0
nf2018v2,nfbotv2,lgbm,0.1,calibrate,0.0,0.0,0.2954,0.0548,0.4989,0.0,0.5517,0.0175,1.0,0.0,0.0014,0.0023,210001.0,0.0
nf2018v2,nfbotv2,mlp,0.0,zero_shot,-0.0179,0.0304,0.1448,0.0176,0.2186,0.0641,0.5276,0.0056,0.389,0.1265,0.6307,0.0925,249999.0,0.0
nf2018v2,nfbotv2,mlp,0.0001,augment,0.1405,,0.2721,,0.5448,,0.5905,,0.6317,,0.0095,,250210.0,
nf2018v2,nfbotv2,mlp,0.0001,buffer_only,0.22,0.2088,0.3749,0.1442,0.5667,0.0991,0.6597,0.1046,0.9178,0.1239,0.0031,0.0006,211.0,0.0
nf2018v2,nfbotv2,mlp,0.0001,calibrate,0.0,0.0,0.2727,0.1235,0.4989,0.0,0.5832,0.0592,1.0,0.0,0.0006,0.0,211.0,0.0
nf2018v2,nfbotv2,mlp,0.001,augment,0.3232,,0.3337,,0.6512,,0.6372,,0.5304,,0.0026,,252100.0,
nf2018v2,nfbotv2,mlp,0.001,buffer_only,0.6671,0.0182,0.5412,0.023,0.8154,0.0117,0.7981,0.0136,0.5221,0.0275,0.0012,0.0003,2101.0,0.0
nf2018v2,nfbotv2,mlp,0.001,calibrate,0.0,0.0,0.2727,0.1235,0.4989,0.0,0.5832,0.0592,1.0,0.0,0.0001,0.0,2101.0,0.0
nf2018v2,nfbotv2,mlp,0.01,augment,0.6039,,0.6027,,0.7938,,0.8062,,0.5209,,0.0015,,270999.0,
nf2018v2,nfbotv2,mlp,0.01,buffer_only,0.7318,0.0289,0.611,0.0634,0.8571,0.0189,0.8469,0.04,0.4084,0.0576,0.0051,0.0037,21000.0,0.0
nf2018v2,nfbotv2,mlp,0.01,calibrate,0.0,0.0,0.2403,0.177,0.4989,0.0,0.5776,0.0674,1.0,0.0,0.0,0.0,21000.0,0.0
nf2018v2,nfbotv2,mlp,0.05,buffer_only,0.7996,0.0235,0.7182,0.0827,0.8958,0.0144,0.9131,0.031,0.3008,0.0531,0.0013,0.0001,105000.0,0.0
nf2018v2,nfbotv2,mlp,0.05,calibrate,0.0,0.0,0.2403,0.177,0.4989,0.0,0.5776,0.0674,1.0,0.0,0.0001,0.0001,105000.0,0.0
nf2018v2,nfbotv2,mlp,0.1,buffer_only,0.9293,0.0029,0.8176,0.0061,0.9645,0.0016,0.97,0.0076,0.0564,0.0138,0.0006,0.0001,210001.0,0.0
nf2018v2,nfbotv2,mlp,0.1,calibrate,0.0,0.0,0.2403,0.177,0.4989,0.0,0.5776,0.0674,1.0,0.0,0.0,0.0,210001.0,0.0
nf2018v2,nfbotv2,rf,0.0,zero_shot,0.0095,0.008,0.1672,0.0316,0.0498,0.0005,0.5139,0.0044,0.0163,0.0261,0.7451,0.0075,249999.0,0.0
nf2018v2,nfbotv2,rf,0.0001,augment,0.5903,,0.5832,,0.7621,,0.6511,,0.0322,,0.0087,,250210.0,
nf2018v2,nfbotv2,rf,0.0001,buffer_only,0.2597,0.1659,0.5187,0.1355,0.5784,0.0835,0.7474,0.0186,0.9062,0.1054,0.0032,0.0008,211.0,0.0
nf2018v2,nfbotv2,rf,0.0001,calibrate,0.0,0.0,0.1039,0.0671,0.4989,0.0,0.5069,0.0066,1.0,0.0,0.0006,0.0,211.0,0.0
nf2018v2,nfbotv2,rf,0.001,augment,0.7224,,0.7714,,0.8606,,0.8741,,0.2336,,0.002,,252100.0,
nf2018v2,nfbotv2,rf,0.001,buffer_only,0.7922,0.0581,0.7516,0.0367,0.8916,0.0329,0.9346,0.0078,0.3103,0.0951,0.0008,0.0004,2101.0,0.0
nf2018v2,nfbotv2,rf,0.001,calibrate,0.0,0.0,0.0681,0.0221,0.4989,0.0,0.5033,0.0019,1.0,0.0,0.0001,0.0,2101.0,0.0
nf2018v2,nfbotv2,rf,0.01,augment,0.8779,,0.8347,,0.9389,,0.9743,,0.1132,,0.0004,,270999.0,
nf2018v2,nfbotv2,rf,0.01,buffer_only,0.9108,0.0178,0.8376,0.006,0.9551,0.0094,0.9794,0.0019,0.1176,0.0401,0.0003,0.0,21000.0,0.0
nf2018v2,nfbotv2,rf,0.01,calibrate,0.0,0.0,0.0681,0.0221,0.4989,0.0,0.5033,0.0019,1.0,0.0,0.0001,0.0001,21000.0,0.0
nf2018v2,nfbotv2,rf,0.05,buffer_only,0.9612,0.004,0.846,0.011,0.9806,0.0019,0.9907,0.0023,0.0282,0.0115,0.0002,0.0,105000.0,0.0
nf2018v2,nfbotv2,rf,0.05,calibrate,0.0,0.0,0.0681,0.0221,0.4989,0.0,0.5033,0.0019,1.0,0.0,0.0,0.0,105000.0,0.0
nf2018v2,nfbotv2,rf,0.1,buffer_only,0.9703,0.0033,0.8592,0.0046,0.9851,0.0017,0.9949,0.0014,0.0183,0.0055,0.0001,0.0,210001.0,0.0
nf2018v2,nfbotv2,rf,0.1,calibrate,0.0,0.0,0.0681,0.0221,0.4989,0.0,0.5033,0.0019,1.0,0.0,0.0,0.0,210001.0,0.0
nf2018v2,nftonv2,lgbm,0.0,zero_shot,0.0342,0.0357,0.3665,0.095,0.3707,0.0268,0.6124,0.067,0.1728,0.0019,0.5847,0.0384,249999.0,0.0
nf2018v2,nftonv2,lgbm,0.0001,augment,0.6285,,0.7162,,0.8112,,0.8945,,0.1937,,0.0947,,250212.0,
nf2018v2,nftonv2,lgbm,0.0001,buffer_only,0.868,0.0269,0.8722,0.0275,0.9337,0.0132,0.9635,0.0135,0.1108,0.0085,0.0451,0.008,213.0,0.0
nf2018v2,nftonv2,lgbm,0.0001,calibrate,0.0,0.0,0.3215,0.1489,0.4206,0.0,0.5803,0.1089,1.0,0.0,0.0577,0.0498,213.0,0.0
nf2018v2,nftonv2,lgbm,0.001,augment,0.8022,,0.8341,,0.901,,0.9728,,0.1598,,0.0277,,252099.0,
nf2018v2,nftonv2,lgbm,0.001,buffer_only,0.9361,0.0035,0.9361,0.0034,0.968,0.0018,0.9923,0.0007,0.0549,0.0091,0.0214,0.0014,2100.0,0.0
nf2018v2,nftonv2,lgbm,0.001,calibrate,0.0,0.0,0.3215,0.1489,0.4206,0.0,0.5803,0.1089,1.0,0.0,0.0227,0.0226,2100.0,0.0
nf2018v2,nftonv2,lgbm,0.01,augment,0.9537,,0.9546,,0.9768,,0.9955,,0.033,,0.0094,,270999.0,
nf2018v2,nftonv2,lgbm,0.01,buffer_only,0.9697,0.0004,0.9692,0.0005,0.9848,0.0002,0.9973,0.0002,0.0298,0.0013,0.0054,0.0005,21000.0,0.0
nf2018v2,nftonv2,lgbm,0.01,calibrate,0.0,0.0,0.3215,0.1489,0.4206,0.0,0.5803,0.1089,1.0,0.0,0.0228,0.0246,21000.0,0.0
nf2018v2,nftonv2,lgbm,0.05,buffer_only,0.9804,0.0006,0.9799,0.0006,0.9902,0.0003,0.9987,0.0001,0.019,0.0003,0.0018,0.0,105000.0,0.0
nf2018v2,nftonv2,lgbm,0.05,calibrate,0.0,0.0,0.3215,0.1489,0.4206,0.0,0.5803,0.1089,1.0,0.0,0.0205,0.0227,105000.0,0.0
nf2018v2,nftonv2,lgbm,0.1,buffer_only,0.9822,0.0007,0.9819,0.0007,0.9911,0.0004,0.9988,0.0001,0.0174,0.0007,0.0026,0.0003,210000.0,0.0
nf2018v2,nftonv2,lgbm,0.1,calibrate,0.0,0.0,0.3215,0.1489,0.4206,0.0,0.5803,0.1089,1.0,0.0,0.0206,0.0227,210000.0,0.0
nf2018v2,nftonv2,mlp,0.0,zero_shot,0.0103,0.0783,0.2211,0.02,0.3933,0.0559,0.5557,0.0177,0.2455,0.002,0.5244,0.0684,249999.0,0.0
nf2018v2,nftonv2,mlp,0.0001,augment,0.2652,,0.3987,,0.5646,,0.7118,,0.1904,,0.3649,,250212.0,
nf2018v2,nftonv2,mlp,0.0001,buffer_only,0.6773,0.069,0.7047,0.0461,0.8362,0.0371,0.8585,0.0236,0.2834,0.0918,0.0587,0.0108,213.0,0.0
nf2018v2,nftonv2,mlp,0.0001,calibrate,0.0,0.0,0.2307,0.0198,0.4206,0.0,0.5415,0.0405,1.0,0.0,0.0411,0.0423,213.0,0.0
nf2018v2,nftonv2,mlp,0.001,augment,0.3949,,0.4637,,0.6714,,0.7405,,0.224,,0.1713,,252099.0,
nf2018v2,nftonv2,mlp,0.001,buffer_only,0.9083,0.0055,0.9099,0.0056,0.954,0.0028,0.9707,0.0059,0.0788,0.0102,0.0135,0.0029,2100.0,0.0
nf2018v2,nftonv2,mlp,0.001,calibrate,0.0,0.0,0.2307,0.0198,0.4206,0.0,0.5416,0.0405,1.0,0.0,0.0397,0.0217,2100.0,0.0
nf2018v2,nftonv2,mlp,0.01,augment,0.8677,,0.8684,,0.9335,,0.9755,,0.0677,,0.016,,270999.0,
nf2018v2,nftonv2,mlp,0.01,buffer_only,0.9324,0.0028,0.934,0.0013,0.966,0.0014,0.9899,0.0004,0.0674,0.0014,0.0044,0.0009,21000.0,0.0
nf2018v2,nftonv2,mlp,0.01,calibrate,0.0,0.0,0.2307,0.0198,0.4206,0.0,0.5417,0.0405,1.0,0.0,0.0336,0.0278,21000.0,0.0
nf2018v2,nftonv2,mlp,0.05,buffer_only,0.9442,0.0021,0.9449,0.0024,0.9721,0.001,0.9944,0.0006,0.0464,0.006,0.0038,0.0006,105000.0,0.0
nf2018v2,nftonv2,mlp,0.05,calibrate,0.0,0.0,0.2307,0.0198,0.4206,0.0,0.5417,0.0406,1.0,0.0,0.0447,0.0417,105000.0,0.0
nf2018v2,nftonv2,mlp,0.1,buffer_only,0.9531,0.0019,0.9528,0.0017,0.9765,0.001,0.9958,0.0003,0.0428,0.0015,0.0033,0.0006,210000.0,0.0
nf2018v2,nftonv2,mlp,0.1,calibrate,0.0,0.0,0.2307,0.0198,0.4206,0.0,0.5416,0.0406,1.0,0.0,0.0449,0.0422,210000.0,0.0
nf2018v2,nftonv2,rf,0.0,zero_shot,-0.1249,0.0459,0.3286,0.121,0.2672,0.0222,0.5873,0.0391,0.1666,0.0007,0.5825,0.0172,249999.0,0.0
nf2018v2,nftonv2,rf,0.0001,augment,0.7079,,0.7232,,0.8533,,0.8553,,0.1779,,0.0848,,250212.0,
nf2018v2,nftonv2,rf,0.0001,buffer_only,0.877,0.0211,0.8871,0.0152,0.9381,0.0105,0.9719,0.0041,0.1101,0.0236,0.0252,0.001,213.0,0.0
nf2018v2,nftonv2,rf,0.0001,calibrate,0.0,0.0,0.3236,0.0015,0.4206,0.0,0.5007,0.0078,1.0,0.0,0.1422,0.0028,213.0,0.0
nf2018v2,nftonv2,rf,0.001,augment,0.8423,,0.8472,,0.9211,,0.9732,,0.1285,,0.0086,,252099.0,
nf2018v2,nftonv2,rf,0.001,buffer_only,0.9367,0.001,0.9374,0.0017,0.9683,0.0005,0.993,0.0005,0.0517,0.0099,0.0061,0.0012,2100.0,0.0
nf2018v2,nftonv2,rf,0.001,calibrate,0.0,0.0,0.3236,0.0015,0.4206,0.0,0.5007,0.0078,1.0,0.0,0.1219,0.0565,2100.0,0.0
nf2018v2,nftonv2,rf,0.01,augment,0.9575,,0.9576,,0.9787,,0.9964,,0.035,,0.007,,270999.0,
nf2018v2,nftonv2,rf,0.01,buffer_only,0.9672,0.0002,0.9672,0.0004,0.9836,0.0001,0.997,0.0003,0.032,0.0023,0.0044,0.0005,21000.0,0.0
nf2018v2,nftonv2,rf,0.01,calibrate,0.0,0.0,0.3236,0.0015,0.4206,0.0,0.5007,0.0078,1.0,0.0,0.0916,0.0796,21000.0,0.0
nf2018v2,nftonv2,rf,0.05,buffer_only,0.9796,0.0002,0.9792,0.0,0.9898,0.0001,0.998,0.0002,0.0208,0.0003,0.0035,0.0003,105000.0,0.0
nf2018v2,nftonv2,rf,0.05,calibrate,0.0,0.0,0.3236,0.0015,0.4206,0.0,0.5007,0.0078,1.0,0.0,0.0906,0.0785,105000.0,0.0
nf2018v2,nftonv2,rf,0.1,buffer_only,0.9824,0.0002,0.9823,0.0003,0.9912,0.0001,0.9982,0.0002,0.018,0.0003,0.0031,0.0002,210000.0,0.0
nf2018v2,nftonv2,rf,0.1,calibrate,0.0,0.0,0.3236,0.0015,0.4206,0.0,0.5007,0.0078,1.0,0.0,0.0915,0.0793,210000.0,0.0
nf2018v2,nfunswv2,lgbm,0.0,zero_shot,0.1344,0.0231,0.109,0.018,0.5196,0.0053,0.513,0.0145,0.0007,0.0002,0.0371,0.0019,249999.0,0.0
nf2018v2,nfunswv2,lgbm,0.0001,augment,0.6781,,0.7785,,0.8305,,0.9029,,0.0037,,0.0105,,250143.0,
nf2018v2,nfunswv2,lgbm,0.0001,buffer_only,0.7578,0.0291,0.7949,0.0561,0.8787,0.0142,0.8652,0.007,0.0099,0.0007,0.0159,0.0026,144.0,0.0
nf2018v2,nfunswv2,lgbm,0.0001,calibrate,0.0,0.0,0.1553,0.0779,0.4904,0.0,0.5338,0.0227,0.0,0.0,0.0333,0.0008,144.0,0.0
nf2018v2,nfunswv2,lgbm,0.001,augment,0.8877,,0.9002,,0.9438,,0.9492,,0.0048,,0.0016,,251391.0,
nf2018v2,nfunswv2,lgbm,0.001,buffer_only,0.8825,0.0043,0.8956,0.0089,0.9405,0.0026,0.9449,0.0121,0.0066,0.0022,0.0081,0.0007,1392.0,0.0
nf2018v2,nfunswv2,lgbm,0.001,calibrate,0.0,0.0,0.1553,0.0779,0.4904,0.0,0.5338,0.0227,0.0,0.0,0.0028,0.0006,1392.0,0.0
nf2018v2,nfunswv2,lgbm,0.01,augment,0.9347,,0.9328,,0.9672,,0.9847,,0.0034,,0.0009,,263906.0,
nf2018v2,nfunswv2,lgbm,0.01,buffer_only,0.9383,0.0021,0.9388,0.0026,0.969,0.0011,0.9853,0.0001,0.0034,0.0005,0.004,0.0002,13907.0,0.0
nf2018v2,nfunswv2,lgbm,0.01,calibrate,0.0495,0.0707,0.109,0.018,0.4979,0.0125,0.513,0.0145,0.0001,0.0001,0.0014,0.0002,13907.0,0.0
nf2018v2,nfunswv2,lgbm,0.05,buffer_only,0.9453,0.0015,0.943,0.0013,0.9726,0.0007,0.988,0.001,0.0028,0.0002,0.0028,0.0001,69537.0,0.0
nf2018v2,nfunswv2,lgbm,0.05,calibrate,0.0639,0.0691,0.109,0.018,0.5006,0.013,0.513,0.0145,0.0001,0.0001,0.0015,0.0001,69537.0,0.0
nf2018v2,nfunswv2,lgbm,0.1,buffer_only,0.9485,0.0004,0.9452,0.0014,0.9742,0.0002,0.9915,0.0004,0.0026,0.0002,0.0019,0.0001,139072.0,0.0
nf2018v2,nfunswv2,lgbm,0.1,calibrate,0.0668,0.0704,0.109,0.018,0.5012,0.0133,0.513,0.0145,0.0002,0.0001,0.0016,0.0003,139072.0,0.0
nf2018v2,nfunswv2,mlp,0.0,zero_shot,-0.0408,0.0141,0.0569,0.0272,0.4759,0.0129,0.4854,0.0044,0.0813,0.0524,0.07,0.0231,249999.0,0.0
nf2018v2,nfunswv2,mlp,0.0001,augment,0.0774,,0.0755,,0.5222,,0.5073,,0.0055,,0.0379,,250143.0,
nf2018v2,nfunswv2,mlp,0.0001,buffer_only,0.6914,0.0231,0.7881,0.0191,0.8446,0.012,0.8353,0.0182,0.0082,0.0002,0.0169,0.0017,144.0,0.0
nf2018v2,nfunswv2,mlp,0.0001,calibrate,0.0,0.0,0.1166,0.0455,0.4904,0.0,0.5079,0.0244,0.0,0.0,0.0314,0.0003,144.0,0.0
nf2018v2,nfunswv2,mlp,0.001,augment,0.5952,,0.6161,,0.7953,,0.8026,,0.0098,,0.0114,,251391.0,
nf2018v2,nfunswv2,mlp,0.001,buffer_only,0.8349,0.0361,0.8689,0.0106,0.9173,0.0182,0.9046,0.0125,0.0066,0.0027,0.0079,0.0025,1392.0,0.0
nf2018v2,nfunswv2,mlp,0.001,calibrate,0.0,0.0,0.1642,0.0388,0.4904,0.0,0.527,0.0106,0.0,0.0,0.004,0.0034,1392.0,0.0
nf2018v2,nfunswv2,mlp,0.01,augment,0.8688,,0.8718,,0.9344,,0.943,,0.0045,,0.002,,263906.0,
nf2018v2,nfunswv2,mlp,0.01,buffer_only,0.8846,0.0312,0.8973,0.0136,0.9421,0.0154,0.9485,0.0057,0.0055,0.0004,0.0029,0.0006,13907.0,0.0
nf2018v2,nfunswv2,mlp,0.01,calibrate,0.0,0.0,0.1642,0.0388,0.4904,0.0,0.527,0.0106,0.0,0.0,0.0052,0.0015,13907.0,0.0
nf2018v2,nfunswv2,mlp,0.05,buffer_only,0.9236,0.0037,0.9232,0.0038,0.9613,0.0018,0.9748,0.0026,0.0049,0.0001,0.0005,0.0,69537.0,0.0
nf2018v2,nfunswv2,mlp,0.05,calibrate,0.0,0.0,0.1642,0.0388,0.4904,0.0,0.527,0.0106,0.0,0.0,0.0056,0.0015,69537.0,0.0
nf2018v2,nfunswv2,mlp,0.1,buffer_only,0.9307,0.0065,0.9315,0.0067,0.9651,0.0033,0.9781,0.0068,0.004,0.0005,0.0008,0.0002,139072.0,0.0
nf2018v2,nfunswv2,mlp,0.1,calibrate,0.0,0.0,0.1642,0.0388,0.4904,0.0,0.527,0.0106,0.0,0.0,0.0056,0.0014,139072.0,0.0
nf2018v2,nfunswv2,rf,0.0,zero_shot,0.0051,0.0114,0.0375,0.0028,0.4914,0.0014,0.4812,0.0023,0.0007,0.0007,0.1644,0.0143,249999.0,0.0
nf2018v2,nfunswv2,rf,0.0001,augment,0.5764,,0.8282,,0.7669,,0.9269,,0.0027,,0.0226,,250143.0,
nf2018v2,nfunswv2,rf,0.0001,buffer_only,0.868,0.0121,0.8638,0.014,0.9311,0.0053,0.8918,0.0165,0.0106,0.0008,0.0088,0.0015,144.0,0.0
nf2018v2,nfunswv2,rf,0.0001,calibrate,0.0,0.0,0.2682,0.0583,0.4904,0.0,0.5464,0.0188,0.0,0.0,0.0316,0.0,144.0,0.0
nf2018v2,nfunswv2,rf,0.001,augment,0.8392,,0.9198,,0.9186,,0.9645,,0.0033,,0.004,,251391.0,
nf2018v2,nfunswv2,rf,0.001,buffer_only,0.8989,0.0102,0.8996,0.0054,0.9481,0.0063,0.9624,0.0074,0.0072,0.0022,0.003,0.0011,1392.0,0.0
nf2018v2,nfunswv2,rf,0.001,calibrate,0.0,0.0,0.2682,0.0583,0.4904,0.0,0.5464,0.0188,0.0,0.0,0.0043,0.0019,1392.0,0.0
nf2018v2,nfunswv2,rf,0.01,augment,0.9376,,0.937,,0.9687,,0.9857,,0.0032,,0.0018,,263906.0,
nf2018v2,nfunswv2,rf,0.01,buffer_only,0.9381,0.0042,0.9375,0.0033,0.9688,0.0023,0.9872,0.0003,0.0037,0.0007,0.0008,0.0001,13907.0,0.0
nf2018v2,nfunswv2,rf,0.01,calibrate,0.0,0.0,0.2682,0.0583,0.4904,0.0,0.5464,0.0188,0.0,0.0,0.0208,0.0034,13907.0,0.0
nf2018v2,nfunswv2,rf,0.05,buffer_only,0.9467,0.0016,0.943,0.0019,0.9732,0.0008,0.9898,0.0002,0.0029,0.0001,0.0007,0.0001,69537.0,0.0
nf2018v2,nfunswv2,rf,0.05,calibrate,0.0,0.0,0.2682,0.0583,0.4904,0.0,0.5464,0.0188,0.0,0.0,0.0215,0.0081,69537.0,0.0
nf2018v2,nfunswv2,rf,0.1,buffer_only,0.9508,0.0018,0.946,0.001,0.9753,0.0009,0.9912,0.0006,0.0026,0.0001,0.0007,0.0001,139072.0,0.0
nf2018v2,nfunswv2,rf,0.1,calibrate,0.0,0.0,0.2682,0.0583,0.4904,0.0,0.5464,0.0188,0.0,0.0,0.0214,0.0083,139072.0,0.0
nfbotv2,nf2018v2,lgbm,0.0,zero_shot,0.1094,0.168,0.1094,0.168,0.2461,0.2319,0.5239,0.0405,0.8214,0.2987,0.7265,0.2597,250000.0,0.0
nfbotv2,nf2018v2,lgbm,0.0001,augment,0.3796,,0.3797,,0.6856,,0.5998,,0.11,,0.1512,,250217.0,
nfbotv2,nf2018v2,lgbm,0.0001,buffer_only,0.9369,0.0292,0.9494,0.0116,0.9684,0.0145,0.9763,0.0045,0.0057,0.0054,0.0113,0.0048,217.0,0.0
nfbotv2,nf2018v2,lgbm,0.0001,calibrate,0.0,0.0,0.1094,0.168,0.4685,0.0,0.5238,0.0405,0.0,0.0,0.026,0.0056,217.0,0.0
nfbotv2,nf2018v2,lgbm,0.001,augment,0.9562,,0.9596,,0.9779,,0.982,,0.0021,,0.008,,252102.0,
nfbotv2,nf2018v2,lgbm,0.001,buffer_only,0.962,0.0009,0.9636,0.0026,0.9808,0.0005,0.9811,0.0003,0.0012,0.0004,0.0073,0.0002,2102.0,0.0
nfbotv2,nf2018v2,lgbm,0.001,calibrate,0.0,0.0,0.1094,0.168,0.4685,0.0,0.5238,0.0405,0.0,0.0,0.001,0.0001,2102.0,0.0
nfbotv2,nf2018v2,lgbm,0.01,augment,0.9724,,0.9681,,0.9861,,0.9855,,0.0007,,0.0042,,271001.0,
nfbotv2,nf2018v2,lgbm,0.01,buffer_only,0.9731,0.0006,0.9686,0.0001,0.9864,0.0003,0.9854,0.0002,0.0003,0.0,0.0049,0.0001,21001.0,0.0
nfbotv2,nf2018v2,lgbm,0.01,calibrate,0.0,0.0,0.1094,0.168,0.4685,0.0,0.5238,0.0405,0.0,0.0,0.0003,0.0004,21001.0,0.0
nfbotv2,nf2018v2,lgbm,0.05,buffer_only,0.9762,0.0002,0.9686,0.0001,0.988,0.0001,0.9873,0.0001,0.0002,0.0,0.0028,0.0001,105000.0,0.0
nfbotv2,nf2018v2,lgbm,0.05,calibrate,0.0,0.0,0.1094,0.168,0.4685,0.0,0.5238,0.0405,0.0,0.0,0.0002,0.0001,105000.0,0.0
nfbotv2,nf2018v2,lgbm,0.1,buffer_only,0.9765,0.0006,0.9684,0.0002,0.9881,0.0003,0.9874,0.0003,0.0002,0.0001,0.0017,0.0001,210000.0,0.0
nfbotv2,nf2018v2,lgbm,0.1,calibrate,0.0,0.0,0.1094,0.168,0.4685,0.0,0.5238,0.0405,0.0,0.0,0.0001,0.0002,210000.0,0.0
nfbotv2,nf2018v2,mlp,0.0,zero_shot,0.3204,0.0185,0.4451,0.1006,0.5667,0.0489,0.6467,0.056,0.3711,0.1011,0.3113,0.1019,250000.0,0.0
nfbotv2,nf2018v2,mlp,0.0001,augment,0.8252,,0.8329,,0.9109,,0.8611,,0.0338,,0.0289,,250217.0,
nfbotv2,nf2018v2,mlp,0.0001,buffer_only,0.9114,0.0159,0.9186,0.0108,0.9552,0.0084,0.9643,0.005,0.0056,0.0007,0.0112,0.0008,217.0,0.0
nfbotv2,nf2018v2,mlp,0.0001,calibrate,0.0,0.0,0.4451,0.1006,0.4685,0.0,0.6468,0.0559,0.0,0.0,0.0531,0.0392,217.0,0.0
nfbotv2,nf2018v2,mlp,0.001,augment,0.9047,,0.9292,,0.9523,,0.9635,,0.0129,,0.0065,,252102.0,
nfbotv2,nf2018v2,mlp,0.001,buffer_only,0.9345,0.0134,0.9374,0.0078,0.967,0.0066,0.9731,0.0051,0.0039,0.0025,0.0079,0.0056,2102.0,0.0
nfbotv2,nf2018v2,mlp,0.001,calibrate,0.0,0.0,0.4451,0.1006,0.4685,0.0,0.6467,0.056,0.0,0.0,0.0412,0.0513,2102.0,0.0
nfbotv2,nf2018v2,mlp,0.01,augment,0.9593,,0.9632,,0.9795,,0.9791,,0.0024,,0.0025,,271001.0,
nfbotv2,nf2018v2,mlp,0.01,buffer_only,0.9609,0.0031,0.96,0.0019,0.9802,0.0016,0.981,0.0004,0.0011,0.0002,0.003,0.0006,21001.0,0.0
nfbotv2,nf2018v2,mlp,0.01,calibrate,0.0,0.0,0.4451,0.1006,0.4685,0.0,0.6467,0.056,0.0,0.0,0.0318,0.036,21001.0,0.0
nfbotv2,nf2018v2,mlp,0.05,buffer_only,0.9699,0.0006,0.9674,0.0004,0.9848,0.0003,0.9845,0.0002,0.0004,0.0001,0.0016,0.0006,105000.0,0.0
nfbotv2,nf2018v2,mlp,0.05,calibrate,0.0,0.0,0.4451,0.1006,0.4685,0.0,0.6468,0.0559,0.0,0.0,0.0334,0.0395,105000.0,0.0
nfbotv2,nf2018v2,mlp,0.1,buffer_only,0.9714,0.0015,0.9679,0.0002,0.9855,0.0008,0.985,0.0005,0.0003,0.0001,0.0016,0.0007,210000.0,0.0
nfbotv2,nf2018v2,mlp,0.1,calibrate,0.0,0.0,0.4451,0.1006,0.4685,0.0,0.6468,0.0559,0.0,0.0,0.0344,0.0406,210000.0,0.0
nfbotv2,nf2018v2,rf,0.0,zero_shot,0.4373,0.1765,0.6878,0.062,0.6322,0.1508,0.762,0.0243,0.3202,0.1925,0.1898,0.0534,250000.0,0.0
nfbotv2,nf2018v2,rf,0.0001,augment,0.9244,,0.9369,,0.9622,,0.9768,,0.0108,,0.0268,,250217.0,
nfbotv2,nf2018v2,rf,0.0001,buffer_only,0.9437,0.007,0.9422,0.0059,0.9716,0.0035,0.9755,0.0027,0.0027,0.0012,0.0196,0.0039,217.0,0.0
nfbotv2,nf2018v2,rf,0.0001,calibrate,0.0048,0.0094,0.6878,0.062,0.4716,0.0052,0.762,0.0243,0.0024,0.004,0.1303,0.0102,217.0,0.0
nfbotv2,nf2018v2,rf,0.001,augment,0.9634,,0.9638,,0.9815,,0.9807,,0.0013,,0.0089,,252102.0,
nfbotv2,nf2018v2,rf,0.001,buffer_only,0.9618,0.0004,0.9631,0.0022,0.9807,0.0002,0.9807,0.001,0.0011,0.0003,0.0073,0.0008,2102.0,0.0
nfbotv2,nf2018v2,rf,0.001,calibrate,0.2002,0.1233,0.6878,0.062,0.5685,0.0693,0.762,0.0243,0.0163,0.0087,0.0861,0.0112,2102.0,0.0
nfbotv2,nf2018v2,rf,0.01,augment,0.9726,,0.9688,,0.9862,,0.9834,,0.0005,,0.0056,,271001.0,
nfbotv2,nf2018v2,rf,0.01,buffer_only,0.9728,0.0002,0.9687,0.0001,0.9862,0.0001,0.9834,0.0006,0.0003,0.0001,0.0056,0.0003,21001.0,0.0
nfbotv2,nf2018v2,rf,0.01,calibrate,0.2905,0.0216,0.6878,0.062,0.6159,0.0214,0.762,0.0243,0.021,0.0099,0.0838,0.0074,21001.0,0.0
nfbotv2,nf2018v2,rf,0.05,buffer_only,0.9763,0.0004,0.9688,0.0001,0.988,0.0002,0.9845,0.0006,0.0001,0.0,0.0053,0.0004,105000.0,0.0
nfbotv2,nf2018v2,rf,0.05,calibrate,0.2991,0.0306,0.6878,0.062,0.6217,0.0208,0.762,0.0243,0.0214,0.009,0.0811,0.0095,105000.0,0.0
nfbotv2,nf2018v2,rf,0.1,buffer_only,0.9769,0.0002,0.9694,0.0001,0.9883,0.0001,0.9848,0.0003,0.0001,0.0,0.0052,0.0001,210000.0,0.0
nfbotv2,nf2018v2,rf,0.1,calibrate,0.2955,0.0289,0.6878,0.062,0.6195,0.019,0.762,0.0243,0.0212,0.0088,0.0811,0.008,210000.0,0.0
nfbotv2,nftonv2,lgbm,0.0,zero_shot,0.0156,0.0374,0.0242,0.042,0.4622,0.0424,0.5042,0.0084,0.8015,0.2859,0.3496,0.1011,250000.0,0.0
nfbotv2,nftonv2,lgbm,0.0001,augment,0.1841,,0.1829,,0.5469,,0.5494,,0.3066,,0.4382,,250213.0,
nfbotv2,nftonv2,lgbm,0.0001,buffer_only,0.868,0.0269,0.8722,0.0275,0.9337,0.0132,0.9635,0.0135,0.1108,0.0085,0.0451,0.008,213.0,0.0
nfbotv2,nftonv2,lgbm,0.0001,calibrate,0.0,0.0,0.0191,0.033,0.4206,0.0,0.5041,0.0083,1.0,0.0,0.0089,0.0075,213.0,0.0
nfbotv2,nftonv2,lgbm,0.001,augment,0.4103,,0.4115,,0.7051,,0.633,,0.4191,,0.2365,,252100.0,
nfbotv2,nftonv2,lgbm,0.001,buffer_only,0.9361,0.0035,0.9361,0.0034,0.968,0.0018,0.9923,0.0007,0.0549,0.0091,0.0214,0.0014,2100.0,0.0
nfbotv2,nftonv2,lgbm,0.001,calibrate,0.0,0.0,0.0191,0.033,0.4206,0.0,0.5041,0.0083,1.0,0.0,0.0098,0.0166,2100.0,0.0
nfbotv2,nftonv2,lgbm,0.01,augment,0.9657,,0.9655,,0.9828,,0.997,,0.0344,,0.0047,,271000.0,
nfbotv2,nftonv2,lgbm,0.01,buffer_only,0.9697,0.0004,0.9692,0.0005,0.9848,0.0002,0.9973,0.0002,0.0298,0.0013,0.0054,0.0005,21000.0,0.0
nfbotv2,nftonv2,lgbm,0.01,calibrate,0.0,0.0,0.0229,0.0303,0.4206,0.0,0.505,0.0075,1.0,0.0,0.0029,0.0047,21000.0,0.0
nfbotv2,nftonv2,lgbm,0.05,buffer_only,0.9804,0.0006,0.9799,0.0006,0.9902,0.0003,0.9987,0.0001,0.019,0.0003,0.0018,0.0,105000.0,0.0
nfbotv2,nftonv2,lgbm,0.05,calibrate,0.0,0.0,0.0229,0.0303,0.4206,0.0,0.505,0.0075,1.0,0.0,0.0017,0.0017,105000.0,0.0
nfbotv2,nftonv2,lgbm,0.1,buffer_only,0.9822,0.0007,0.9819,0.0007,0.9911,0.0004,0.9988,0.0001,0.0174,0.0007,0.0026,0.0003,210000.0,0.0
nfbotv2,nftonv2,lgbm,0.1,calibrate,0.0,0.0,0.0229,0.0303,0.4206,0.0,0.505,0.0075,1.0,0.0,0.0016,0.0013,210000.0,0.0
nfbotv2,nftonv2,mlp,0.0,zero_shot,-0.1718,0.165,0.1325,0.0396,0.3737,0.1032,0.4699,0.0303,0.5445,0.0212,0.5056,0.0871,250000.0,0.0
nfbotv2,nftonv2,mlp,0.0001,augment,0.5414,,0.6004,,0.7622,,0.8065,,0.2076,,0.062,,250213.0,
nfbotv2,nftonv2,mlp,0.0001,buffer_only,0.6773,0.069,0.7047,0.0461,0.8362,0.0371,0.8585,0.0236,0.2834,0.0918,0.0587,0.0108,213.0,0.0
nfbotv2,nftonv2,mlp,0.0001,calibrate,0.0,0.0,0.2216,0.1238,0.4206,0.0,0.5488,0.0427,1.0,0.0,0.0531,0.0465,213.0,0.0
nfbotv2,nftonv2,mlp,0.001,augment,0.8625,,0.8859,,0.9312,,0.9637,,0.0896,,0.0142,,252100.0,
nfbotv2,nftonv2,mlp,0.001,buffer_only,0.9083,0.0055,0.9099,0.0056,0.954,0.0028,0.9707,0.0059,0.0788,0.0102,0.0135,0.0029,2100.0,0.0
nfbotv2,nftonv2,mlp,0.001,calibrate,0.0562,0.0974,0.2216,0.1238,0.4653,0.0774,0.5487,0.0428,0.9342,0.1141,0.0624,0.04,2100.0,0.0
nfbotv2,nftonv2,mlp,0.01,augment,0.9286,,0.9287,,0.9643,,0.9893,,0.0613,,0.0084,,271000.0,
nfbotv2,nftonv2,mlp,0.01,buffer_only,0.9324,0.0028,0.934,0.0013,0.966,0.0014,0.9899,0.0004,0.0674,0.0014,0.0044,0.0009,21000.0,0.0
nfbotv2,nftonv2,mlp,0.01,calibrate,0.0555,0.0961,0.2216,0.1238,0.4648,0.0766,0.5487,0.0427,0.9349,0.1127,0.0575,0.054,21000.0,0.0
nfbotv2,nftonv2,mlp,0.05,buffer_only,0.9442,0.0021,0.9449,0.0024,0.9721,0.001,0.9944,0.0006,0.0464,0.006,0.0038,0.0006,105000.0,0.0
nfbotv2,nftonv2,mlp,0.05,calibrate,0.0567,0.0982,0.2216,0.1238,0.4656,0.0779,0.5487,0.0427,0.9337,0.1148,0.0573,0.054,105000.0,0.0
nfbotv2,nftonv2,mlp,0.1,buffer_only,0.9531,0.0019,0.9528,0.0017,0.9765,0.001,0.9958,0.0003,0.0428,0.0015,0.0033,0.0006,210000.0,0.0
nfbotv2,nftonv2,mlp,0.1,calibrate,0.0573,0.0993,0.2216,0.1238,0.466,0.0786,0.5487,0.0427,0.9331,0.1158,0.0585,0.0544,210000.0,0.0
nfbotv2,nftonv2,rf,0.0,zero_shot,-0.0874,0.0065,0.0543,0.0403,0.4532,0.0035,0.4053,0.003,0.8554,0.0076,0.3844,0.0155,250000.0,0.0
nfbotv2,nftonv2,rf,0.0001,augment,0.8347,,0.8633,,0.9171,,0.977,,0.1421,,0.0285,,250213.0,
nfbotv2,nftonv2,rf,0.0001,buffer_only,0.877,0.0211,0.8871,0.0152,0.9381,0.0105,0.9719,0.0041,0.1101,0.0236,0.0252,0.001,213.0,0.0
nfbotv2,nftonv2,rf,0.0001,calibrate,0.0,0.0,0.6594,0.0339,0.4206,0.0,0.754,0.0234,1.0,0.0,0.2136,0.0444,213.0,0.0
nfbotv2,nftonv2,rf,0.001,augment,0.9308,,0.9316,,0.9651,,0.9921,,0.0763,,0.0088,,252100.0,
nfbotv2,nftonv2,rf,0.001,buffer_only,0.9367,0.001,0.9374,0.0017,0.9683,0.0005,0.993,0.0005,0.0517,0.0099,0.0061,0.0012,2100.0,0.0
nfbotv2,nftonv2,rf,0.001,calibrate,0.0,0.0,0.6594,0.0339,0.4206,0.0,0.754,0.0234,1.0,0.0,0.2492,0.013,2100.0,0.0
nfbotv2,nftonv2,rf,0.01,augment,0.9666,,0.9672,,0.9832,,0.9969,,0.0362,,0.0045,,271000.0,
nfbotv2,nftonv2,rf,0.01,buffer_only,0.9672,0.0002,0.9672,0.0004,0.9836,0.0001,0.997,0.0003,0.032,0.0023,0.0044,0.0005,21000.0,0.0
nfbotv2,nftonv2,rf,0.01,calibrate,0.0,0.0,0.6594,0.0339,0.4206,0.0,0.754,0.0234,1.0,0.0,0.2403,0.0206,21000.0,0.0
nfbotv2,nftonv2,rf,0.05,buffer_only,0.9796,0.0002,0.9792,0.0,0.9898,0.0001,0.998,0.0002,0.0208,0.0003,0.0035,0.0003,105000.0,0.0
nfbotv2,nftonv2,rf,0.05,calibrate,0.0,0.0,0.6594,0.0339,0.4206,0.0,0.754,0.0234,1.0,0.0,0.2445,0.0156,105000.0,0.0
nfbotv2,nftonv2,rf,0.1,buffer_only,0.9824,0.0002,0.9823,0.0003,0.9912,0.0001,0.9982,0.0002,0.018,0.0003,0.0031,0.0002,210000.0,0.0
nfbotv2,nftonv2,rf,0.1,calibrate,0.0,0.0,0.6594,0.0339,0.4206,0.0,0.754,0.0234,1.0,0.0,0.2437,0.016,210000.0,0.0
nfbotv2,nfunswv2,lgbm,0.0,zero_shot,0.0178,0.0159,0.018,0.0161,0.1917,0.1423,0.5017,0.0015,0.7955,0.1938,0.7715,0.1807,250000.0,0.0
nfbotv2,nfunswv2,lgbm,0.0001,augment,0.0526,,0.0538,,0.4191,,0.5058,,0.3933,,0.3962,,250144.0,
nfbotv2,nfunswv2,lgbm,0.0001,buffer_only,0.7578,0.0291,0.7949,0.0561,0.8787,0.0142,0.8652,0.007,0.0099,0.0007,0.0159,0.0026,144.0,0.0
nfbotv2,nfunswv2,lgbm,0.0001,calibrate,0.0,0.0,0.0077,0.0133,0.4904,0.0,0.4998,0.0022,0.0,0.0,0.0319,0.0005,144.0,0.0
nfbotv2,nfunswv2,lgbm,0.001,augment,0.8515,,0.874,,0.9253,,0.9441,,0.0078,,0.0098,,251392.0,
nfbotv2,nfunswv2,lgbm,0.001,buffer_only,0.8825,0.0043,0.8956,0.0089,0.9405,0.0026,0.9449,0.0121,0.0066,0.0022,0.0081,0.0007,1392.0,0.0
nfbotv2,nfunswv2,lgbm,0.001,calibrate,0.0,0.0,0.018,0.0161,0.4904,0.0,0.5017,0.0015,0.0,0.0,0.001,0.0001,1392.0,0.0
nfbotv2,nfunswv2,lgbm,0.01,augment,0.9327,,0.9371,,0.9662,,0.9818,,0.0033,,0.0035,,263907.0,
nfbotv2,nfunswv2,lgbm,0.01,buffer_only,0.9383,0.0021,0.9388,0.0026,0.969,0.0011,0.9853,0.0001,0.0034,0.0005,0.004,0.0002,13907.0,0.0
nfbotv2,nfunswv2,lgbm,0.01,calibrate,0.0,0.0,0.018,0.0161,0.4904,0.0,0.5016,0.0015,0.0,0.0,0.0008,0.0007,13907.0,0.0
nfbotv2,nfunswv2,lgbm,0.05,buffer_only,0.9453,0.0015,0.943,0.0013,0.9726,0.0007,0.988,0.001,0.0028,0.0002,0.0028,0.0001,69537.0,0.0
nfbotv2,nfunswv2,lgbm,0.05,calibrate,0.0,0.0,0.018,0.0161,0.4904,0.0,0.5017,0.0015,0.0,0.0,0.0001,0.0,69537.0,0.0
nfbotv2,nfunswv2,lgbm,0.1,buffer_only,0.9485,0.0004,0.9452,0.0014,0.9742,0.0002,0.9915,0.0004,0.0026,0.0002,0.0019,0.0001,139072.0,0.0
nfbotv2,nfunswv2,lgbm,0.1,calibrate,0.0,0.0,0.018,0.0161,0.4904,0.0,0.5016,0.0015,0.0,0.0,0.0002,0.0003,139072.0,0.0
nfbotv2,nfunswv2,mlp,0.0,zero_shot,-0.0096,0.095,0.0885,0.0607,0.371,0.1031,0.5056,0.0158,0.4622,0.2356,0.4425,0.2142,250000.0,0.0
nfbotv2,nfunswv2,mlp,0.0001,augment,0.5918,,0.5927,,0.7931,,0.7002,,0.0094,,0.0222,,250144.0,
nfbotv2,nfunswv2,mlp,0.0001,buffer_only,0.6914,0.0231,0.7881,0.0191,0.8446,0.012,0.8353,0.0182,0.0082,0.0002,0.0169,0.0017,144.0,0.0
nfbotv2,nfunswv2,mlp,0.0001,calibrate,0.0,0.0,0.1122,0.0479,0.4904,0.0,0.5135,0.0106,0.0,0.0,0.0332,0.0028,144.0,0.0
nfbotv2,nfunswv2,mlp,0.001,augment,0.8027,,0.8009,,0.9005,,0.8584,,0.0106,,0.0065,,251392.0,
nfbotv2,nfunswv2,mlp,0.001,buffer_only,0.8349,0.0361,0.8689,0.0106,0.9173,0.0182,0.9046,0.0125,0.0066,0.0027,0.0079,0.0025,1392.0,0.0
nfbotv2,nfunswv2,mlp,0.001,calibrate,0.0,0.0,0.1122,0.0479,0.4904,0.0,0.5135,0.0106,0.0,0.0,0.0116,0.0085,1392.0,0.0
nfbotv2,nfunswv2,mlp,0.01,augment,0.9016,,0.9074,,0.9506,,0.9604,,0.0048,,0.002,,263907.0,
nfbotv2,nfunswv2,mlp,0.01,buffer_only,0.8846,0.0312,0.8973,0.0136,0.9421,0.0154,0.9485,0.0057,0.0055,0.0004,0.0029,0.0006,13907.0,0.0
nfbotv2,nfunswv2,mlp,0.01,calibrate,0.0,0.0,0.1122,0.0479,0.4904,0.0,0.5135,0.0108,0.0,0.0,0.0061,0.0077,13907.0,0.0
nfbotv2,nfunswv2,mlp,0.05,buffer_only,0.9236,0.0037,0.9232,0.0038,0.9613,0.0018,0.9748,0.0026,0.0049,0.0001,0.0005,0.0,69537.0,0.0
nfbotv2,nfunswv2,mlp,0.05,calibrate,0.0,0.0,0.1122,0.0479,0.4904,0.0,0.5135,0.0107,0.0,0.0,0.0049,0.0059,69537.0,0.0
nfbotv2,nfunswv2,mlp,0.1,buffer_only,0.9307,0.0065,0.9315,0.0067,0.9651,0.0033,0.9781,0.0068,0.004,0.0005,0.0008,0.0002,139072.0,0.0
nfbotv2,nfunswv2,mlp,0.1,calibrate,0.0,0.0,0.1122,0.0479,0.4904,0.0,0.5135,0.0106,0.0,0.0,0.0045,0.0053,139072.0,0.0
nfbotv2,nfunswv2,rf,0.0,zero_shot,-0.0638,0.0454,0.0685,0.066,0.1377,0.0163,0.4953,0.0147,0.8798,0.0251,0.5064,0.0442,250000.0,0.0
nfbotv2,nfunswv2,rf,0.0001,augment,0.7949,,0.8513,,0.8968,,0.9054,,0.0104,,0.0137,,250144.0,
nfbotv2,nfunswv2,rf,0.0001,buffer_only,0.868,0.0121,0.8638,0.014,0.9311,0.0053,0.8918,0.0165,0.0106,0.0008,0.0088,0.0015,144.0,0.0
nfbotv2,nfunswv2,rf,0.0001,calibrate,0.0,0.0,0.12,0.0903,0.4904,0.0,0.5127,0.0249,0.0,0.0,0.0317,0.0,144.0,0.0
nfbotv2,nfunswv2,rf,0.001,augment,0.8821,,0.8857,,0.9407,,0.9602,,0.0062,,0.0027,,251392.0,
nfbotv2,nfunswv2,rf,0.001,buffer_only,0.8989,0.0102,0.8996,0.0054,0.9481,0.0063,0.9624,0.0074,0.0072,0.0022,0.003,0.0011,1392.0,0.0
nfbotv2,nfunswv2,rf,0.001,calibrate,0.0,0.0,0.1628,0.029,0.4904,0.0,0.5267,0.0131,0.0,0.0,0.0059,0.007,1392.0,0.0
nfbotv2,nfunswv2,rf,0.01,augment,0.9367,,0.9363,,0.9682,,0.9855,,0.0036,,0.001,,263907.0,
nfbotv2,nfunswv2,rf,0.01,buffer_only,0.9381,0.0042,0.9375,0.0033,0.9688,0.0023,0.9872,0.0003,0.0037,0.0007,0.0008,0.0001,13907.0,0.0
nfbotv2,nfunswv2,rf,0.01,calibrate,0.0,0.0,0.1628,0.029,0.4904,0.0,0.5267,0.0131,0.0,0.0,0.0129,0.0099,13907.0,0.0
nfbotv2,nfunswv2,rf,0.05,buffer_only,0.9467,0.0016,0.943,0.0019,0.9732,0.0008,0.9898,0.0002,0.0029,0.0001,0.0007,0.0001,69537.0,0.0
nfbotv2,nfunswv2,rf,0.05,calibrate,0.0,0.0,0.1628,0.029,0.4904,0.0,0.5267,0.0131,0.0,0.0,0.0122,0.0088,69537.0,0.0
nfbotv2,nfunswv2,rf,0.1,buffer_only,0.9508,0.0018,0.946,0.001,0.9753,0.0009,0.9912,0.0006,0.0026,0.0001,0.0007,0.0001,139072.0,0.0
nfbotv2,nfunswv2,rf,0.1,calibrate,0.0,0.0,0.1628,0.029,0.4904,0.0,0.5267,0.0131,0.0,0.0,0.0109,0.0081,139072.0,0.0
nftonv2,nf2018v2,lgbm,0.0,zero_shot,0.0262,0.0217,0.2264,0.1413,0.5005,0.0144,0.5048,0.0475,0.2319,0.026,0.2112,0.0167,250001.0,0.0
nftonv2,nf2018v2,lgbm,0.0001,augment,0.6311,,0.7312,,0.7914,,0.889,,0.1237,,0.0532,,250218.0,
nftonv2,nf2018v2,lgbm,0.0001,buffer_only,0.9369,0.0292,0.9494,0.0116,0.9684,0.0145,0.9763,0.0045,0.0057,0.0054,0.0113,0.0048,217.0,0.0
nftonv2,nf2018v2,lgbm,0.0001,calibrate,0.0,0.0,0.3523,0.0965,0.4685,0.0,0.5714,0.0709,0.0,0.0,0.0312,0.0033,217.0,0.0
nftonv2,nf2018v2,lgbm,0.001,augment,0.8912,,0.9382,,0.9451,,0.9743,,0.0193,,0.0119,,252103.0,
nftonv2,nf2018v2,lgbm,0.001,buffer_only,0.962,0.0009,0.9636,0.0026,0.9808,0.0005,0.9811,0.0003,0.0012,0.0004,0.0073,0.0002,2102.0,0.0
nftonv2,nf2018v2,lgbm,0.001,calibrate,0.0,0.0,0.3523,0.0965,0.4685,0.0,0.5714,0.0709,0.0,0.0,0.0129,0.0115,2102.0,0.0
nftonv2,nf2018v2,lgbm,0.01,augment,0.9552,,0.9609,,0.9775,,0.9821,,0.0031,,0.0042,,271002.0,
nftonv2,nf2018v2,lgbm,0.01,buffer_only,0.9731,0.0006,0.9686,0.0001,0.9864,0.0003,0.9854,0.0002,0.0003,0.0,0.0049,0.0001,21001.0,0.0
nftonv2,nf2018v2,lgbm,0.01,calibrate,0.0,0.0,0.3523,0.0965,0.4685,0.0,0.5714,0.0709,0.0,0.0,0.0071,0.0062,21001.0,0.0
nftonv2,nf2018v2,lgbm,0.05,buffer_only,0.9762,0.0002,0.9686,0.0001,0.988,0.0001,0.9873,0.0001,0.0002,0.0,0.0028,0.0001,105000.0,0.0
nftonv2,nf2018v2,lgbm,0.05,calibrate,0.0,0.0,0.3523,0.0965,0.4685,0.0,0.5714,0.0709,0.0,0.0,0.0084,0.0082,105000.0,0.0
nftonv2,nf2018v2,lgbm,0.1,buffer_only,0.9765,0.0006,0.9684,0.0002,0.9881,0.0003,0.9874,0.0003,0.0002,0.0001,0.0017,0.0001,210000.0,0.0
nftonv2,nf2018v2,lgbm,0.1,calibrate,0.0,0.0,0.3523,0.0965,0.4685,0.0,0.5714,0.0709,0.0,0.0,0.0072,0.0067,210000.0,0.0
nftonv2,nf2018v2,mlp,0.0,zero_shot,-0.0152,0.0226,0.3033,0.0843,0.4586,0.0183,0.5261,0.0197,0.3424,0.0372,0.3068,0.0324,250001.0,0.0
nftonv2,nf2018v2,mlp,0.0001,augment,0.3612,,0.748,,0.574,,0.8639,,0.3865,,0.2636,,250218.0,
nftonv2,nf2018v2,mlp,0.0001,buffer_only,0.9114,0.0159,0.9186,0.0108,0.9552,0.0084,0.9643,0.005,0.0056,0.0007,0.0112,0.0008,217.0,0.0
nftonv2,nf2018v2,mlp,0.0001,calibrate,0.0,0.0,0.3117,0.0709,0.4685,0.0,0.5396,0.0138,0.0,0.0,0.0293,0.0001,217.0,0.0
nftonv2,nf2018v2,mlp,0.001,augment,0.6517,,0.8764,,0.8047,,0.9504,,0.1129,,0.0469,,252103.0,
nftonv2,nf2018v2,mlp,0.001,buffer_only,0.9345,0.0134,0.9374,0.0078,0.967,0.0066,0.9731,0.0051,0.0039,0.0025,0.0079,0.0056,2102.0,0.0
nftonv2,nf2018v2,mlp,0.001,calibrate,0.0,0.0,0.2784,0.0104,0.4685,0.0,0.5308,0.001,0.0,0.0,0.0081,0.0122,2102.0,0.0
nftonv2,nf2018v2,mlp,0.01,augment,0.7649,,0.883,,0.8748,,0.9676,,0.0611,,0.0201,,271002.0,
nftonv2,nf2018v2,mlp,0.01,buffer_only,0.9609,0.0031,0.96,0.0019,0.9802,0.0016,0.981,0.0004,0.0011,0.0002,0.003,0.0006,21001.0,0.0
nftonv2,nf2018v2,mlp,0.01,calibrate,0.0,0.0,0.2783,0.0104,0.4685,0.0,0.5307,0.001,0.0,0.0,0.01,0.0174,21001.0,0.0
nftonv2,nf2018v2,mlp,0.05,buffer_only,0.9699,0.0006,0.9674,0.0004,0.9848,0.0003,0.9845,0.0002,0.0004,0.0001,0.0016,0.0006,105000.0,0.0
nftonv2,nf2018v2,mlp,0.05,calibrate,0.0,0.0,0.2717,0.0023,0.4685,0.0,0.5311,0.0009,0.0,0.0,0.0099,0.0171,105000.0,0.0
nftonv2,nf2018v2,mlp,0.1,buffer_only,0.9714,0.0015,0.9679,0.0002,0.9855,0.0008,0.985,0.0005,0.0003,0.0001,0.0016,0.0007,210000.0,0.0
nftonv2,nf2018v2,mlp,0.1,calibrate,0.0,0.0,0.2783,0.0104,0.4685,0.0,0.5307,0.001,0.0,0.0,0.0098,0.0169,210000.0,0.0
nftonv2,nf2018v2,rf,0.0,zero_shot,0.1282,0.0182,0.2472,0.0779,0.5636,0.0095,0.5528,0.0207,0.118,0.0105,0.1181,0.015,250001.0,0.0
nftonv2,nf2018v2,rf,0.0001,augment,0.8006,,0.8546,,0.8955,,0.9475,,0.0478,,0.0479,,250218.0,
nftonv2,nf2018v2,rf,0.0001,buffer_only,0.9437,0.007,0.9422,0.0059,0.9716,0.0035,0.9755,0.0027,0.0027,0.0012,0.0196,0.0039,217.0,0.0
nftonv2,nf2018v2,rf,0.0001,calibrate,0.0,0.0,0.2472,0.0779,0.4685,0.0,0.5528,0.0207,0.0,0.0,0.0737,0.0219,217.0,0.0
nftonv2,nf2018v2,rf,0.001,augment,0.9413,,0.9464,,0.9707,,0.9753,,0.0062,,0.0161,,252103.0,
nftonv2,nf2018v2,rf,0.001,buffer_only,0.9618,0.0004,0.9631,0.0022,0.9807,0.0002,0.9807,0.001,0.0011,0.0003,0.0073,0.0008,2102.0,0.0
nftonv2,nf2018v2,rf,0.001,calibrate,0.0,0.0,0.2472,0.0779,0.4685,0.0,0.5528,0.0207,0.0,0.0,0.0703,0.0205,2102.0,0.0
nftonv2,nf2018v2,rf,0.01,augment,0.9602,,0.9613,,0.98,,0.9813,,0.002,,0.0063,,271002.0,
nftonv2,nf2018v2,rf,0.01,buffer_only,0.9728,0.0002,0.9687,0.0001,0.9862,0.0001,0.9834,0.0006,0.0003,0.0001,0.0056,0.0003,21001.0,0.0
nftonv2,nf2018v2,rf,0.01,calibrate,0.0,0.0,0.2472,0.0779,0.4685,0.0,0.5528,0.0207,0.0,0.0,0.0676,0.0369,21001.0,0.0
nftonv2,nf2018v2,rf,0.05,buffer_only,0.9763,0.0004,0.9688,0.0001,0.988,0.0002,0.9845,0.0006,0.0001,0.0,0.0053,0.0004,105000.0,0.0
nftonv2,nf2018v2,rf,0.05,calibrate,0.0,0.0,0.2472,0.0779,0.4685,0.0,0.5528,0.0207,0.0,0.0,0.0626,0.0424,105000.0,0.0
nftonv2,nf2018v2,rf,0.1,buffer_only,0.9769,0.0002,0.9694,0.0001,0.9883,0.0001,0.9848,0.0003,0.0001,0.0,0.0052,0.0001,210000.0,0.0
nftonv2,nf2018v2,rf,0.1,calibrate,0.0,0.0,0.2472,0.0779,0.4685,0.0,0.5528,0.0207,0.0,0.0,0.0615,0.0408,210000.0,0.0
nftonv2,nfbotv2,lgbm,0.0,zero_shot,-0.0111,0.0094,0.1216,0.134,0.0207,0.0139,0.5225,0.0328,0.0334,0.0066,0.9497,0.0274,250001.0,0.0
nftonv2,nfbotv2,lgbm,0.0001,augment,0.6131,,0.6367,,0.797,,0.8492,,0.2098,,0.0042,,250212.0,
nftonv2,nfbotv2,lgbm,0.0001,buffer_only,0.4687,0.0599,0.4723,0.0547,0.7164,0.033,0.6955,0.0952,0.5288,0.2122,0.0048,0.0016,211.0,0.0
nftonv2,nfbotv2,lgbm,0.0001,calibrate,0.0,0.0,0.1216,0.134,0.4989,0.0,0.5225,0.0328,1.0,0.0,0.0006,0.0,211.0,0.0
nftonv2,nfbotv2,lgbm,0.001,augment,0.8074,,0.7946,,0.902,,0.8991,,0.2634,,0.001,,252102.0,
nftonv2,nfbotv2,lgbm,0.001,buffer_only,0.7945,0.0185,0.6746,0.0179,0.8917,0.0098,0.8821,0.0015,0.3266,0.023,0.0015,0.0,2101.0,0.0
nftonv2,nfbotv2,lgbm,0.001,calibrate,0.0,0.0,0.1216,0.134,0.4989,0.0,0.5225,0.0328,1.0,0.0,0.0002,0.0,2101.0,0.0
nftonv2,nfbotv2,lgbm,0.01,augment,0.9006,,0.8043,,0.9502,,0.9503,,0.118,,0.0003,,271001.0,
nftonv2,nfbotv2,lgbm,0.01,buffer_only,0.6261,0.2468,0.6128,0.2395,0.8109,0.126,0.7469,0.198,0.4219,0.267,0.0028,0.0017,21000.0,0.0
nftonv2,nfbotv2,lgbm,0.01,calibrate,0.0,0.0,0.1216,0.134,0.4989,0.0,0.5225,0.0328,1.0,0.0,0.0001,0.0,21000.0,0.0
nftonv2,nfbotv2,lgbm,0.05,buffer_only,0.4172,0.2527,0.4009,0.2802,0.6979,0.1427,0.6099,0.0912,0.6003,0.3251,0.0039,0.0003,105000.0,0.0
nftonv2,nfbotv2,lgbm,0.05,calibrate,0.0,0.0,0.1216,0.134,0.4989,0.0,0.5225,0.0328,1.0,0.0,0.0001,0.0,105000.0,0.0
nftonv2,nfbotv2,lgbm,0.1,buffer_only,0.4537,0.2243,0.4461,0.2318,0.7237,0.1108,0.6215,0.1165,0.5872,0.1742,0.0044,0.0022,210001.0,0.0
nftonv2,nfbotv2,lgbm,0.1,calibrate,0.0,0.0,0.1216,0.134,0.4989,0.0,0.5225,0.0328,1.0,0.0,0.0001,0.0,210001.0,0.0
nftonv2,nfbotv2,mlp,0.0,zero_shot,-0.1053,0.0205,0.0869,0.0306,0.0587,0.0252,0.5125,0.0059,0.4402,0.0984,0.9109,0.042,250001.0,0.0
nftonv2,nfbotv2,mlp,0.0001,augment,0.1352,,0.25,,0.5323,,0.57,,0.553,,0.0229,,250212.0,
nftonv2,nfbotv2,mlp,0.0001,buffer_only,0.22,0.2088,0.3749,0.1442,0.5667,0.0991,0.6597,0.1046,0.9178,0.1239,0.0031,0.0006,211.0,0.0
nftonv2,nfbotv2,mlp,0.0001,calibrate,0.0,0.0,0.1413,0.0907,0.4989,0.0,0.5227,0.0372,1.0,0.0,0.0006,0.0,211.0,0.0
nftonv2,nfbotv2,mlp,0.001,augment,0.2697,,0.3871,,0.6253,,0.655,,0.5995,,0.0037,,252102.0,
nftonv2,nfbotv2,mlp,0.001,buffer_only,0.6671,0.0182,0.5412,0.023,0.8154,0.0117,0.7981,0.0136,0.5221,0.0275,0.0012,0.0003,2101.0,0.0
nftonv2,nfbotv2,mlp,0.001,calibrate,0.0,0.0,0.2623,0.1707,0.4989,0.0,0.5768,0.0711,1.0,0.0,0.0,0.0,2101.0,0.0
nftonv2,nfbotv2,mlp,0.01,augment,0.7874,,0.7275,,0.8932,,0.8995,,0.2503,,0.0004,,271001.0,
nftonv2,nfbotv2,mlp,0.01,buffer_only,0.7318,0.0289,0.611,0.0634,0.8571,0.0189,0.8469,0.04,0.4084,0.0576,0.0051,0.0037,21000.0,0.0
nftonv2,nfbotv2,mlp,0.01,calibrate,0.0,0.0,0.2623,0.1707,0.4989,0.0,0.5768,0.0711,1.0,0.0,0.0006,0.0008,21000.0,0.0
nftonv2,nfbotv2,mlp,0.05,buffer_only,0.7996,0.0235,0.7182,0.0827,0.8958,0.0144,0.9131,0.031,0.3008,0.0531,0.0013,0.0001,105000.0,0.0
nftonv2,nfbotv2,mlp,0.05,calibrate,0.0,0.0,0.2623,0.1707,0.4989,0.0,0.5768,0.0711,1.0,0.0,0.0008,0.0004,105000.0,0.0
nftonv2,nfbotv2,mlp,0.1,buffer_only,0.9293,0.0029,0.8176,0.0061,0.9645,0.0016,0.97,0.0076,0.0564,0.0138,0.0006,0.0001,210001.0,0.0
nftonv2,nfbotv2,mlp,0.1,calibrate,0.0,0.0,0.2623,0.1707,0.4989,0.0,0.5768,0.0711,1.0,0.0,0.0005,0.0005,210001.0,0.0
nftonv2,nfbotv2,rf,0.0,zero_shot,-0.0003,0.0043,0.1294,0.0222,0.0322,0.0048,0.511,0.0047,0.029,0.0066,0.7111,0.0265,250001.0,0.0
nftonv2,nfbotv2,rf,0.0001,augment,0.747,,0.6925,,0.8625,,0.741,,0.0453,,0.0157,,250212.0,
nftonv2,nfbotv2,rf,0.0001,buffer_only,0.2597,0.1659,0.5187,0.1355,0.5784,0.0835,0.7474,0.0186,0.9062,0.1054,0.0032,0.0008,211.0,0.0
nftonv2,nfbotv2,rf,0.0001,calibrate,0.0,0.0,0.1011,0.0409,0.4989,0.0,0.5085,0.0039,1.0,0.0,0.0006,0.0,211.0,0.0
nftonv2,nfbotv2,rf,0.001,augment,0.774,,0.7917,,0.8869,,0.878,,0.205,,0.0023,,252102.0,
nftonv2,nfbotv2,rf,0.001,buffer_only,0.7922,0.0581,0.7516,0.0367,0.8916,0.0329,0.9346,0.0078,0.3103,0.0951,0.0008,0.0004,2101.0,0.0
nftonv2,nfbotv2,rf,0.001,calibrate,0.0,0.0,0.1294,0.0222,0.4989,0.0,0.511,0.0047,1.0,0.0,0.0001,0.0,2101.0,0.0
nftonv2,nfbotv2,rf,0.01,augment,0.9072,,0.825,,0.9533,,0.9783,,0.0632,,0.0006,,271001.0,
nftonv2,nfbotv2,rf,0.01,buffer_only,0.9108,0.0178,0.8376,0.006,0.9551,0.0094,0.9794,0.0019,0.1176,0.0401,0.0003,0.0,21000.0,0.0
nftonv2,nfbotv2,rf,0.01,calibrate,0.0,0.0,0.1294,0.0222,0.4989,0.0,0.511,0.0047,1.0,0.0,0.0001,0.0,21000.0,0.0
nftonv2,nfbotv2,rf,0.05,buffer_only,0.9612,0.004,0.846,0.011,0.9806,0.0019,0.9907,0.0023,0.0282,0.0115,0.0002,0.0,105000.0,0.0
nftonv2,nfbotv2,rf,0.05,calibrate,0.0,0.0,0.1294,0.0222,0.4989,0.0,0.511,0.0047,1.0,0.0,0.0001,0.0,105000.0,0.0
nftonv2,nfbotv2,rf,0.1,buffer_only,0.9703,0.0033,0.8592,0.0046,0.9851,0.0017,0.9949,0.0014,0.0183,0.0055,0.0001,0.0,210001.0,0.0
nftonv2,nfbotv2,rf,0.1,calibrate,0.0,0.0,0.1294,0.0222,0.4989,0.0,0.511,0.0047,1.0,0.0,0.0001,0.0,210001.0,0.0
nftonv2,nfunswv2,lgbm,0.0,zero_shot,-0.0339,0.03,0.0478,0.0141,0.393,0.0203,0.4934,0.0092,0.4086,0.0365,0.2614,0.0061,250001.0,0.0
nftonv2,nfunswv2,lgbm,0.0001,augment,0.5252,,0.5909,,0.7626,,0.7685,,0.0173,,0.0105,,250145.0,
nftonv2,nfunswv2,lgbm,0.0001,buffer_only,0.7578,0.0291,0.7949,0.0561,0.8787,0.0142,0.8652,0.007,0.0099,0.0007,0.0159,0.0026,144.0,0.0
nftonv2,nfunswv2,lgbm,0.0001,calibrate,0.0,0.0,0.1093,0.0921,0.4904,0.0,0.5216,0.0246,0.0,0.0,0.0311,0.0004,144.0,0.0
nftonv2,nfunswv2,lgbm,0.001,augment,0.8546,,0.8776,,0.9273,,0.9264,,0.0054,,0.0016,,251393.0,
nftonv2,nfunswv2,lgbm,0.001,buffer_only,0.8825,0.0043,0.8956,0.0089,0.9405,0.0026,0.9449,0.0121,0.0066,0.0022,0.0081,0.0007,1392.0,0.0
nftonv2,nfunswv2,lgbm,0.001,calibrate,0.0,0.0,0.1093,0.0921,0.4904,0.0,0.5216,0.0246,0.0,0.0,0.0024,0.002,1392.0,0.0
nftonv2,nfunswv2,lgbm,0.01,augment,0.9281,,0.9295,,0.964,,0.9836,,0.0033,,0.0008,,263908.0,
nftonv2,nfunswv2,lgbm,0.01,buffer_only,0.9383,0.0021,0.9388,0.0026,0.969,0.0011,0.9853,0.0001,0.0034,0.0005,0.004,0.0002,13907.0,0.0
nftonv2,nfunswv2,lgbm,0.01,calibrate,0.0,0.0,0.1093,0.0921,0.4904,0.0,0.5216,0.0246,0.0,0.0,0.0011,0.0016,13907.0,0.0
nftonv2,nfunswv2,lgbm,0.05,buffer_only,0.9453,0.0015,0.943,0.0013,0.9726,0.0007,0.988,0.001,0.0028,0.0002,0.0028,0.0001,69537.0,0.0
nftonv2,nfunswv2,lgbm,0.05,calibrate,0.0,0.0,0.1093,0.0921,0.4904,0.0,0.5216,0.0246,0.0,0.0,0.0011,0.0015,69537.0,0.0
nftonv2,nfunswv2,lgbm,0.1,buffer_only,0.9485,0.0004,0.9452,0.0014,0.9742,0.0002,0.9915,0.0004,0.0026,0.0002,0.0019,0.0001,139072.0,0.0
nftonv2,nfunswv2,lgbm,0.1,calibrate,0.0,0.0,0.1093,0.0921,0.4904,0.0,0.5216,0.0246,0.0,0.0,0.001,0.0014,139072.0,0.0
nftonv2,nfunswv2,mlp,0.0,zero_shot,-0.0463,0.007,0.0823,0.0278,0.3743,0.0247,0.5013,0.0041,0.4481,0.071,0.4106,0.0796,250001.0,0.0
nftonv2,nfunswv2,mlp,0.0001,augment,0.4665,,0.5541,,0.7276,,0.6947,,0.0352,,0.0221,,250145.0,
nftonv2,nfunswv2,mlp,0.0001,buffer_only,0.6914,0.0231,0.7881,0.0191,0.8446,0.012,0.8353,0.0182,0.0082,0.0002,0.0169,0.0017,144.0,0.0
nftonv2,nfunswv2,mlp,0.0001,calibrate,0.0,0.0,0.0822,0.0215,0.4904,0.0,0.5038,0.002,0.0,0.0,0.0312,0.0011,144.0,0.0
nftonv2,nfunswv2,mlp,0.001,augment,0.769,,0.7599,,0.8845,,0.8481,,0.0086,,0.0083,,251393.0,
nftonv2,nfunswv2,mlp,0.001,buffer_only,0.8349,0.0361,0.8689,0.0106,0.9173,0.0182,0.9046,0.0125,0.0066,0.0027,0.0079,0.0025,1392.0,0.0
nftonv2,nfunswv2,mlp,0.001,calibrate,0.0,0.0,0.0822,0.0215,0.4904,0.0,0.5038,0.002,0.0,0.0,0.0026,0.0019,1392.0,0.0
nftonv2,nfunswv2,mlp,0.01,augment,0.8876,,0.8896,,0.9438,,0.9346,,0.0046,,0.0026,,263908.0,
nftonv2,nfunswv2,mlp,0.01,buffer_only,0.8846,0.0312,0.8973,0.0136,0.9421,0.0154,0.9485,0.0057,0.0055,0.0004,0.0029,0.0006,13907.0,0.0
nftonv2,nfunswv2,mlp,0.01,calibrate,0.0,0.0,0.0608,0.0162,0.4904,0.0,0.5007,0.0036,0.0,0.0,0.0011,0.0014,13907.0,0.0
nftonv2,nfunswv2,mlp,0.05,buffer_only,0.9236,0.0037,0.9232,0.0038,0.9613,0.0018,0.9748,0.0026,0.0049,0.0001,0.0005,0.0,69537.0,0.0
nftonv2,nfunswv2,mlp,0.05,calibrate,0.0,0.0,0.0608,0.0162,0.4904,0.0,0.5008,0.0036,0.0,0.0,0.001,0.0011,69537.0,0.0
nftonv2,nfunswv2,mlp,0.1,buffer_only,0.9307,0.0065,0.9315,0.0067,0.9651,0.0033,0.9781,0.0068,0.004,0.0005,0.0008,0.0002,139072.0,0.0
nftonv2,nfunswv2,mlp,0.1,calibrate,0.0,0.0,0.0608,0.0162,0.4904,0.0,0.5008,0.0036,0.0,0.0,0.0011,0.0007,139072.0,0.0
nftonv2,nfunswv2,rf,0.0,zero_shot,0.0426,0.0085,0.0949,0.0075,0.5143,0.0033,0.4944,0.0045,0.085,0.0024,0.1714,0.002,250001.0,0.0
nftonv2,nfunswv2,rf,0.0001,augment,0.6892,,0.7464,,0.8393,,0.8851,,0.0049,,0.027,,250145.0,
nftonv2,nfunswv2,rf,0.0001,buffer_only,0.868,0.0121,0.8638,0.014,0.9311,0.0053,0.8918,0.0165,0.0106,0.0008,0.0088,0.0015,144.0,0.0
nftonv2,nfunswv2,rf,0.0001,calibrate,0.0,0.0,0.1542,0.1082,0.4904,0.0,0.5154,0.0324,0.0,0.0,0.0329,0.0021,144.0,0.0
nftonv2,nfunswv2,rf,0.001,augment,0.8853,,0.9073,,0.9426,,0.9563,,0.0041,,0.0062,,251393.0,
nftonv2,nfunswv2,rf,0.001,buffer_only,0.8989,0.0102,0.8996,0.0054,0.9481,0.0063,0.9624,0.0074,0.0072,0.0022,0.003,0.0011,1392.0,0.0
nftonv2,nfunswv2,rf,0.001,calibrate,0.0,0.0,0.1937,0.0763,0.4904,0.0,0.538,0.0146,0.0,0.0,0.0028,0.0018,1392.0,0.0
nftonv2,nfunswv2,rf,0.01,augment,0.9378,,0.9365,,0.9688,,0.9861,,0.0033,,0.0015,,263908.0,
nftonv2,nfunswv2,rf,0.01,buffer_only,0.9381,0.0042,0.9375,0.0033,0.9688,0.0023,0.9872,0.0003,0.0037,0.0007,0.0008,0.0001,13907.0,0.0
nftonv2,nfunswv2,rf,0.01,calibrate,0.0,0.0,0.1937,0.0763,0.4904,0.0,0.538,0.0146,0.0,0.0,0.0053,0.0048,13907.0,0.0
nftonv2,nfunswv2,rf,0.05,buffer_only,0.9467,0.0016,0.943,0.0019,0.9732,0.0008,0.9898,0.0002,0.0029,0.0001,0.0007,0.0001,69537.0,0.0
nftonv2,nfunswv2,rf,0.05,calibrate,0.0,0.0,0.1937,0.0763,0.4904,0.0,0.538,0.0146,0.0,0.0,0.0053,0.0053,69537.0,0.0
nftonv2,nfunswv2,rf,0.1,buffer_only,0.9508,0.0018,0.946,0.001,0.9753,0.0009,0.9912,0.0006,0.0026,0.0001,0.0007,0.0001,139072.0,0.0
nftonv2,nfunswv2,rf,0.1,calibrate,0.0,0.0,0.1937,0.0763,0.4904,0.0,0.538,0.0146,0.0,0.0,0.0043,0.006,139072.0,0.0
nfunswv2,nf2018v2,lgbm,0.0,zero_shot,-0.0935,0.0197,0.1138,0.0955,0.4527,0.0092,0.4535,0.0502,0.1074,0.0163,0.154,0.0274,250002.0,0.0
nfunswv2,nf2018v2,lgbm,0.0001,augment,0.9443,,0.9521,,0.972,,0.9736,,0.0041,,0.0067,,250219.0,
nfunswv2,nf2018v2,lgbm,0.0001,buffer_only,0.9369,0.0292,0.9494,0.0116,0.9684,0.0145,0.9763,0.0045,0.0057,0.0054,0.0113,0.0048,217.0,0.0
nfunswv2,nf2018v2,lgbm,0.0001,calibrate,0.0,0.0,0.4681,0.1933,0.4685,0.0,0.6178,0.1006,0.0,0.0,0.0393,0.0086,217.0,0.0
nfunswv2,nf2018v2,lgbm,0.001,augment,0.9657,,0.9658,,0.9827,,0.9821,,0.0012,,0.005,,252104.0,
nfunswv2,nf2018v2,lgbm,0.001,buffer_only,0.962,0.0009,0.9636,0.0026,0.9808,0.0005,0.9811,0.0003,0.0012,0.0004,0.0073,0.0002,2102.0,0.0
nfunswv2,nf2018v2,lgbm,0.001,calibrate,0.0,0.0,0.4681,0.1933,0.4685,0.0,0.6178,0.1006,0.0,0.0,0.0594,0.0181,2102.0,0.0
nfunswv2,nf2018v2,lgbm,0.01,augment,0.9729,,0.968,,0.9863,,0.985,,0.0005,,0.0034,,271003.0,
nfunswv2,nf2018v2,lgbm,0.01,buffer_only,0.9731,0.0006,0.9686,0.0001,0.9864,0.0003,0.9854,0.0002,0.0003,0.0,0.0049,0.0001,21001.0,0.0
nfunswv2,nf2018v2,lgbm,0.01,calibrate,0.0,0.0,0.4681,0.1933,0.4685,0.0,0.6178,0.1006,0.0,0.0,0.0481,0.0273,21001.0,0.0
nfunswv2,nf2018v2,lgbm,0.05,buffer_only,0.9762,0.0002,0.9686,0.0001,0.988,0.0001,0.9873,0.0001,0.0002,0.0,0.0028,0.0001,105000.0,0.0
nfunswv2,nf2018v2,lgbm,0.05,calibrate,0.0,0.0,0.4681,0.1933,0.4685,0.0,0.6178,0.1006,0.0,0.0,0.0472,0.0273,105000.0,0.0
nfunswv2,nf2018v2,lgbm,0.1,buffer_only,0.9765,0.0006,0.9684,0.0002,0.9881,0.0003,0.9874,0.0003,0.0002,0.0001,0.0017,0.0001,210000.0,0.0
nfunswv2,nf2018v2,lgbm,0.1,calibrate,0.0,0.0,0.4681,0.1933,0.4685,0.0,0.6178,0.1006,0.0,0.0,0.0476,0.028,210000.0,0.0
nfunswv2,nf2018v2,mlp,0.0,zero_shot,-0.1473,0.048,0.1297,0.0097,0.4241,0.0258,0.4569,0.0018,0.1883,0.0655,0.2522,0.0588,250002.0,0.0
nfunswv2,nf2018v2,mlp,0.0001,augment,0.7447,,0.7927,,0.8703,,0.9186,,0.0461,,0.0231,,250219.0,
nfunswv2,nf2018v2,mlp,0.0001,buffer_only,0.9114,0.0159,0.9186,0.0108,0.9552,0.0084,0.9643,0.005,0.0056,0.0007,0.0112,0.0008,217.0,0.0
nfunswv2,nf2018v2,mlp,0.0001,calibrate,0.0,0.0,0.28,0.0023,0.4685,0.0,0.5676,0.0034,0.0,0.0,0.0437,0.0265,217.0,0.0
nfunswv2,nf2018v2,mlp,0.001,augment,0.9177,,0.9162,,0.9583,,0.9577,,0.004,,0.0128,,252104.0,
nfunswv2,nf2018v2,mlp,0.001,buffer_only,0.9345,0.0134,0.9374,0.0078,0.967,0.0066,0.9731,0.0051,0.0039,0.0025,0.0079,0.0056,2102.0,0.0
nfunswv2,nf2018v2,mlp,0.001,calibrate,0.0,0.0,0.28,0.0023,0.4685,0.0,0.5675,0.0034,0.0,0.0,0.0378,0.0066,2102.0,0.0
nfunswv2,nf2018v2,mlp,0.01,augment,0.9632,,0.9617,,0.9814,,0.9819,,0.0014,,0.0033,,271003.0,
nfunswv2,nf2018v2,mlp,0.01,buffer_only,0.9609,0.0031,0.96,0.0019,0.9802,0.0016,0.981,0.0004,0.0011,0.0002,0.003,0.0006,21001.0,0.0
nfunswv2,nf2018v2,mlp,0.01,calibrate,0.0,0.0,0.28,0.0023,0.4685,0.0,0.5675,0.0033,0.0,0.0,0.028,0.0195,21001.0,0.0
nfunswv2,nf2018v2,mlp,0.05,buffer_only,0.9699,0.0006,0.9674,0.0004,0.9848,0.0003,0.9845,0.0002,0.0004,0.0001,0.0016,0.0006,105000.0,0.0
nfunswv2,nf2018v2,mlp,0.05,calibrate,0.0,0.0,0.28,0.0023,0.4685,0.0,0.5676,0.0034,0.0,0.0,0.0274,0.02,105000.0,0.0
nfunswv2,nf2018v2,mlp,0.1,buffer_only,0.9714,0.0015,0.9679,0.0002,0.9855,0.0008,0.985,0.0005,0.0003,0.0001,0.0016,0.0007,210000.0,0.0
nfunswv2,nf2018v2,mlp,0.1,calibrate,0.0,0.0,0.28,0.0023,0.4685,0.0,0.5675,0.0033,0.0,0.0,0.0275,0.0199,210000.0,0.0
nfunswv2,nf2018v2,rf,0.0,zero_shot,-0.235,0.0239,0.2512,0.0068,0.3557,0.0196,0.5091,0.0017,0.4197,0.059,0.2242,0.0483,250002.0,0.0
nfunswv2,nf2018v2,rf,0.0001,augment,0.956,,0.9551,,0.9778,,0.975,,0.0013,,0.0396,,250219.0,
nfunswv2,nf2018v2,rf,0.0001,buffer_only,0.9437,0.007,0.9422,0.0059,0.9716,0.0035,0.9755,0.0027,0.0027,0.0012,0.0196,0.0039,217.0,0.0
nfunswv2,nf2018v2,rf,0.0001,calibrate,0.0,0.0,0.2512,0.0068,0.4685,0.0,0.5091,0.0017,0.0,0.0,0.0503,0.0369,217.0,0.0
nfunswv2,nf2018v2,rf,0.001,augment,0.9651,,0.9643,,0.9824,,0.9811,,0.0012,,0.0086,,252104.0,
nfunswv2,nf2018v2,rf,0.001,buffer_only,0.9618,0.0004,0.9631,0.0022,0.9807,0.0002,0.9807,0.001,0.0011,0.0003,0.0073,0.0008,2102.0,0.0
nfunswv2,nf2018v2,rf,0.001,calibrate,0.0,0.0,0.2512,0.0068,0.4685,0.0,0.5091,0.0017,0.0,0.0,0.0457,0.0774,2102.0,0.0
nfunswv2,nf2018v2,rf,0.01,augment,0.9722,,0.9688,,0.986,,0.9835,,0.0005,,0.0057,,271003.0,
nfunswv2,nf2018v2,rf,0.01,buffer_only,0.9728,0.0002,0.9687,0.0001,0.9862,0.0001,0.9834,0.0006,0.0003,0.0001,0.0056,0.0003,21001.0,0.0
nfunswv2,nf2018v2,rf,0.01,calibrate,0.0,0.0,0.2613,0.0168,0.4685,0.0,0.5135,0.0081,0.0,0.0,0.0476,0.0825,21001.0,0.0
nfunswv2,nf2018v2,rf,0.05,buffer_only,0.9763,0.0004,0.9688,0.0001,0.988,0.0002,0.9845,0.0006,0.0001,0.0,0.0053,0.0004,105000.0,0.0
nfunswv2,nf2018v2,rf,0.05,calibrate,0.0,0.0,0.2613,0.0168,0.4685,0.0,0.5135,0.0081,0.0,0.0,0.0487,0.0843,105000.0,0.0
nfunswv2,nf2018v2,rf,0.1,buffer_only,0.9769,0.0002,0.9694,0.0001,0.9883,0.0001,0.9848,0.0003,0.0001,0.0,0.0052,0.0001,210000.0,0.0
nfunswv2,nf2018v2,rf,0.1,calibrate,0.0,0.0,0.2613,0.0168,0.4685,0.0,0.5135,0.0081,0.0,0.0,0.0487,0.0842,210000.0,0.0
nfunswv2,nfbotv2,lgbm,0.0,zero_shot,-0.0086,0.0103,0.251,0.1258,0.1828,0.1363,0.5425,0.0429,0.2706,0.1787,0.6036,0.2624,250002.0,0.0
nfunswv2,nfbotv2,lgbm,0.0001,augment,0.2905,,0.5435,,0.6369,,0.608,,0.5864,,0.0067,,250213.0,
nfunswv2,nfbotv2,lgbm,0.0001,buffer_only,0.4687,0.0599,0.4723,0.0547,0.7164,0.033,0.6955,0.0952,0.5288,0.2122,0.0048,0.0016,211.0,0.0
nfunswv2,nfbotv2,lgbm,0.0001,calibrate,0.0,0.0,0.2037,0.1704,0.4989,0.0,0.5365,0.0483,1.0,0.0,0.0006,0.0,211.0,0.0
nfunswv2,nfbotv2,lgbm,0.001,augment,0.5821,,0.7298,,0.786,,0.8593,,0.5161,,0.0017,,252103.0,
nfunswv2,nfbotv2,lgbm,0.001,buffer_only,0.7945,0.0185,0.6746,0.0179,0.8917,0.0098,0.8821,0.0015,0.3266,0.023,0.0015,0.0,2101.0,0.0
nfunswv2,nfbotv2,lgbm,0.001,calibrate,0.0,0.0,0.2037,0.1704,0.4989,0.0,0.5365,0.0483,1.0,0.0,0.0001,0.0001,2101.0,0.0
nfunswv2,nfbotv2,lgbm,0.01,augment,0.8697,,0.817,,0.9344,,0.9769,,0.1669,,0.0006,,271002.0,
nfunswv2,nfbotv2,lgbm,0.01,buffer_only,0.6535,0.1964,0.6398,0.1883,0.8235,0.1012,0.7571,0.1807,0.3854,0.2199,0.0027,0.0016,21000.0,0.0
nfunswv2,nfbotv2,lgbm,0.01,calibrate,0.0,0.0,0.251,0.1258,0.4989,0.0,0.5425,0.0429,1.0,0.0,0.0001,0.0,21000.0,0.0
nfunswv2,nfbotv2,lgbm,0.05,buffer_only,0.3148,0.3446,0.3119,0.3398,0.6512,0.1713,0.5899,0.1275,0.7501,0.3006,0.0047,0.0025,105000.0,0.0
nfunswv2,nfbotv2,lgbm,0.05,calibrate,0.0,0.0,0.251,0.1258,0.4989,0.0,0.5425,0.0429,1.0,0.0,0.0001,0.0,105000.0,0.0
nfunswv2,nfbotv2,lgbm,0.1,buffer_only,0.4446,0.1068,0.4452,0.1096,0.7217,0.0536,0.6048,0.0487,0.5431,0.1271,0.0047,0.0008,210001.0,0.0
nfunswv2,nfbotv2,lgbm,0.1,calibrate,0.0,0.0,0.251,0.1258,0.4989,0.0,0.5425,0.0429,1.0,0.0,0.0001,0.0,210001.0,0.0
nfunswv2,nfbotv2,mlp,0.0,zero_shot,-0.0263,0.0257,0.3814,0.1223,0.0107,0.0018,0.4978,0.0007,0.0425,0.0406,0.9868,0.0027,250002.0,0.0
nfunswv2,nfbotv2,mlp,0.0001,augment,0.1835,,0.4507,,0.5277,,0.731,,0.2145,,0.0388,,250213.0,
nfunswv2,nfbotv2,mlp,0.0001,buffer_only,0.22,0.2088,0.3749,0.1442,0.5667,0.0991,0.6597,0.1046,0.9178,0.1239,0.0031,0.0006,211.0,0.0
nfunswv2,nfbotv2,mlp,0.0001,calibrate,0.0,0.0,0.0466,0.0808,0.4989,0.0,0.5101,0.0214,1.0,0.0,0.0006,0.0,211.0,0.0
nfunswv2,nfbotv2,mlp,0.001,augment,0.4061,,0.4434,,0.6829,,0.7212,,0.3528,,0.0042,,252103.0,
nfunswv2,nfbotv2,mlp,0.001,buffer_only,0.6671,0.0182,0.5412,0.023,0.8154,0.0117,0.7981,0.0136,0.5221,0.0275,0.0012,0.0003,2101.0,0.0
nfunswv2,nfbotv2,mlp,0.001,calibrate,0.0,0.0,0.0466,0.0808,0.4989,0.0,0.5101,0.0216,1.0,0.0,0.0001,0.0001,2101.0,0.0
nfunswv2,nfbotv2,mlp,0.01,augment,0.7402,,0.6686,,0.8685,,0.8757,,0.3254,,0.0006,,271002.0,
nfunswv2,nfbotv2,mlp,0.01,buffer_only,0.7318,0.0289,0.611,0.0634,0.8571,0.0189,0.8469,0.04,0.4084,0.0576,0.0051,0.0037,21000.0,0.0
nfunswv2,nfbotv2,mlp,0.01,calibrate,0.0,0.0,0.0741,0.0703,0.4989,0.0,0.5128,0.0196,1.0,0.0,0.0001,0.0001,21000.0,0.0
nfunswv2,nfbotv2,mlp,0.05,buffer_only,0.7996,0.0235,0.7182,0.0827,0.8958,0.0144,0.9131,0.031,0.3008,0.0531,0.0013,0.0001,105000.0,0.0
nfunswv2,nfbotv2,mlp,0.05,calibrate,0.0,0.0,0.1053,0.0305,0.4989,0.0,0.5165,0.016,1.0,0.0,0.0002,0.0003,105000.0,0.0
nfunswv2,nfbotv2,mlp,0.1,buffer_only,0.9293,0.0029,0.8176,0.0061,0.9645,0.0016,0.97,0.0076,0.0564,0.0138,0.0006,0.0001,210001.0,0.0
nfunswv2,nfbotv2,mlp,0.1,calibrate,0.0,0.0,0.0778,0.0713,0.4989,0.0,0.5137,0.0191,1.0,0.0,0.0002,0.0002,210001.0,0.0
nfunswv2,nfbotv2,rf,0.0,zero_shot,0.0457,0.006,0.228,0.0809,0.3034,0.0213,0.5389,0.013,0.0739,0.0126,0.4254,0.1022,250002.0,0.0
nfunswv2,nfbotv2,rf,0.0001,augment,0.3207,,0.4233,,0.6504,,0.6129,,0.5375,,0.0082,,250213.0,
nfunswv2,nfbotv2,rf,0.0001,buffer_only,0.2597,0.1659,0.5187,0.1355,0.5784,0.0835,0.7474,0.0186,0.9062,0.1054,0.0032,0.0008,211.0,0.0
nfunswv2,nfbotv2,rf,0.0001,calibrate,0.0,0.0,0.228,0.0809,0.4989,0.0,0.5389,0.013,1.0,0.0,0.0006,0.0,211.0,0.0
nfunswv2,nfbotv2,rf,0.001,augment,0.7072,,0.793,,0.8489,,0.9333,,0.3981,,0.0021,,252103.0,
nfunswv2,nfbotv2,rf,0.001,buffer_only,0.7922,0.0581,0.7516,0.0367,0.8916,0.0329,0.9346,0.0078,0.3103,0.0951,0.0008,0.0004,2101.0,0.0
nfunswv2,nfbotv2,rf,0.001,calibrate,0.0,0.0,0.228,0.0809,0.4989,0.0,0.5389,0.013,1.0,0.0,0.0001,0.0001,2101.0,0.0
nfunswv2,nfbotv2,rf,0.01,augment,0.8811,,0.825,,0.9405,,0.9794,,0.1359,,0.0004,,271002.0,
nfunswv2,nfbotv2,rf,0.01,buffer_only,0.9108,0.0178,0.8376,0.006,0.9551,0.0094,0.9794,0.0019,0.1176,0.0401,0.0003,0.0,21000.0,0.0
nfunswv2,nfbotv2,rf,0.01,calibrate,0.0,0.0,0.228,0.0809,0.4989,0.0,0.5389,0.013,1.0,0.0,0.0002,0.0002,21000.0,0.0
nfunswv2,nfbotv2,rf,0.05,buffer_only,0.9612,0.004,0.846,0.011,0.9806,0.0019,0.9907,0.0023,0.0282,0.0115,0.0002,0.0,105000.0,0.0
nfunswv2,nfbotv2,rf,0.05,calibrate,0.0,0.0,0.228,0.0809,0.4989,0.0,0.5389,0.013,1.0,0.0,0.0013,0.001,105000.0,0.0
nfunswv2,nfbotv2,rf,0.1,buffer_only,0.9703,0.0033,0.8592,0.0046,0.9851,0.0017,0.9949,0.0014,0.0183,0.0055,0.0001,0.0,210001.0,0.0
nfunswv2,nfbotv2,rf,0.1,calibrate,0.0,0.0,0.228,0.0809,0.4989,0.0,0.5389,0.013,1.0,0.0,0.0013,0.0009,210001.0,0.0
nfunswv2,nftonv2,lgbm,0.0,zero_shot,-0.1029,0.0062,0.1145,0.0577,0.2204,0.0016,0.4656,0.0298,0.0448,0.0008,0.7151,0.0039,250002.0,0.0
nfunswv2,nftonv2,lgbm,0.0001,augment,0.8681,,0.8686,,0.9338,,0.9517,,0.0742,,0.025,,250215.0,
nfunswv2,nftonv2,lgbm,0.0001,buffer_only,0.868,0.0269,0.8722,0.0275,0.9337,0.0132,0.9635,0.0135,0.1108,0.0085,0.0451,0.008,213.0,0.0
nfunswv2,nftonv2,lgbm,0.0001,calibrate,0.0,0.0,0.1552,0.1015,0.4206,0.0,0.5064,0.0651,1.0,0.0,0.024,0.0359,213.0,0.0
nfunswv2,nftonv2,lgbm,0.001,augment,0.931,,0.9331,,0.9654,,0.9919,,0.0636,,0.0081,,252102.0,
nfunswv2,nftonv2,lgbm,0.001,buffer_only,0.9361,0.0035,0.9361,0.0034,0.968,0.0018,0.9923,0.0007,0.0549,0.0091,0.0214,0.0014,2100.0,0.0
nfunswv2,nftonv2,lgbm,0.001,calibrate,0.0955,0.0301,0.2258,0.0503,0.4546,0.0124,0.566,0.0381,0.9642,0.0132,0.0523,0.037,2100.0,0.0
nfunswv2,nftonv2,lgbm,0.01,augment,0.9645,,0.9646,,0.9822,,0.9973,,0.0368,,0.0016,,271002.0,
nfunswv2,nftonv2,lgbm,0.01,buffer_only,0.9697,0.0004,0.9692,0.0005,0.9848,0.0002,0.9973,0.0002,0.0298,0.0013,0.0054,0.0005,21000.0,0.0
nfunswv2,nftonv2,lgbm,0.01,calibrate,0.0959,0.0204,0.2258,0.0503,0.4583,0.0066,0.566,0.0381,0.9597,0.0066,0.0355,0.0332,21000.0,0.0
nfunswv2,nftonv2,lgbm,0.05,buffer_only,0.9804,0.0006,0.9799,0.0006,0.9902,0.0003,0.9987,0.0001,0.019,0.0003,0.0018,0.0,105000.0,0.0
nfunswv2,nftonv2,lgbm,0.05,calibrate,0.0965,0.0207,0.2258,0.0503,0.4586,0.0064,0.566,0.0381,0.9594,0.0063,0.0304,0.028,105000.0,0.0
nfunswv2,nftonv2,lgbm,0.1,buffer_only,0.9822,0.0007,0.9819,0.0007,0.9911,0.0004,0.9988,0.0001,0.0174,0.0007,0.0026,0.0003,210000.0,0.0
nfunswv2,nftonv2,lgbm,0.1,calibrate,0.0952,0.0205,0.2258,0.0503,0.4582,0.0071,0.566,0.0381,0.9598,0.0072,0.0321,0.03,210000.0,0.0
nfunswv2,nftonv2,mlp,0.0,zero_shot,-0.0338,0.0499,0.1997,0.0305,0.231,0.0231,0.5154,0.019,0.0238,0.0102,0.6942,0.0139,250002.0,0.0
nfunswv2,nftonv2,mlp,0.0001,augment,0.2321,,0.3198,,0.5549,,0.6051,,0.2293,,0.2166,,250215.0,
nfunswv2,nftonv2,mlp,0.0001,buffer_only,0.6773,0.069,0.7047,0.0461,0.8362,0.0371,0.8585,0.0236,0.2834,0.0918,0.0587,0.0108,213.0,0.0
nfunswv2,nftonv2,mlp,0.0001,calibrate,0.0,0.0,0.1879,0.0633,0.4206,0.0,0.5169,0.0193,1.0,0.0,0.0056,0.0034,213.0,0.0
nfunswv2,nftonv2,mlp,0.001,augment,0.7681,,0.7839,,0.884,,0.9414,,0.1643,,0.0178,,252102.0,
nfunswv2,nftonv2,mlp,0.001,buffer_only,0.9083,0.0055,0.9099,0.0056,0.954,0.0028,0.9707,0.0059,0.0788,0.0102,0.0135,0.0029,2100.0,0.0
nfunswv2,nftonv2,mlp,0.001,calibrate,0.0,0.0,0.1451,0.0615,0.4206,0.0,0.5013,0.0198,1.0,0.0,0.0094,0.0064,2100.0,0.0
nfunswv2,nftonv2,mlp,0.01,augment,0.9279,,0.9282,,0.9639,,0.9891,,0.0526,,0.0071,,271002.0,
nfunswv2,nftonv2,mlp,0.01,buffer_only,0.9324,0.0028,0.934,0.0013,0.966,0.0014,0.9899,0.0004,0.0674,0.0014,0.0044,0.0009,21000.0,0.0
nfunswv2,nftonv2,mlp,0.01,calibrate,0.0,0.0,0.1451,0.0615,0.4206,0.0,0.5013,0.0198,1.0,0.0,0.0106,0.0041,21000.0,0.0
nfunswv2,nftonv2,mlp,0.05,buffer_only,0.9442,0.0021,0.9449,0.0024,0.9721,0.001,0.9944,0.0006,0.0464,0.006,0.0038,0.0006,105000.0,0.0
nfunswv2,nftonv2,mlp,0.05,calibrate,0.0,0.0,0.1451,0.0615,0.4206,0.0,0.5013,0.0198,1.0,0.0,0.0102,0.0079,105000.0,0.0
nfunswv2,nftonv2,mlp,0.1,buffer_only,0.9531,0.0019,0.9528,0.0017,0.9765,0.001,0.9958,0.0003,0.0428,0.0015,0.0033,0.0006,210000.0,0.0
nfunswv2,nftonv2,mlp,0.1,calibrate,0.0,0.0,0.1451,0.0615,0.4206,0.0,0.5013,0.0198,1.0,0.0,0.0117,0.0059,210000.0,0.0
nfunswv2,nftonv2,rf,0.0,zero_shot,-0.0665,0.0332,0.3801,0.16,0.2316,0.0094,0.6037,0.102,0.0468,0.0006,0.5013,0.034,250002.0,0.0
nfunswv2,nftonv2,rf,0.0001,augment,0.8504,,0.8688,,0.925,,0.9684,,0.0883,,0.0333,,250215.0,
nfunswv2,nftonv2,rf,0.0001,buffer_only,0.877,0.0211,0.8871,0.0152,0.9381,0.0105,0.9719,0.0041,0.1101,0.0236,0.0252,0.001,213.0,0.0
nfunswv2,nftonv2,rf,0.0001,calibrate,0.0,0.0,0.3801,0.16,0.4206,0.0,0.6037,0.102,1.0,0.0,0.1156,0.022,213.0,0.0
nfunswv2,nftonv2,rf,0.001,augment,0.9331,,0.933,,0.9665,,0.9923,,0.0597,,0.0115,,252102.0,
nfunswv2,nftonv2,rf,0.001,buffer_only,0.9367,0.001,0.9374,0.0017,0.9683,0.0005,0.993,0.0005,0.0517,0.0099,0.0061,0.0012,2100.0,0.0
nfunswv2,nftonv2,rf,0.001,calibrate,0.0,0.0,0.3801,0.16,0.4206,0.0,0.6037,0.102,1.0,0.0,0.1445,0.0512,2100.0,0.0
nfunswv2,nftonv2,rf,0.01,augment,0.966,,0.9661,,0.9829,,0.997,,0.0355,,0.005,,271002.0,
nfunswv2,nftonv2,rf,0.01,buffer_only,0.9672,0.0002,0.9672,0.0004,0.9836,0.0001,0.997,0.0003,0.032,0.0023,0.0044,0.0005,21000.0,0.0
nfunswv2,nftonv2,rf,0.01,calibrate,0.0,0.0,0.3801,0.16,0.4206,0.0,0.6037,0.102,1.0,0.0,0.1415,0.0468,21000.0,0.0
nfunswv2,nftonv2,rf,0.05,buffer_only,0.9796,0.0002,0.9792,0.0,0.9898,0.0001,0.998,0.0002,0.0208,0.0003,0.0035,0.0003,105000.0,0.0
nfunswv2,nftonv2,rf,0.05,calibrate,0.0,0.0,0.3801,0.16,0.4206,0.0,0.6037,0.102,1.0,0.0,0.1432,0.0461,105000.0,0.0
nfunswv2,nftonv2,rf,0.1,buffer_only,0.9824,0.0002,0.9823,0.0003,0.9912,0.0001,0.9982,0.0002,0.018,0.0003,0.0031,0.0002,210000.0,0.0
nfunswv2,nftonv2,rf,0.1,calibrate,0.0,0.0,0.3801,0.16,0.4206,0.0,0.6037,0.102,1.0,0.0,0.1414,0.0466,210000.0,0.0
