seed,source,target,model,budget,strategy,n_train,n_threshold,n_labels,mcc,macro_f1,fp_rate,auprc_macro,thr,tpr_dep,fpr_dep,tpr_oracle_fpr01,tpr_oracle_fpr001,fit_s
42,any,nf2018v2,rf,0.0001,retrain_stratified,151,66,217,0.94772,0.97341,0.00111,0.97404,0.67667,0.86182,0.00013,0.94003,0.91748,0.5
42,any,nf2018v2,rf,0.0001,retrain_labelblind,147,63,210,0.93201,0.96535,0.00189,0.97293,0.76333,0.80856,0.0001,0.9285,0.89598,0.5
42,any,nf2018v2,rf,0.001,retrain_stratified,1472,630,2102,0.95792,0.97874,0.00141,0.98074,0.26,0.95118,0.00596,0.95355,0.93686,0.7
42,any,nf2018v2,rf,0.001,retrain_labelblind,1470,630,2100,0.95968,0.97969,0.0018,0.98065,0.44333,0.94506,0.00241,0.95232,0.94273,0.6
42,any,nf2018v2,rf,0.01,retrain_stratified,14701,6300,21001,0.97209,0.9859,0.00043,0.98338,0.29,0.95654,0.00232,0.95942,0.95561,3.8
42,any,nf2018v2,rf,0.01,retrain_labelblind,14700,6300,21000,0.97158,0.98563,0.00042,0.98333,0.23,0.95798,0.00444,0.95929,0.95528,4.0
42,any,nf2018v2,lgbm,0.0001,retrain_stratified,151,66,217,0.95888,0.97914,0.00071,0.97474,0.99961,0.89075,0.0001,0.94134,0.93408,0.1
42,any,nf2018v2,lgbm,0.0001,retrain_labelblind,147,63,210,0.88226,0.9411,0.01552,0.96712,0.99985,0.68462,0.00022,0.90177,0.84662,0.0
42,any,nf2018v2,lgbm,0.001,retrain_stratified,1472,630,2102,0.95152,0.97562,0.00289,0.98106,0.03039,0.93995,0.00453,0.95042,0.92977,0.2
42,any,nf2018v2,lgbm,0.001,retrain_labelblind,1470,630,2100,0.95792,0.97889,0.00295,0.97982,0.02584,0.95025,0.00513,0.95135,0.93294,0.6
42,any,nf2018v2,lgbm,0.01,retrain_stratified,14701,6300,21001,0.97316,0.98644,0.00033,0.98502,0.06973,0.95722,0.00147,0.95899,0.95697,0.7
42,any,nf2018v2,lgbm,0.01,retrain_labelblind,14700,6300,21000,0.97296,0.98634,0.00039,0.98531,0.02549,0.95768,0.00282,0.96043,0.95646,0.7
42,any,nf2018v2,mlp,0.0001,retrain_stratified,151,66,217,0.9202,0.95978,0.00502,0.95619,0.99993,0.03944,0.00024,0.90325,0.71215,0.2
42,any,nf2018v2,mlp,0.0001,retrain_labelblind,147,63,210,0.91208,0.9556,0.00521,0.94684,0.93446,0.86254,0.00151,0.88978,0.77385,0.2
42,any,nf2018v2,mlp,0.001,retrain_stratified,1472,630,2102,0.95325,0.97624,0.00086,0.97209,0.94421,0.90903,0.00015,0.93374,0.92555,1.2
42,any,nf2018v2,mlp,0.001,retrain_labelblind,1470,630,2100,0.94163,0.97076,0.00503,0.97257,0.84954,0.91355,0.0019,0.94142,0.89615,1.4
42,any,nf2018v2,mlp,0.01,retrain_stratified,14701,6300,21001,0.95814,0.97883,0.00124,0.98056,0.17052,0.94721,0.00543,0.95055,0.92901,2.0
42,any,nf2018v2,mlp,0.01,retrain_labelblind,14700,6300,21000,0.94282,0.97098,0.00181,0.98001,0.18347,0.94662,0.00518,0.94911,0.90874,1.9
42,any,nfunswv2,rf,0.0001,retrain_stratified,101,43,144,0.86223,0.9289,0.01011,0.87895,0.53333,0.91678,0.00984,0.91678,0.05531,0.5
42,any,nfunswv2,rf,0.0001,retrain_labelblind,97,42,139,0.5398,0.75046,0.00376,0.91517,0.77333,0.02765,4e-05,0.93953,0.23617,0.5
42,any,nfunswv2,rf,0.001,retrain_stratified,975,417,1392,0.89192,0.9443,0.00809,0.95903,0.49333,0.97473,0.00824,0.99286,0.39799,0.6
42,any,nfunswv2,rf,0.001,retrain_labelblind,974,417,1391,0.88903,0.94447,0.00478,0.96568,0.35667,0.94549,0.00624,0.9955,0.4009,0.5
42,any,nfunswv2,rf,0.01,retrain_stratified,9734,4173,13907,0.93589,0.96773,0.00369,0.98657,0.24,0.99127,0.00521,1.0,0.70349,1.1
42,any,nfunswv2,rf,0.01,retrain_labelblind,9734,4173,13907,0.93507,0.96729,0.00381,0.98275,0.09,0.99907,0.00619,1.0,0.63469,1.6
42,any,nfunswv2,lgbm,0.0001,retrain_stratified,101,43,144,0.67533,0.83667,0.00887,0.79929,0.99249,0.44813,0.00644,0.74266,0.01204,0.3
42,any,nfunswv2,lgbm,0.0001,retrain_labelblind,97,42,139,0.58918,0.77508,0.00277,0.82748,0.99946,0.05306,0.0001,0.60294,0.26621,0.1
42,any,nfunswv2,lgbm,0.001,retrain_stratified,975,417,1392,0.83992,0.91993,0.00557,0.93043,0.08512,0.90831,0.00735,0.97195,0.1593,0.7
42,any,nfunswv2,lgbm,0.001,retrain_labelblind,974,417,1391,0.86306,0.93145,0.00437,0.9524,6e-05,0.97777,0.00822,0.99841,0.30061,0.4
42,any,nfunswv2,lgbm,0.01,retrain_stratified,9734,4173,13907,0.93642,0.96809,0.00334,0.9854,0.00243,0.99259,0.00487,0.99974,0.70336,2.4
42,any,nfunswv2,lgbm,0.01,retrain_labelblind,9734,4173,13907,0.93104,0.96541,0.00351,0.97745,5e-05,0.99616,0.00584,0.9996,0.58494,0.5
42,any,nfunswv2,mlp,0.0001,retrain_stratified,101,43,144,0.67581,0.83619,0.00791,0.81199,0.99853,0.29108,0.0023,0.81807,0.01416,0.1
42,any,nfunswv2,mlp,0.0001,retrain_labelblind,97,42,139,0.63246,0.80722,0.00473,0.75723,0.98447,0.02117,3e-05,0.56682,0.18404,0.1
42,any,nfunswv2,mlp,0.001,retrain_stratified,975,417,1392,0.78422,0.89175,0.00631,0.90358,0.56603,0.72837,0.00556,0.91929,0.13152,0.4
42,any,nfunswv2,mlp,0.001,retrain_labelblind,974,417,1391,0.80988,0.90466,0.00562,0.86945,0.36894,0.80061,0.00585,0.88859,0.09381,1.0
42,any,nfunswv2,mlp,0.01,retrain_stratified,9734,4173,13907,0.68055,0.8349,0.00506,0.85022,0.12735,0.69675,0.0093,0.69767,0.26039,0.5
42,any,nfunswv2,mlp,0.01,retrain_labelblind,9734,4173,13907,0.72616,0.86119,0.00612,0.9114,0.08103,0.81503,0.0087,0.89005,0.23247,0.6
42,any,nftonv2,rf,0.0001,retrain_stratified,150,63,213,0.87197,0.93598,0.09489,0.97477,0.85667,0.88116,0.01327,0.82837,0.15669,0.4
42,any,nftonv2,rf,0.0001,retrain_labelblind,147,63,210,0.82459,0.91227,0.13432,0.9652,0.73667,0.91681,0.04699,0.7809,0.2581,0.4
42,any,nftonv2,rf,0.001,retrain_stratified,1470,630,2100,0.925,0.96238,0.06996,0.99153,0.93667,0.88315,0.0112,0.87445,0.0,1.0
42,any,nftonv2,rf,0.001,retrain_labelblind,1470,630,2100,0.92264,0.96115,0.07481,0.99179,1.0,0.70121,0.00352,0.91445,0.0,0.6
42,any,nftonv2,rf,0.01,retrain_stratified,14700,6300,21000,0.96377,0.98181,0.03863,0.99634,0.95,0.93928,0.00779,0.9569,0.0,3.5
42,any,nftonv2,rf,0.01,retrain_labelblind,14700,6300,21000,0.96363,0.98175,0.0381,0.99706,0.86333,0.96388,0.00943,0.96601,0.0,4.7
42,any,nftonv2,lgbm,0.0001,retrain_stratified,150,63,213,0.86586,0.93287,0.08629,0.96985,0.99928,0.85544,0.02148,0.57155,0.13958,0.0
42,any,nftonv2,lgbm,0.0001,retrain_labelblind,147,63,210,0.79074,0.89519,0.17067,0.94079,0.99999,0.64089,0.03233,0.31415,0.04621,0.0
42,any,nftonv2,lgbm,0.001,retrain_stratified,1470,630,2100,0.91713,0.95824,0.08609,0.98868,0.99999,0.83376,0.01429,0.76671,0.14134,1.8
42,any,nftonv2,lgbm,0.001,retrain_labelblind,1470,630,2100,0.91069,0.95509,0.08786,0.9886,1.0,0.77723,0.00921,0.79234,0.14822,0.2
42,any,nftonv2,lgbm,0.01,retrain_stratified,14700,6300,21000,0.96574,0.98281,0.03586,0.99692,0.99844,0.91266,0.00754,0.94091,0.5873,0.7
42,any,nftonv2,lgbm,0.01,retrain_labelblind,14700,6300,21000,0.96474,0.98234,0.03365,0.99703,0.99144,0.94912,0.00905,0.9544,0.5685,1.9
42,any,nftonv2,mlp,0.0001,retrain_stratified,150,63,213,0.69999,0.84722,0.29054,0.84923,0.99719,0.5241,0.10438,0.0,0.0,0.3
42,any,nftonv2,mlp,0.0001,retrain_labelblind,147,63,210,0.67779,0.8387,0.25317,0.82454,1.0,0.0321,0.0167,0.0,0.0,0.3
42,any,nftonv2,mlp,0.001,retrain_stratified,1470,630,2100,0.69653,0.84813,0.20415,0.91233,0.94231,0.48292,0.02973,0.1901,0.00743,0.6
42,any,nftonv2,mlp,0.001,retrain_labelblind,1470,630,2100,0.68183,0.84059,0.25576,0.87833,1.0,0.00032,0.00544,0.08121,0.0,0.3
42,any,nftonv2,mlp,0.01,retrain_stratified,14700,6300,21000,0.92054,0.96009,0.07666,0.9859,0.96971,0.74817,0.01188,0.66305,0.19394,2.6
42,any,nftonv2,mlp,0.01,retrain_labelblind,14700,6300,21000,0.9245,0.96202,0.07673,0.98747,0.98494,0.67048,0.0064,0.76702,0.15207,3.6
42,any,nfbotv2,rf,0.0001,retrain_stratified,148,63,211,0.19301,0.53885,0.95828,0.7312,,,,0.0,0.0,0.4
42,any,nfbotv2,rf,0.0001,retrain_labelblind,147,63,210,0.09543,0.51069,0.98808,0.60601,,,,0.0,0.0,0.4
42,any,nfbotv2,rf,0.001,retrain_stratified,1470,631,2101,0.81257,0.9035,0.27652,0.91751,0.62,0.99957,0.19666,0.97401,0.97401,0.5
42,any,nfbotv2,rf,0.001,retrain_labelblind,1470,630,2100,0.68687,0.83127,0.47437,0.90259,0.96667,0.99272,0.08462,0.98042,0.0,0.5
42,any,nfbotv2,rf,0.01,retrain_stratified,14700,6300,21000,0.89037,0.94422,0.16567,0.98008,0.95,0.99856,0.02503,0.99379,0.99379,1.4
42,any,nfbotv2,rf,0.01,retrain_labelblind,14700,6300,21000,0.92004,0.95998,0.09178,0.96474,0.96,0.99795,0.00119,0.99812,0.99793,1.6
42,any,nfbotv2,lgbm,0.0001,retrain_stratified,148,63,211,0.40546,0.69934,0.51013,0.59116,,,,0.08764,0.0,0.0
42,any,nfbotv2,lgbm,0.0001,retrain_labelblind,147,63,210,0.06528,0.52553,0.96663,0.5203,,,,0.43201,0.29516,0.0
42,any,nfbotv2,lgbm,0.001,retrain_stratified,1470,631,2101,0.69516,0.84753,0.29201,0.78891,0.99997,0.9962,0.17759,0.47946,0.20321,0.0
42,any,nfbotv2,lgbm,0.001,retrain_labelblind,1470,630,2100,0.51261,0.73181,0.67342,0.86046,1.0,0.94671,0.13826,0.02402,0.02402,0.1
42,any,nfbotv2,lgbm,0.01,retrain_stratified,14700,6300,21000,0.12711,0.56002,0.90703,0.50895,1.0,0.0,0.0,0.0,0.0,0.4
42,any,nfbotv2,lgbm,0.01,retrain_labelblind,14700,6300,21000,0.88097,0.94043,0.1323,0.95169,1.0,0.99582,0.00954,0.99605,0.01269,0.3
42,any,nfbotv2,mlp,0.0001,retrain_stratified,148,63,211,0.03445,0.50014,0.99881,0.50114,,,,0.0,0.0,0.1
42,any,nfbotv2,mlp,0.0001,retrain_labelblind,147,63,210,0.05178,0.50923,0.98927,0.5042,,,,0.0,0.0,0.1
42,any,nfbotv2,mlp,0.001,retrain_stratified,1470,631,2101,0.54215,0.74191,0.66508,0.74634,1.0,0.13259,0.18474,0.0,0.0,0.7
42,any,nfbotv2,mlp,0.001,retrain_labelblind,1470,630,2100,0.48571,0.70087,0.74136,0.66572,1.0,0.00216,0.25268,0.0,0.0,0.4
42,any,nfbotv2,mlp,0.01,retrain_stratified,14700,6300,21000,0.46445,0.69018,0.75685,0.77476,1.0,0.0,0.0,0.0,0.0,1.7
42,any,nfbotv2,mlp,0.01,retrain_labelblind,14700,6300,21000,0.62965,0.80492,0.51013,0.78054,1.0,0.0,0.0,0.0,0.0,0.8
42,nf2018v2,nfunswv2,rf,0.0001,calibrate_split,101,43,144,0.0,0.49037,0.0,0.53427,0.07549,0.0,0.00636,0.0,0.0,
42,nf2018v2,nfunswv2,rf,0.0001,calibrate_rethreshold,101,43,144,0.21133,0.58976,0.08025,0.53427,0.07353,0.0,0.00636,0.0,0.0,
42,nf2018v2,nfunswv2,rf,0.0001,rethreshold_split,101,43,144,0.21133,0.58976,0.08025,0.53427,0.93667,0.0,0.00636,0.0,0.0,
42,nf2018v2,nfunswv2,rf,0.001,calibrate_split,975,417,1392,0.0,0.49037,0.0,0.53427,0.06231,0.0,0.00444,0.0,0.0,
42,nf2018v2,nfunswv2,rf,0.001,calibrate_rethreshold,975,417,1392,0.17737,0.5786,0.07089,0.53427,0.05458,0.0,0.00444,0.0,0.0,
42,nf2018v2,nfunswv2,rf,0.001,rethreshold_split,975,417,1392,0.17737,0.5786,0.07089,0.53427,0.95,0.0,0.00444,0.0,0.0,
42,nf2018v2,nfunswv2,rf,0.01,calibrate_split,9734,4173,13907,0.0,0.49037,0.0,0.53427,0.10858,0.0,0.00444,0.0,0.0,
42,nf2018v2,nfunswv2,rf,0.01,calibrate_rethreshold,9734,4173,13907,0.21133,0.58976,0.08025,0.53427,0.07231,0.0,0.00444,0.0,0.0,
42,nf2018v2,nfunswv2,rf,0.01,rethreshold_split,9734,4173,13907,0.21133,0.58976,0.08025,0.53427,0.93667,0.0,0.00444,0.0,0.0,
42,nf2018v2,nftonv2,rf,0.0001,calibrate_split,150,63,213,0.0,0.42062,1.0,0.50025,0.72688,0.0,0.0,0.0,0.0,
42,nf2018v2,nftonv2,rf,0.0001,calibrate_rethreshold,150,63,213,0.26623,0.55848,0.84008,0.50025,0.72605,0.0,0.0,0.0,0.0,
42,nf2018v2,nftonv2,rf,0.0001,rethreshold_split,150,63,213,0.26623,0.55848,0.84008,0.50025,0.23,0.0,0.0,0.0,0.0,
42,nf2018v2,nftonv2,rf,0.001,calibrate_split,1470,630,2100,0.0,0.42062,1.0,0.50025,0.73307,0.0,0.0,0.0,0.0,
42,nf2018v2,nftonv2,rf,0.001,calibrate_rethreshold,1470,630,2100,0.32232,0.55572,0.85575,0.50025,0.69762,0.0,0.0,0.0,0.0,
42,nf2018v2,nftonv2,rf,0.001,rethreshold_split,1470,630,2100,0.32232,0.55572,0.85575,0.50025,0.03333,0.0,0.0,0.0,0.0,
42,nf2018v2,nftonv2,rf,0.01,calibrate_split,14700,6300,21000,0.0,0.42062,1.0,0.50025,0.73471,0.0,0.0,0.0,0.0,
42,nf2018v2,nftonv2,rf,0.01,calibrate_rethreshold,14700,6300,21000,0.32189,0.55437,0.8576,0.50025,0.69117,0.0,0.0,0.0,0.0,
42,nf2018v2,nftonv2,rf,0.01,rethreshold_split,14700,6300,21000,0.32189,0.55437,0.8576,0.50025,0.02,0.0,0.0,0.0,0.0,
42,nf2018v2,nfbotv2,rf,0.0001,calibrate_split,148,63,211,0.0,0.49895,1.0,0.51414,,,,0.0472,0.0471,
42,nf2018v2,nfbotv2,rf,0.001,calibrate_split,1470,631,2101,0.0,0.49895,1.0,0.50344,0.99601,0.13226,0.1323,0.0,0.0,
42,nf2018v2,nfbotv2,rf,0.001,calibrate_rethreshold,1470,631,2101,-0.00137,0.46191,0.85578,0.51414,0.004,0.19353,0.55066,0.0472,0.0471,
42,nf2018v2,nfbotv2,rf,0.001,rethreshold_split,1470,631,2101,-0.00137,0.46191,0.85578,0.51414,0.15,0.19353,0.55066,0.0472,0.0471,
42,nf2018v2,nfbotv2,rf,0.01,calibrate_split,14700,6300,21000,0.0,0.49895,1.0,0.50344,0.99664,0.00295,0.10369,0.0,0.0,
42,nf2018v2,nfbotv2,rf,0.01,calibrate_rethreshold,14700,6300,21000,0.12189,0.56062,0.88677,0.51414,0.0034,0.04719,0.00119,0.0472,0.0471,
42,nf2018v2,nfbotv2,rf,0.01,rethreshold_split,14700,6300,21000,0.12189,0.56062,0.88677,0.51414,0.08667,0.04719,0.00119,0.0472,0.0471,
42,nf2018v2,nfunswv2,lgbm,0.0001,calibrate_split,101,43,144,0.0,0.49037,0.0,0.55947,0.06941,0.1159,0.00404,0.12278,0.08044,
42,nf2018v2,nfunswv2,lgbm,0.0001,calibrate_rethreshold,101,43,144,0.12186,0.54431,0.10031,0.55947,0.06941,0.1159,0.00404,0.12278,0.08044,
42,nf2018v2,nfunswv2,lgbm,0.0001,rethreshold_split,101,43,144,0.12186,0.54431,0.10031,0.55947,0.99985,0.1159,0.00404,0.12278,0.08044,
42,nf2018v2,nfunswv2,lgbm,0.001,calibrate_split,975,417,1392,0.0,0.49037,0.0,0.55947,0.03915,0.10757,0.0031,0.12278,0.08044,
42,nf2018v2,nfunswv2,lgbm,0.001,calibrate_rethreshold,975,417,1392,0.23809,0.58127,0.0031,0.55947,0.03915,0.10757,0.0031,0.12278,0.08044,
42,nf2018v2,nfunswv2,lgbm,0.001,rethreshold_split,975,417,1392,0.23809,0.58127,0.0031,0.55947,0.99995,0.10757,0.0031,0.12278,0.08044,
42,nf2018v2,nfunswv2,lgbm,0.01,calibrate_split,9734,4173,13907,0.0,0.49037,0.0,0.49717,0.06465,0.04737,0.00794,0.05081,0.0344,
42,nf2018v2,nfunswv2,lgbm,0.01,calibrate_rethreshold,9734,4173,13907,0.24003,0.57881,0.00261,0.55947,0.96425,0.12411,0.0102,0.12278,0.08044,
42,nf2018v2,nfunswv2,lgbm,0.01,rethreshold_split,9734,4173,13907,0.24003,0.57881,0.00261,0.55947,0.99996,0.12411,0.0102,0.12278,0.08044,
42,nf2018v2,nftonv2,lgbm,0.0001,calibrate_split,150,63,213,0.0,0.42062,1.0,0.68943,0.77176,0.0484,0.01971,0.04337,0.01057,
42,nf2018v2,nftonv2,lgbm,0.0001,calibrate_rethreshold,150,63,213,0.27727,0.54418,0.86522,0.68943,0.71505,0.0484,0.01971,0.04337,0.01057,
42,nf2018v2,nftonv2,lgbm,0.0001,rethreshold_split,150,63,213,0.27727,0.54418,0.86522,0.68943,0.0002,0.0484,0.01971,0.04337,0.01057,
42,nf2018v2,nftonv2,lgbm,0.001,calibrate_split,1470,630,2100,0.0,0.42062,1.0,0.68943,0.79229,0.01802,0.00261,0.04337,0.01057,
42,nf2018v2,nftonv2,lgbm,0.001,calibrate_rethreshold,1470,630,2100,0.44985,0.6932,0.62379,0.68943,0.70588,0.01802,0.00261,0.04337,0.01057,
42,nf2018v2,nftonv2,lgbm,0.001,rethreshold_split,1470,630,2100,0.44985,0.6932,0.62379,0.68943,0.00022,0.01802,0.00261,0.04337,0.01057,
42,nf2018v2,nftonv2,lgbm,0.01,calibrate_split,14700,6300,21000,0.0,0.42062,1.0,0.68943,0.7866,0.04287,0.00783,0.04337,0.01057,
42,nf2018v2,nftonv2,lgbm,0.01,calibrate_rethreshold,14700,6300,21000,0.47714,0.71357,0.58188,0.68943,0.70832,0.04287,0.00783,0.04337,0.01057,
42,nf2018v2,nftonv2,lgbm,0.01,rethreshold_split,14700,6300,21000,0.47714,0.71357,0.58188,0.68943,0.00024,0.04287,0.00783,0.04337,0.01057,
42,nf2018v2,nfbotv2,lgbm,0.0001,calibrate_split,148,63,211,0.0,0.49895,1.0,0.53766,,,,0.00112,0.00018,
42,nf2018v2,nfbotv2,lgbm,0.001,calibrate_split,1470,631,2101,0.0,0.49895,1.0,0.53766,0.9951,0.98876,0.55542,0.00112,0.00018,
42,nf2018v2,nfbotv2,lgbm,0.001,calibrate_rethreshold,1470,631,2101,0.24674,0.60471,0.55542,0.53766,0.9951,0.98876,0.55542,0.00112,0.00018,
42,nf2018v2,nfbotv2,lgbm,0.001,rethreshold_split,1470,631,2101,0.24674,0.60471,0.55542,0.53766,0.03981,0.98876,0.55542,0.00112,0.00018,
42,nf2018v2,nfbotv2,lgbm,0.01,calibrate_split,14700,6300,21000,0.0,0.49895,1.0,0.53766,0.99826,0.00096,0.00596,0.00112,0.00018,
42,nf2018v2,nfbotv2,lgbm,0.01,calibrate_rethreshold,14700,6300,21000,0.25162,0.60917,0.56496,0.53766,0.99368,0.00096,0.00596,0.00112,0.00018,
42,nf2018v2,nfbotv2,lgbm,0.01,rethreshold_split,14700,6300,21000,0.25162,0.60917,0.56496,0.53766,0.03432,0.00096,0.00596,0.00112,0.00018,
42,nf2018v2,nfunswv2,mlp,0.0001,calibrate_split,101,43,144,0.0,0.49037,0.0,0.48042,0.07017,0.02514,0.09252,0.01733,0.0123,
42,nf2018v2,nfunswv2,mlp,0.0001,calibrate_rethreshold,101,43,144,0.20367,0.58081,0.09372,0.53779,0.93165,0.0,0.0,0.0,0.0,
42,nf2018v2,nfunswv2,mlp,0.0001,rethreshold_split,101,43,144,0.20367,0.58081,0.09372,0.5376,1.0,0.0,0.0,0.0,0.0,
42,nf2018v2,nfunswv2,mlp,0.001,calibrate_split,975,417,1392,0.0,0.49037,0.0,0.53764,0.04203,0.0,0.0,0.0,0.0,
42,nf2018v2,nfunswv2,mlp,0.001,calibrate_rethreshold,975,417,1392,0.17214,0.56956,0.08887,0.53764,0.04203,0.0,0.0,0.0,0.0,
42,nf2018v2,nfunswv2,mlp,0.001,rethreshold_split,975,417,1392,0.17214,0.56956,0.08887,0.5376,1.0,0.0,0.0,0.0,0.0,
42,nf2018v2,nfunswv2,mlp,0.01,calibrate_split,9734,4173,13907,0.0,0.49037,0.0,0.5376,0.04375,0.0,0.0,0.0,0.0,
42,nf2018v2,nfunswv2,mlp,0.01,calibrate_rethreshold,9734,4173,13907,0.20752,0.57789,0.10422,0.5376,0.04375,0.0,0.0,0.0,0.0,
42,nf2018v2,nfunswv2,mlp,0.01,rethreshold_split,9734,4173,13907,0.20752,0.57789,0.10422,0.5376,1.0,0.0,0.0,0.0,0.0,
42,nf2018v2,nftonv2,mlp,0.0001,calibrate_split,150,63,213,0.0,0.42062,1.0,0.55881,0.77513,0.08227,0.09781,0.01541,0.00059,
42,nf2018v2,nftonv2,mlp,0.0001,calibrate_rethreshold,150,63,213,0.02528,0.50909,0.77972,0.45742,0.2396,0.0,0.0,0.0,0.0,
42,nf2018v2,nftonv2,mlp,0.0001,rethreshold_split,150,63,213,0.02528,0.50909,0.77972,0.45733,0.28544,0.0,0.0,0.0,0.0,
42,nf2018v2,nftonv2,mlp,0.001,calibrate_split,1470,630,2100,0.0,0.42062,1.0,0.55873,0.7326,0.00054,0.00099,0.01541,0.00059,
42,nf2018v2,nftonv2,mlp,0.001,calibrate_rethreshold,1470,630,2100,0.19871,0.59915,0.60012,0.55873,0.72361,0.00054,0.00099,0.01541,0.00059,
42,nf2018v2,nftonv2,mlp,0.001,rethreshold_split,1470,630,2100,0.19871,0.59915,0.60012,0.55926,0.00353,0.00054,0.00099,0.01541,0.00059,
42,nf2018v2,nftonv2,mlp,0.01,calibrate_split,14700,6300,21000,0.0,0.42062,1.0,0.55848,0.7403,0.01679,0.01139,0.01541,0.00059,
42,nf2018v2,nftonv2,mlp,0.01,calibrate_rethreshold,14700,6300,21000,0.20605,0.60123,0.52093,0.55848,0.72122,0.01679,0.01139,0.01541,0.00059,
42,nf2018v2,nftonv2,mlp,0.01,rethreshold_split,14700,6300,21000,0.2139,0.48722,0.93329,0.55926,0.0,0.01679,0.01139,0.01541,0.00059,
42,nf2018v2,nfbotv2,mlp,0.0001,calibrate_split,148,63,211,0.0,0.49895,1.0,0.64473,,,,0.0,0.0,
42,nf2018v2,nfbotv2,mlp,0.001,calibrate_split,1470,631,2101,0.0,0.49895,1.0,0.64473,0.9971,0.53242,0.22884,0.0,0.0,
42,nf2018v2,nfbotv2,mlp,0.001,calibrate_rethreshold,1470,631,2101,0.38794,0.6801,0.7354,0.64473,0.98935,0.53242,0.22884,0.0,0.0,
42,nf2018v2,nfbotv2,mlp,0.001,rethreshold_split,1470,631,2101,0.38794,0.6801,0.7354,0.64473,0.00364,0.53242,0.22884,0.0,0.0,
42,nf2018v2,nfbotv2,mlp,0.01,calibrate_split,14700,6300,21000,0.0,0.49895,1.0,0.64473,0.99792,0.0,0.0,0.0,0.0,
42,nf2018v2,nfbotv2,mlp,0.01,calibrate_rethreshold,14700,6300,21000,0.3576,0.65128,0.80095,0.64473,0.9825,0.0,0.0,0.0,0.0,
42,nf2018v2,nfbotv2,mlp,0.01,rethreshold_split,14700,6300,21000,0.3576,0.65128,0.80095,0.64473,0.00174,0.0,0.0,0.0,0.0,
42,nfunswv2,nf2018v2,rf,0.0001,calibrate_split,151,66,217,0.0,0.46854,0.0,0.52271,0.15358,0.0,0.00053,0.0003,0.0,
42,nfunswv2,nf2018v2,rf,0.0001,calibrate_rethreshold,151,66,217,0.2057,0.44928,0.55417,0.50953,0.85298,0.00046,0.00809,0.00055,4e-05,
42,nfunswv2,nf2018v2,rf,0.0001,rethreshold_split,151,66,217,0.2057,0.44928,0.55417,0.50953,0.34667,0.00046,0.00809,0.00055,4e-05,
42,nfunswv2,nf2018v2,rf,0.001,calibrate_split,1472,630,2102,0.0,0.46854,0.0,0.50953,0.12178,4e-05,0.00197,0.00055,4e-05,
42,nfunswv2,nf2018v2,rf,0.001,calibrate_rethreshold,1472,630,2102,0.27608,0.48463,0.5204,0.52271,0.88,0.0,0.0006,0.0003,0.0,
42,nfunswv2,nf2018v2,rf,0.001,rethreshold_split,1472,630,2102,0.27608,0.48463,0.5204,0.52271,0.52333,0.0,0.0006,0.0003,0.0,
42,nfunswv2,nf2018v2,rf,0.01,calibrate_split,14701,6300,21001,0.0,0.46854,0.0,0.52271,0.11873,0.0,0.00029,0.0003,0.0,
42,nfunswv2,nf2018v2,rf,0.01,calibrate_rethreshold,14701,6300,21001,0.2797,0.4835,0.52444,0.52271,0.11829,0.0,0.00029,0.0003,0.0,
42,nfunswv2,nf2018v2,rf,0.01,rethreshold_split,14701,6300,21001,0.2797,0.4835,0.52444,0.52271,0.51667,0.0,0.00029,0.0003,0.0,
42,nfunswv2,nftonv2,rf,0.0001,calibrate_split,150,63,213,0.0,0.42062,1.0,0.71432,0.83829,0.0,0.00984,0.0,0.0,
42,nfunswv2,nftonv2,rf,0.0001,calibrate_rethreshold,150,63,213,0.55243,0.7452,0.55339,0.71432,0.69776,0.0,0.00984,0.0,0.0,
42,nfunswv2,nftonv2,rf,0.0001,rethreshold_split,150,63,213,0.55243,0.7452,0.55339,0.71432,0.09,0.0,0.00984,0.0,0.0,
42,nfunswv2,nftonv2,rf,0.001,calibrate_split,1470,630,2100,0.0,0.42062,1.0,0.71432,0.94545,0.0,0.00334,0.0,0.0,
42,nfunswv2,nftonv2,rf,0.001,calibrate_rethreshold,1470,630,2100,0.56482,0.7434,0.57115,0.71432,0.6569,0.0,0.00334,0.0,0.0,
42,nfunswv2,nftonv2,rf,0.001,rethreshold_split,1470,630,2100,0.56482,0.7434,0.57115,0.71432,0.08667,0.0,0.00334,0.0,0.0,
42,nfunswv2,nftonv2,rf,0.01,calibrate_split,14700,6300,21000,0.0,0.42062,1.0,0.71432,0.96861,0.0,0.00011,0.0,0.0,
42,nfunswv2,nftonv2,rf,0.01,calibrate_rethreshold,14700,6300,21000,0.56482,0.7434,0.57115,0.71432,0.63854,0.0,0.00011,0.0,0.0,
42,nfunswv2,nftonv2,rf,0.01,rethreshold_split,14700,6300,21000,0.56482,0.7434,0.57115,0.71432,0.08667,0.0,0.00011,0.0,0.0,
42,nfunswv2,nfbotv2,rf,0.0001,calibrate_split,148,63,211,0.0,0.49895,1.0,0.52386,,,,0.08366,1e-05,
42,nfunswv2,nfbotv2,rf,0.001,calibrate_split,1470,631,2101,0.0,0.49895,1.0,0.52386,0.99627,0.46911,0.04291,0.08366,1e-05,
42,nfunswv2,nfbotv2,rf,0.001,calibrate_rethreshold,1470,631,2101,0.17975,0.58981,0.8236,0.52386,0.9946,0.46911,0.04291,0.08366,1e-05,
42,nfunswv2,nfbotv2,rf,0.001,rethreshold_split,1470,631,2101,0.17975,0.58981,0.8236,0.52386,0.14,0.46911,0.04291,0.08366,1e-05,
42,nfunswv2,nfbotv2,rf,0.01,calibrate_split,14700,6300,21000,0.0,0.49895,1.0,0.52386,0.99684,0.47128,0.07986,0.08366,1e-05,
42,nfunswv2,nfbotv2,rf,0.01,calibrate_rethreshold,14700,6300,21000,0.19787,0.59695,0.83552,0.52386,0.98516,0.47128,0.07986,0.08366,1e-05,
42,nfunswv2,nfbotv2,rf,0.01,rethreshold_split,14700,6300,21000,0.19787,0.59695,0.83552,0.52386,0.13333,0.47128,0.07986,0.08366,1e-05,
42,nfunswv2,nf2018v2,lgbm,0.0001,calibrate_split,151,66,217,0.0,0.46854,0.0,0.6362,0.16791,0.00038,0.00799,0.00059,0.00017,
42,nfunswv2,nf2018v2,lgbm,0.0001,calibrate_rethreshold,151,66,217,0.55107,0.76201,0.11316,0.6362,0.16782,0.00038,0.00799,0.00059,0.00017,
42,nfunswv2,nf2018v2,lgbm,0.0001,rethreshold_split,151,66,217,0.55107,0.76201,0.11316,0.6362,0.9994,0.00038,0.00799,0.00059,0.00017,
42,nfunswv2,nf2018v2,lgbm,0.001,calibrate_split,1472,630,2102,0.0,0.46854,0.0,0.6362,0.13971,0.00017,0.0011,0.00059,0.00017,
42,nfunswv2,nf2018v2,lgbm,0.001,calibrate_rethreshold,1472,630,2102,0.56111,0.76586,0.11448,0.6362,0.1395,0.00017,0.0011,0.00059,0.00017,
42,nfunswv2,nf2018v2,lgbm,0.001,rethreshold_split,1472,630,2102,0.56111,0.76586,0.11448,0.6362,0.99929,0.00017,0.0011,0.00059,0.00017,
42,nfunswv2,nf2018v2,lgbm,0.01,calibrate_split,14701,6300,21001,0.0,0.46854,0.0,0.6362,0.14593,0.0,8e-05,0.00059,0.00017,
42,nfunswv2,nf2018v2,lgbm,0.01,calibrate_rethreshold,14701,6300,21001,0.5637,0.76601,0.11707,0.6362,0.14544,0.0,8e-05,0.00059,0.00017,
42,nfunswv2,nf2018v2,lgbm,0.01,rethreshold_split,14701,6300,21001,0.5637,0.76601,0.11707,0.6362,0.99913,0.0,8e-05,0.00059,0.00017,
42,nfunswv2,nftonv2,lgbm,0.0001,calibrate_split,150,63,213,0.0,0.42062,1.0,0.54512,0.7315,0.00019,0.00434,0.00045,1e-05,
42,nfunswv2,nftonv2,lgbm,0.0001,calibrate_rethreshold,150,63,213,0.24625,0.53277,0.15591,0.54512,0.73142,0.00019,0.00434,0.00045,1e-05,
42,nfunswv2,nftonv2,lgbm,0.0001,rethreshold_split,150,63,213,0.24625,0.53277,0.15591,0.54512,0.99937,0.00019,0.00434,0.00045,1e-05,
42,nfunswv2,nftonv2,lgbm,0.001,calibrate_split,1470,630,2100,0.10331,0.46179,0.95597,0.54512,0.73697,0.00093,0.01666,0.00045,1e-05,
42,nfunswv2,nftonv2,lgbm,0.001,calibrate_rethreshold,1470,630,2100,0.2496,0.54216,0.16895,0.54512,0.73651,0.00093,0.01666,0.00045,1e-05,
42,nfunswv2,nftonv2,lgbm,0.001,rethreshold_split,1470,630,2100,0.2496,0.54216,0.16895,0.54512,0.99887,0.00093,0.01666,0.00045,1e-05,
42,nfunswv2,nftonv2,lgbm,0.01,calibrate_split,14700,6300,21000,0.10594,0.46167,0.95635,0.54512,0.73808,0.00025,0.00659,0.00045,1e-05,
42,nfunswv2,nftonv2,lgbm,0.01,calibrate_rethreshold,14700,6300,21000,0.24919,0.53863,0.16255,0.54512,0.73775,0.00025,0.00659,0.00045,1e-05,
42,nfunswv2,nftonv2,lgbm,0.01,rethreshold_split,14700,6300,21000,0.24919,0.53863,0.16255,0.54512,0.99913,0.00025,0.00659,0.00045,1e-05,
42,nfunswv2,nfbotv2,lgbm,0.0001,calibrate_split,148,63,211,0.0,0.49895,1.0,0.51423,,,,0.0,0.0,
42,nfunswv2,nfbotv2,lgbm,0.001,calibrate_split,1470,631,2101,0.0,0.49895,1.0,0.51423,0.99562,0.6962,0.44696,0.0,0.0,
42,nfunswv2,nfbotv2,lgbm,0.001,calibrate_rethreshold,1470,631,2101,0.13753,0.53407,0.55542,0.51423,0.99523,0.6962,0.44696,0.0,0.0,
42,nfunswv2,nfbotv2,lgbm,0.001,rethreshold_split,1470,631,2101,0.13753,0.53407,0.55542,0.51423,0.05519,0.6962,0.44696,0.0,0.0,
42,nfunswv2,nfbotv2,lgbm,0.01,calibrate_split,14700,6300,21000,0.0,0.49895,1.0,0.51423,0.9983,0.00932,0.04052,0.0,0.0,
42,nfunswv2,nfbotv2,lgbm,0.01,calibrate_rethreshold,14700,6300,21000,0.13754,0.55254,0.70679,0.51423,0.9926,0.00932,0.04052,0.0,0.0,
42,nfunswv2,nfbotv2,lgbm,0.01,rethreshold_split,14700,6300,21000,0.13754,0.55254,0.70679,0.51423,0.01149,0.00932,0.04052,0.0,0.0,
42,nfunswv2,nf2018v2,mlp,0.0001,calibrate_split,151,66,217,0.0,0.46854,0.0,0.56375,0.15936,0.0,0.0,0.0,0.0,
42,nfunswv2,nf2018v2,mlp,0.0001,calibrate_rethreshold,151,66,217,0.27521,0.5974,0.25617,0.56375,0.15936,0.0,0.0,0.0,0.0,
42,nfunswv2,nf2018v2,mlp,0.0001,rethreshold_split,151,66,217,0.27519,0.5974,0.25616,0.56376,1.0,0.0,0.0,0.0,0.0,
42,nfunswv2,nf2018v2,mlp,0.001,calibrate_split,1472,630,2102,0.0,0.46854,0.0,0.56376,0.13329,0.0,0.0,0.0,0.0,
42,nfunswv2,nf2018v2,mlp,0.001,calibrate_rethreshold,1472,630,2102,0.27521,0.59741,0.25616,0.56376,0.13329,0.0,0.0,0.0,0.0,
42,nfunswv2,nf2018v2,mlp,0.001,rethreshold_split,1472,630,2102,0.27519,0.5974,0.25616,0.56376,1.0,0.0,0.0,0.0,0.0,
42,nfunswv2,nf2018v2,mlp,0.01,calibrate_split,14701,6300,21001,0.0,0.46854,0.0,0.56377,0.1329,0.0,0.0,0.0,0.0,
42,nfunswv2,nf2018v2,mlp,0.01,calibrate_rethreshold,14701,6300,21001,0.28053,0.59899,0.25753,0.56377,0.1329,0.0,0.0,0.0,0.0,
42,nfunswv2,nf2018v2,mlp,0.01,rethreshold_split,14701,6300,21001,0.28053,0.59899,0.25753,0.56376,1.0,0.0,0.0,0.0,0.0,
42,nfunswv2,nftonv2,mlp,0.0001,calibrate_split,150,63,213,0.0,0.42062,1.0,0.49524,0.72906,0.0226,0.02525,0.00054,0.0,
42,nfunswv2,nftonv2,mlp,0.0001,calibrate_rethreshold,150,63,213,0.11225,0.53888,0.79804,0.51925,0.27094,0.06175,0.07989,0.00087,4e-05,
42,nfunswv2,nftonv2,mlp,0.0001,rethreshold_split,150,63,213,0.11225,0.53888,0.79804,0.51926,0.0,0.06175,0.07989,0.00087,4e-05,
42,nfunswv2,nftonv2,mlp,0.001,calibrate_split,1470,630,2100,0.0,0.42062,1.0,0.51926,0.75636,4e-05,0.00111,0.00087,4e-05,
42,nfunswv2,nftonv2,mlp,0.001,calibrate_rethreshold,1470,630,2100,0.1944,0.51446,0.20401,0.51926,0.72436,4e-05,0.00111,0.00087,4e-05,
42,nfunswv2,nftonv2,mlp,0.001,rethreshold_split,1470,630,2100,0.1944,0.51446,0.20401,0.51926,0.00212,4e-05,0.00111,0.00087,4e-05,
42,nfunswv2,nftonv2,mlp,0.01,calibrate_split,14700,6300,21000,0.0,0.42062,1.0,0.49524,0.72855,0.0003,0.00878,0.00054,0.0,
42,nfunswv2,nftonv2,mlp,0.01,calibrate_rethreshold,14700,6300,21000,0.19421,0.51509,0.20567,0.51925,0.27155,0.00086,0.00854,0.00087,4e-05,
42,nfunswv2,nftonv2,mlp,0.01,rethreshold_split,14700,6300,21000,0.19421,0.51509,0.20567,0.51926,0.00205,0.00086,0.00854,0.00087,4e-05,
42,nfunswv2,nfbotv2,mlp,0.0001,calibrate_split,148,63,211,0.0,0.49895,1.0,0.53497,,,,0.0,0.0,
42,nfunswv2,nfbotv2,mlp,0.001,calibrate_split,1470,631,2101,0.0,0.49895,1.0,0.49787,0.99592,0.00053,0.06317,0.0,0.0,
42,nfunswv2,nfbotv2,mlp,0.001,calibrate_rethreshold,1470,631,2101,0.08628,0.54216,0.92729,0.53515,0.00408,0.65254,0.46246,0.0,0.0,
42,nfunswv2,nfbotv2,mlp,0.001,rethreshold_split,1470,631,2101,0.08628,0.54216,0.92729,0.53472,0.09102,0.65254,0.46246,0.0,0.0,
42,nfunswv2,nfbotv2,mlp,0.01,calibrate_split,14700,6300,21000,0.0,0.49895,1.0,0.53497,0.99605,0.0,0.0,0.0,0.0,
42,nfunswv2,nfbotv2,mlp,0.01,calibrate_rethreshold,14700,6300,21000,0.22412,0.55468,0.94041,0.53497,0.97266,0.0,0.0,0.0,0.0,
42,nfunswv2,nfbotv2,mlp,0.01,rethreshold_split,14700,6300,21000,0.46741,0.71277,0.69726,0.49851,0.0,1e-05,0.04887,0.0,0.0,
42,nftonv2,nf2018v2,rf,0.0001,calibrate_split,151,66,217,0.0,0.46854,0.0,0.5454,0.27905,0.0,0.0,0.00084,0.0,
42,nftonv2,nf2018v2,rf,0.0001,calibrate_rethreshold,151,66,217,0.19306,0.37953,0.67539,0.5454,0.13528,0.0,0.0,0.00084,0.0,
42,nftonv2,nf2018v2,rf,0.0001,rethreshold_split,151,66,217,0.19306,0.37953,0.67539,0.5454,0.19333,0.0,0.0,0.00084,0.0,
42,nftonv2,nf2018v2,rf,0.001,calibrate_split,1472,630,2102,0.0,0.46854,0.0,0.5454,0.27568,0.00042,0.00583,0.00084,0.0,
42,nftonv2,nf2018v2,rf,0.001,calibrate_rethreshold,1472,630,2102,0.19627,0.37335,0.68657,0.5454,0.10054,0.00042,0.00583,0.00084,0.0,
42,nftonv2,nf2018v2,rf,0.001,rethreshold_split,1472,630,2102,0.19627,0.37335,0.68657,0.5454,0.18667,0.00042,0.00583,0.00084,0.0,
42,nftonv2,nf2018v2,rf,0.01,calibrate_split,14701,6300,21001,0.0,0.46854,0.0,0.5454,0.30005,0.00042,0.00583,0.00084,0.0,
42,nftonv2,nf2018v2,rf,0.01,calibrate_rethreshold,14701,6300,21001,0.18719,0.59099,0.06689,0.5454,0.19808,0.00042,0.00583,0.00084,0.0,
42,nftonv2,nf2018v2,rf,0.01,rethreshold_split,14701,6300,21001,0.18719,0.59099,0.06689,0.5454,0.67667,0.00042,0.00583,0.00084,0.0,
42,nftonv2,nfunswv2,rf,0.0001,calibrate_split,101,43,144,0.0,0.49037,0.0,0.49871,0.0736,0.1159,0.07197,0.02911,0.01998,
42,nftonv2,nfunswv2,rf,0.0001,calibrate_rethreshold,101,43,144,0.24173,0.57158,0.00166,0.53783,0.93488,0.09156,0.00166,0.10717,0.02302,
42,nftonv2,nfunswv2,rf,0.0001,rethreshold_split,101,43,144,0.24173,0.57158,0.00166,0.53783,0.96,0.09156,0.00166,0.10717,0.02302,
42,nftonv2,nfunswv2,rf,0.001,calibrate_split,975,417,1392,0.0,0.49037,0.0,0.53783,0.04571,0.10717,0.00865,0.10717,0.02302,
42,nftonv2,nfunswv2,rf,0.001,calibrate_rethreshold,975,417,1392,-0.05259,0.25518,0.7039,0.49871,0.95884,0.01006,0.00046,0.02911,0.01998,
42,nftonv2,nfunswv2,rf,0.001,rethreshold_split,975,417,1392,-0.05259,0.25518,0.7039,0.49871,0.21,0.01006,0.00046,0.02911,0.01998,
42,nftonv2,nfunswv2,rf,0.01,calibrate_split,9734,4173,13907,0.0,0.49037,0.0,0.53783,0.04156,0.10333,0.00199,0.10717,0.02302,
42,nftonv2,nfunswv2,rf,0.01,calibrate_rethreshold,9734,4173,13907,0.24334,0.57287,0.00171,0.53783,0.04208,0.10333,0.00199,0.10717,0.02302,
42,nftonv2,nfunswv2,rf,0.01,rethreshold_split,9734,4173,13907,0.24334,0.57287,0.00171,0.53783,0.95667,0.10333,0.00199,0.10717,0.02302,
42,nftonv2,nfbotv2,rf,0.0001,calibrate_split,148,63,211,0.0,0.49895,1.0,0.51296,,,,0.00208,0.00204,
42,nftonv2,nfbotv2,rf,0.001,calibrate_split,1470,631,2101,0.0,0.49895,1.0,0.51296,0.99602,0.08274,0.05602,0.00208,0.00204,
42,nftonv2,nfbotv2,rf,0.001,calibrate_rethreshold,1470,631,2101,0.03447,0.50098,0.84505,0.51296,0.99589,0.08274,0.05602,0.00208,0.00204,
42,nftonv2,nfbotv2,rf,0.001,rethreshold_split,1470,631,2101,0.03447,0.50098,0.84505,0.51296,0.18667,0.08274,0.05602,0.00208,0.00204,
42,nftonv2,nfbotv2,rf,0.01,calibrate_split,14700,6300,21000,0.0,0.49895,1.0,0.51296,0.99788,0.00203,0.0,0.00208,0.00204,
42,nftonv2,nfbotv2,rf,0.01,calibrate_rethreshold,14700,6300,21000,0.02071,0.5103,0.97259,0.5002,0.00268,0.04328,0.05483,0.0,0.0,
42,nftonv2,nfbotv2,rf,0.01,rethreshold_split,14700,6300,21000,0.02071,0.5103,0.97259,0.5002,0.36,0.04328,0.05483,0.0,0.0,
42,nftonv2,nf2018v2,lgbm,0.0001,calibrate_split,151,66,217,0.0,0.46854,0.0,0.51806,0.18959,0.03999,0.0006,0.09304,0.04662,
42,nftonv2,nf2018v2,lgbm,0.0001,calibrate_rethreshold,151,66,217,0.35126,0.6727,0.05244,0.56867,0.86587,0.36222,0.05244,0.00291,8e-05,
42,nftonv2,nf2018v2,lgbm,0.0001,rethreshold_split,151,66,217,0.35126,0.6727,0.05244,0.56867,0.99962,0.36222,0.05244,0.00291,8e-05,
42,nftonv2,nf2018v2,lgbm,0.001,calibrate_split,1472,630,2102,0.0,0.46854,0.0,0.51806,0.14223,0.08087,0.00881,0.09304,0.04662,
42,nftonv2,nf2018v2,lgbm,0.001,calibrate_rethreshold,1472,630,2102,0.41078,0.70536,0.0673,0.56867,0.88761,4e-05,0.00075,0.00291,8e-05,
42,nftonv2,nf2018v2,lgbm,0.001,rethreshold_split,1472,630,2102,0.41078,0.70536,0.0673,0.56867,0.99947,4e-05,0.00075,0.00291,8e-05,
42,nftonv2,nf2018v2,lgbm,0.01,calibrate_split,14701,6300,21001,0.0,0.46854,0.0,0.51806,0.1443,0.08404,0.00909,0.09304,0.04662,
42,nftonv2,nf2018v2,lgbm,0.01,calibrate_rethreshold,14701,6300,21001,0.41067,0.70531,0.06744,0.56867,0.88941,0.0022,0.00708,0.00291,8e-05,
42,nftonv2,nf2018v2,lgbm,0.01,rethreshold_split,14701,6300,21001,0.41067,0.70531,0.06744,0.56867,0.99947,0.0022,0.00708,0.00291,8e-05,
42,nftonv2,nfunswv2,lgbm,0.0001,calibrate_split,101,43,144,0.0,0.49037,0.0,0.48459,0.07016,0.0606,0.06047,0.00688,0.00106,
42,nftonv2,nfunswv2,lgbm,0.0001,calibrate_rethreshold,101,43,144,0.11992,0.51451,0.00059,0.54813,0.9313,0.02501,0.00059,0.13945,0.02924,
42,nftonv2,nfunswv2,lgbm,0.0001,rethreshold_split,101,43,144,0.11992,0.51451,0.00059,0.54813,0.99997,0.02501,0.00059,0.13945,0.02924,
42,nftonv2,nfunswv2,lgbm,0.001,calibrate_split,975,417,1392,0.0,0.49037,0.0,0.54813,0.05739,0.09645,0.0051,0.13945,0.02924,
42,nftonv2,nfunswv2,lgbm,0.001,calibrate_rethreshold,975,417,1392,0.14225,0.52983,0.16325,0.54813,0.05564,0.09645,0.0051,0.13945,0.02924,
42,nftonv2,nfunswv2,lgbm,0.001,rethreshold_split,975,417,1392,0.14225,0.52983,0.16325,0.54813,0.96813,0.09645,0.0051,0.13945,0.02924,
42,nftonv2,nfunswv2,lgbm,0.01,calibrate_split,9734,4173,13907,0.0,0.49037,0.0,0.54813,0.06023,0.13906,0.00898,0.13945,0.02924,
42,nftonv2,nfunswv2,lgbm,0.01,calibrate_rethreshold,9734,4173,13907,0.21581,0.5871,0.00676,0.54813,0.06024,0.13906,0.00898,0.13945,0.02924,
42,nftonv2,nfunswv2,lgbm,0.01,rethreshold_split,9734,4173,13907,0.21581,0.5871,0.00676,0.54813,0.9996,0.13906,0.00898,0.13945,0.02924,
42,nftonv2,nfbotv2,lgbm,0.0001,calibrate_split,148,63,211,0.0,0.49895,1.0,0.56025,,,,0.00222,1e-05,
42,nftonv2,nfbotv2,lgbm,0.001,calibrate_split,1470,631,2101,0.0,0.49895,1.0,0.56025,0.9958,0.41514,0.25387,0.00222,1e-05,
42,nftonv2,nfbotv2,lgbm,0.001,calibrate_rethreshold,1470,631,2101,0.21444,0.59771,0.85936,0.56025,0.99577,0.41514,0.25387,0.00222,1e-05,
42,nftonv2,nfbotv2,lgbm,0.001,rethreshold_split,1470,631,2101,0.21444,0.59771,0.85936,0.56025,0.00029,0.41514,0.25387,0.00222,1e-05,
42,nftonv2,nfbotv2,lgbm,0.01,calibrate_split,14700,6300,21000,0.0,0.49895,1.0,0.56025,0.99702,0.00197,0.00834,0.00222,1e-05,
42,nftonv2,nfbotv2,lgbm,0.01,calibrate_rethreshold,14700,6300,21000,0.27636,0.59459,0.88915,0.56025,0.99561,0.00197,0.00834,0.00222,1e-05,
42,nftonv2,nfbotv2,lgbm,0.01,rethreshold_split,14700,6300,21000,0.27636,0.59459,0.88915,0.56025,0.00018,0.00197,0.00834,0.00222,1e-05,
42,nftonv2,nf2018v2,mlp,0.0001,calibrate_split,151,66,217,0.0,0.46854,0.0,0.55547,0.14968,0.14169,0.0023,0.22108,0.00562,
42,nftonv2,nf2018v2,mlp,0.0001,calibrate_rethreshold,151,66,217,0.33151,0.59445,0.0023,0.55547,0.14968,0.14169,0.0023,0.22108,0.00562,
42,nftonv2,nf2018v2,mlp,0.0001,rethreshold_split,151,66,217,0.33151,0.59445,0.0023,0.54834,0.99903,0.14169,0.0023,0.22108,0.00562,
42,nftonv2,nf2018v2,mlp,0.001,calibrate_split,1472,630,2102,0.0,0.46854,0.0,0.53069,0.12679,0.0,0.0,0.0,0.0,
42,nftonv2,nf2018v2,mlp,0.001,calibrate_rethreshold,1472,630,2102,0.3833,0.6277,0.00279,0.55542,0.89438,0.19312,0.00307,0.22108,0.00562,
42,nftonv2,nf2018v2,mlp,0.001,rethreshold_split,1472,630,2102,0.3833,0.6277,0.00279,0.54834,0.99822,0.19312,0.00307,0.22108,0.00562,
42,nftonv2,nf2018v2,mlp,0.01,calibrate_split,14701,6300,21001,0.0,0.46854,0.0,0.53067,0.12472,0.0,0.0,0.0,0.0,
42,nftonv2,nf2018v2,mlp,0.01,calibrate_rethreshold,14701,6300,21001,0.39622,0.64033,0.00398,0.55544,0.89453,0.22036,0.00929,0.22108,0.00562,
42,nftonv2,nf2018v2,mlp,0.01,rethreshold_split,14701,6300,21001,0.39622,0.64033,0.00398,0.54834,0.99738,0.22036,0.00929,0.22108,0.00562,
42,nftonv2,nfunswv2,mlp,0.0001,calibrate_split,101,43,144,0.0,0.49037,0.0,0.50054,0.07388,0.0,0.0,0.0,0.0,
42,nftonv2,nfunswv2,mlp,0.0001,calibrate_rethreshold,101,43,144,0.0172,0.41324,0.38645,0.50194,0.93552,0.0,0.0,0.0,0.0,
42,nftonv2,nfunswv2,mlp,0.0001,rethreshold_split,101,43,144,0.0172,0.41324,0.38645,0.50199,0.99203,0.0,0.0,0.0,0.0,
42,nftonv2,nfunswv2,mlp,0.001,calibrate_split,975,417,1392,0.0,0.49037,0.0,0.50197,0.04571,0.0,0.0,0.0,0.0,
42,nftonv2,nfunswv2,mlp,0.001,calibrate_rethreshold,975,417,1392,0.06308,0.29251,0.66652,0.50054,0.9543,0.0,0.0,0.0,0.0,
42,nftonv2,nfunswv2,mlp,0.001,rethreshold_split,975,417,1392,0.06308,0.29251,0.66652,0.50041,0.00046,0.0,0.0,0.0,0.0,
42,nftonv2,nfunswv2,mlp,0.01,calibrate_split,9734,4173,13907,0.0,0.49037,0.0,0.50197,0.04791,0.0,0.0,0.0,0.0,
42,nftonv2,nfunswv2,mlp,0.01,calibrate_rethreshold,9734,4173,13907,0.08772,0.2731,0.70511,0.5005,0.95209,0.0,0.0,0.0,0.0,
42,nftonv2,nfunswv2,mlp,0.01,rethreshold_split,9734,4173,13907,0.08772,0.2731,0.70511,0.50041,2e-05,0.0,0.0,0.0,0.0,
42,nftonv2,nfbotv2,mlp,0.0001,calibrate_split,148,63,211,0.0,0.49895,1.0,0.50501,,,,0.0,0.0,
42,nftonv2,nfbotv2,mlp,0.001,calibrate_split,1470,631,2101,0.0,0.49895,1.0,0.65293,0.99721,0.61355,0.18474,0.0,0.0,
42,nftonv2,nfbotv2,mlp,0.001,calibrate_rethreshold,1470,631,2101,0.05687,0.38878,0.18474,0.65293,0.99721,0.61355,0.18474,0.0,0.0,
42,nftonv2,nfbotv2,mlp,0.001,rethreshold_split,1470,631,2101,0.05687,0.38878,0.18474,0.65292,0.99758,0.61355,0.18474,1e-05,0.0,
42,nftonv2,nfbotv2,mlp,0.01,calibrate_split,14700,6300,21000,0.0,0.49895,1.0,0.65293,0.99817,0.0,0.0,0.0,0.0,
42,nftonv2,nfbotv2,mlp,0.01,calibrate_rethreshold,14700,6300,21000,0.46647,0.69266,0.75209,0.65293,0.92941,0.0,0.0,0.0,0.0,
42,nftonv2,nfbotv2,mlp,0.01,rethreshold_split,14700,6300,21000,0.46647,0.69266,0.75209,0.65292,0.0,0.0,0.0,1e-05,0.0,
42,nfbotv2,nf2018v2,rf,0.0001,calibrate_split,151,66,217,-0.02426,0.4677,0.00653,0.78865,0.37549,0.03531,0.01585,0.01837,0.0,
42,nfbotv2,nf2018v2,rf,0.0001,calibrate_rethreshold,151,66,217,0.73615,0.86633,0.04599,0.78865,0.23453,0.03531,0.01585,0.01837,0.0,
42,nfbotv2,nf2018v2,rf,0.0001,rethreshold_split,151,66,217,0.73615,0.86633,0.04599,0.78865,0.56667,0.03531,0.01585,0.01837,0.0,
42,nfbotv2,nf2018v2,rf,0.001,calibrate_split,1472,630,2102,0.27269,0.60983,0.02191,0.78865,0.88032,4e-05,0.0057,0.01837,0.0,
42,nfbotv2,nf2018v2,rf,0.001,calibrate_rethreshold,1472,630,2102,0.73535,0.86766,0.03228,0.78865,0.35911,4e-05,0.0057,0.01837,0.0,
42,nfbotv2,nf2018v2,rf,0.001,rethreshold_split,1472,630,2102,0.73535,0.86766,0.03228,0.78865,0.61667,4e-05,0.0057,0.01837,0.0,
42,nfbotv2,nf2018v2,rf,0.01,calibrate_split,14701,6300,21001,0.27086,0.61724,0.02959,0.78865,0.9018,0.01824,0.00738,0.01837,0.0,
42,nfbotv2,nf2018v2,rf,0.01,calibrate_rethreshold,14701,6300,21001,0.75938,0.87923,0.03551,0.78865,0.38056,0.01824,0.00738,0.01837,0.0,
42,nfbotv2,nf2018v2,rf,0.01,rethreshold_split,14701,6300,21001,0.75938,0.87923,0.03551,0.78865,0.59667,0.01824,0.00738,0.01837,0.0,
42,nfbotv2,nfunswv2,rf,0.0001,calibrate_split,101,43,144,0.0,0.49037,0.0,0.48794,0.06963,0.02435,0.09871,0.01389,0.0004,
42,nfbotv2,nfunswv2,rf,0.0001,calibrate_rethreshold,101,43,144,0.08931,0.37631,0.51184,0.5302,0.93061,0.02646,0.00496,0.02646,0.02487,
42,nfbotv2,nfunswv2,rf,0.0001,rethreshold_split,101,43,144,0.08931,0.37631,0.51184,0.5302,0.41333,0.02646,0.00496,0.02646,0.02487,
42,nfbotv2,nfunswv2,rf,0.001,calibrate_split,975,417,1392,0.0,0.49037,0.0,0.5302,0.06685,0.02646,0.00496,0.02646,0.02487,
42,nfbotv2,nfunswv2,rf,0.001,calibrate_rethreshold,975,417,1392,0.04662,0.50308,0.00194,0.48794,0.97168,0.01389,0.00194,0.01389,0.0004,
42,nfbotv2,nfunswv2,rf,0.001,rethreshold_split,975,417,1392,0.04662,0.50308,0.00194,0.48794,0.75667,0.01389,0.00194,0.01389,0.0004,
42,nfbotv2,nfunswv2,rf,0.01,calibrate_split,9734,4173,13907,0.0,0.49037,0.0,0.5302,0.09751,0.02329,8e-05,0.02646,0.02487,
42,nfbotv2,nfunswv2,rf,0.01,calibrate_rethreshold,9734,4173,13907,0.14328,0.51328,8e-05,0.5302,0.09751,0.02329,8e-05,0.02646,0.02487,
42,nfbotv2,nfunswv2,rf,0.01,rethreshold_split,9734,4173,13907,0.14328,0.51328,8e-05,0.5302,0.84667,0.02329,8e-05,0.02646,0.02487,
42,nfbotv2,nftonv2,rf,0.0001,calibrate_split,150,63,213,0.0,0.42062,1.0,0.74947,0.8598,0.11928,0.06531,0.01365,0.0,
42,nfbotv2,nftonv2,rf,0.0001,calibrate_rethreshold,150,63,213,0.6019,0.79747,0.36893,0.74947,0.65573,0.11928,0.06531,0.01365,0.0,
42,nfbotv2,nftonv2,rf,0.0001,rethreshold_split,150,63,213,0.6019,0.79747,0.36893,0.74947,0.1,0.11928,0.06531,0.01365,0.0,
42,nfbotv2,nftonv2,rf,0.001,calibrate_split,1470,630,2100,0.0,0.42062,1.0,0.74947,0.91672,0.01335,0.00213,0.01365,0.0,
42,nfbotv2,nftonv2,rf,0.001,calibrate_rethreshold,1470,630,2100,0.62755,0.80639,0.38674,0.74947,0.631,0.01335,0.00213,0.01365,0.0,
42,nfbotv2,nftonv2,rf,0.001,rethreshold_split,1470,630,2100,0.62755,0.80639,0.38674,0.74947,0.08667,0.01335,0.00213,0.01365,0.0,
42,nfbotv2,nftonv2,rf,0.01,calibrate_split,14700,6300,21000,0.0,0.42062,1.0,0.74947,0.92707,0.01379,0.01201,0.01365,0.0,
42,nfbotv2,nftonv2,rf,0.01,calibrate_rethreshold,14700,6300,21000,0.62755,0.80639,0.38674,0.74947,0.62208,0.01379,0.01201,0.01365,0.0,
42,nfbotv2,nftonv2,rf,0.01,rethreshold_split,14700,6300,21000,0.62755,0.80639,0.38674,0.74947,0.08667,0.01379,0.01201,0.01365,0.0,
42,nfbotv2,nf2018v2,lgbm,0.0001,calibrate_split,151,66,217,0.0,0.46854,0.0,0.5739,0.24362,0.0,0.0,0.0,0.0,
42,nfbotv2,nf2018v2,lgbm,0.0001,calibrate_rethreshold,151,66,217,0.31442,0.51475,0.4811,0.5739,0.24362,0.0,0.0,0.0,0.0,
42,nfbotv2,nf2018v2,lgbm,0.0001,rethreshold_split,151,66,217,0.31442,0.51475,0.4811,0.5739,1.0,0.0,0.0,0.0,0.0,
42,nfbotv2,nf2018v2,lgbm,0.001,calibrate_split,1472,630,2102,0.0,0.46854,0.0,0.5739,0.22225,0.0,0.0,0.0,0.0,
42,nfbotv2,nf2018v2,lgbm,0.001,calibrate_rethreshold,1472,630,2102,0.31442,0.51475,0.4811,0.5739,0.22225,0.0,0.0,0.0,0.0,
42,nfbotv2,nf2018v2,lgbm,0.001,rethreshold_split,1472,630,2102,0.31442,0.51475,0.4811,0.5739,1.0,0.0,0.0,0.0,0.0,
42,nfbotv2,nf2018v2,lgbm,0.01,calibrate_split,14701,6300,21001,0.0,0.46854,0.0,0.5739,0.21413,0.0,0.0,0.0,0.0,
42,nfbotv2,nf2018v2,lgbm,0.01,calibrate_rethreshold,14701,6300,21001,0.31442,0.51475,0.4811,0.5739,0.21413,0.0,0.0,0.0,0.0,
42,nfbotv2,nf2018v2,lgbm,0.01,rethreshold_split,14701,6300,21001,0.31442,0.51475,0.4811,0.5739,1.0,0.0,0.0,0.0,0.0,
42,nfbotv2,nfunswv2,lgbm,0.0001,calibrate_split,101,43,144,0.0,0.49037,0.0,0.52394,0.13106,0.0,0.0,0.0,0.0,
42,nfbotv2,nfunswv2,lgbm,0.0001,calibrate_rethreshold,101,43,144,0.17115,0.54515,0.15019,0.52394,0.13106,0.0,0.0,0.0,0.0,
42,nfbotv2,nfunswv2,lgbm,0.0001,rethreshold_split,101,43,144,0.17115,0.54515,0.15019,0.52394,1.0,0.0,0.0,0.0,0.0,
42,nfbotv2,nfunswv2,lgbm,0.001,calibrate_split,975,417,1392,0.0,0.49037,0.0,0.52394,0.12647,0.0,0.0,0.0,0.0,
42,nfbotv2,nfunswv2,lgbm,0.001,calibrate_rethreshold,975,417,1392,0.17115,0.54515,0.15019,0.52394,0.12647,0.0,0.0,0.0,0.0,
42,nfbotv2,nfunswv2,lgbm,0.001,rethreshold_split,975,417,1392,0.17115,0.54515,0.15019,0.52394,1.0,0.0,0.0,0.0,0.0,
42,nfbotv2,nfunswv2,lgbm,0.01,calibrate_split,9734,4173,13907,0.0,0.49037,0.0,0.52394,0.11244,0.0,0.0,0.0,0.0,
42,nfbotv2,nfunswv2,lgbm,0.01,calibrate_rethreshold,9734,4173,13907,0.17115,0.54515,0.15019,0.52394,0.11244,0.0,0.0,0.0,0.0,
42,nfbotv2,nfunswv2,lgbm,0.01,rethreshold_split,9734,4173,13907,0.17115,0.54515,0.15019,0.52394,1.0,0.0,0.0,0.0,0.0,
42,nfbotv2,nftonv2,lgbm,0.0001,calibrate_split,150,63,213,0.0,0.42062,1.0,0.50969,0.75611,0.0,0.0,0.0,0.0,
42,nfbotv2,nftonv2,lgbm,0.0001,calibrate_rethreshold,150,63,213,0.04465,0.43517,0.2841,0.50969,0.75611,0.0,0.0,0.0,0.0,
42,nfbotv2,nftonv2,lgbm,0.0001,rethreshold_split,150,63,213,0.04465,0.43517,0.2841,0.50969,1.0,0.0,0.0,0.0,0.0,
42,nfbotv2,nftonv2,lgbm,0.001,calibrate_split,1470,630,2100,0.0,0.42062,1.0,0.50969,0.76339,0.0,0.0,0.0,0.0,
42,nfbotv2,nftonv2,lgbm,0.001,calibrate_rethreshold,1470,630,2100,0.04465,0.43517,0.2841,0.50969,0.76339,0.0,0.0,0.0,0.0,
42,nfbotv2,nftonv2,lgbm,0.001,rethreshold_split,1470,630,2100,0.04465,0.43517,0.2841,0.50969,1.0,0.0,0.0,0.0,0.0,
42,nfbotv2,nftonv2,lgbm,0.01,calibrate_split,14700,6300,21000,0.0,0.42062,1.0,0.50969,0.75672,0.0,0.0,0.0,0.0,
42,nfbotv2,nftonv2,lgbm,0.01,calibrate_rethreshold,14700,6300,21000,0.04465,0.43517,0.2841,0.50969,0.75672,0.0,0.0,0.0,0.0,
42,nfbotv2,nftonv2,lgbm,0.01,rethreshold_split,14700,6300,21000,0.04465,0.43517,0.2841,0.50969,1.0,0.0,0.0,0.0,0.0,
42,nfbotv2,nf2018v2,mlp,0.0001,calibrate_split,151,66,217,0.0,0.46854,0.0,0.70972,0.41487,0.58638,0.04898,0.06727,0.0,
42,nfbotv2,nf2018v2,mlp,0.0001,calibrate_rethreshold,151,66,217,0.54925,0.7745,0.04898,0.70972,0.41487,0.58638,0.04898,0.06727,0.0,
42,nfbotv2,nf2018v2,mlp,0.0001,rethreshold_split,151,66,217,0.54925,0.7745,0.04898,0.70974,0.99646,0.58638,0.04898,0.06727,0.0,
42,nfbotv2,nf2018v2,mlp,0.001,calibrate_split,1472,630,2102,0.0,0.46854,0.0,0.70972,0.37054,0.06394,0.00859,0.06727,0.0,
42,nfbotv2,nf2018v2,mlp,0.001,calibrate_rethreshold,1472,630,2102,0.56088,0.77979,0.04256,0.70972,0.36923,0.06394,0.00859,0.06727,0.0,
42,nfbotv2,nf2018v2,mlp,0.001,rethreshold_split,1472,630,2102,0.56088,0.77979,0.04256,0.70974,0.99806,0.06394,0.00859,0.06727,0.0,
42,nfbotv2,nf2018v2,mlp,0.01,calibrate_split,14701,6300,21001,0.0,0.46854,0.0,0.70972,0.36112,0.06647,0.00872,0.06727,0.0,
42,nfbotv2,nf2018v2,mlp,0.01,calibrate_rethreshold,14701,6300,21001,0.56097,0.7798,0.04233,0.70972,0.35983,0.06647,0.00872,0.06727,0.0,
42,nfbotv2,nf2018v2,mlp,0.01,rethreshold_split,14701,6300,21001,0.56097,0.7798,0.04233,0.70974,0.99811,0.06647,0.00872,0.06727,0.0,
42,nfbotv2,nfunswv2,mlp,0.0001,calibrate_split,101,43,144,0.0,0.49037,0.0,0.50125,0.08325,0.0,0.0,0.0,0.0,
42,nfbotv2,nfunswv2,mlp,0.0001,calibrate_rethreshold,101,43,144,0.03341,0.37771,0.48413,0.50125,0.08317,0.0,0.0,0.0,0.0,
42,nfbotv2,nfunswv2,mlp,0.0001,rethreshold_split,101,43,144,0.03341,0.37771,0.48413,0.50114,0.99825,0.0,0.0,0.0,0.0,
42,nfbotv2,nfunswv2,mlp,0.001,calibrate_split,975,417,1392,0.0,0.49037,0.0,0.50125,0.04522,0.0,0.0,0.0,0.0,
42,nfbotv2,nfunswv2,mlp,0.001,calibrate_rethreshold,975,417,1392,0.04995,0.1995,0.81023,0.50125,0.03052,0.0,0.0,0.0,0.0,
42,nfbotv2,nfunswv2,mlp,0.001,rethreshold_split,975,417,1392,0.04995,0.1995,0.81023,0.50114,0.0,0.0,0.0,0.0,0.0,
42,nfbotv2,nfunswv2,mlp,0.01,calibrate_split,9734,4173,13907,0.0,0.49037,0.0,0.50133,0.04474,0.0,0.0,0.0,0.0,
42,nfbotv2,nfunswv2,mlp,0.01,calibrate_rethreshold,9734,4173,13907,0.09661,0.35527,0.55836,0.50242,0.95526,0.0,0.0,0.0,0.0,
42,nfbotv2,nfunswv2,mlp,0.01,rethreshold_split,9734,4173,13907,0.09661,0.35527,0.55836,0.50246,0.0,0.0,0.0,0.0,0.0,
42,nfbotv2,nftonv2,mlp,0.0001,calibrate_split,150,63,213,0.0,0.42062,1.0,0.59781,0.81514,0.0,0.0,0.0,0.0,
42,nfbotv2,nftonv2,mlp,0.0001,calibrate_rethreshold,150,63,213,0.24044,0.6081,0.4046,0.59781,0.74356,0.0,0.0,0.0,0.0,
42,nfbotv2,nftonv2,mlp,0.0001,rethreshold_split,150,63,213,0.24044,0.6081,0.4046,0.59778,0.71208,0.0,0.0,0.0,0.0,
42,nfbotv2,nftonv2,mlp,0.001,calibrate_split,1470,630,2100,0.20905,0.57953,0.76125,0.59783,0.84145,0.0,0.0,0.0,0.0,
42,nfbotv2,nftonv2,mlp,0.001,calibrate_rethreshold,1470,630,2100,0.36152,0.68058,0.48084,0.59783,0.64121,0.0,0.0,0.0,0.0,
42,nfbotv2,nftonv2,mlp,0.001,rethreshold_split,1470,630,2100,0.36152,0.68058,0.48084,0.59778,0.45209,0.0,0.0,0.0,0.0,
42,nfbotv2,nftonv2,mlp,0.01,calibrate_split,14700,6300,21000,0.16693,0.55365,0.80426,0.59783,0.83943,0.0,0.0,0.0,0.0,
42,nfbotv2,nftonv2,mlp,0.01,calibrate_rethreshold,14700,6300,21000,0.36177,0.6807,0.48126,0.59783,0.64746,0.0,0.0,0.0,0.0,
42,nfbotv2,nftonv2,mlp,0.01,rethreshold_split,14700,6300,21000,0.36177,0.6807,0.48126,0.59778,0.45102,0.0,0.0,0.0,0.0,
