seed,source,target,model,zs_auprc,zs_best_thr,zs_mcc,budget,cal_mcc,cal_best_thr,cal_ece,bo_mcc,external
42,nf2018v2,nfunswv2,rf,0.482504028346021,0.0351508798697585,0.0177451641062689,0.0001,0.0,0.211333213586484,0.0316453841730024,0.8761985266844862,0
42,nf2018v2,nfunswv2,rf,0.482504028346021,0.0351508798697585,0.0177451641062689,0.001,0.0,0.211333213586484,0.0034896743497448,0.9017121184941622,0
42,nf2018v2,nfunswv2,rf,0.482504028346021,0.0351508798697585,0.0177451641062689,0.01,0.0,0.211333213586484,0.0181777664559709,0.9416738256656512,0
42,nf2018v2,nfunswv2,rf,0.482504028346021,0.0351508798697585,0.0177451641062689,0.05,0.0,0.211333213586484,0.0122861947791112,0.947460954031949,0
42,nf2018v2,nfunswv2,rf,0.482504028346021,0.0351508798697585,0.0177451641062689,0.1,0.0,0.211333213586484,0.0120035801319755,0.9521709432394554,0
42,nf2018v2,nftonv2,rf,0.5745387800434103,0.289746575725313,-0.1039117740655916,0.0001,0.0,0.3223161750898652,0.1441443864305999,0.8729442246372302,0
42,nf2018v2,nftonv2,rf,0.5745387800434103,0.289746575725313,-0.1039117740655916,0.001,0.0,0.3223161750898652,0.1521393492429953,0.9356466158206888,0
42,nf2018v2,nftonv2,rf,0.5745387800434103,0.289746575725313,-0.1039117740655916,0.01,0.0,0.3223161750898652,4.112555585344957e-05,0.966984422109598,0
42,nf2018v2,nftonv2,rf,0.5745387800434103,0.289746575725313,-0.1039117740655916,0.05,0.0,0.3223161750898652,5.568285609602874e-06,0.9798130676390084,0
42,nf2018v2,nftonv2,rf,0.5745387800434103,0.289746575725313,-0.1039117740655916,0.1,0.0,0.3223161750898652,5.738457507065142e-06,0.9824624469465004,0
42,nf2018v2,nfbotv2,rf,0.5141361806847943,0.1770706314836578,0.0140458956731383,0.0001,0.0,0.1770706314836578,0.0005956636815108,0.216992622689214,0
42,nf2018v2,nfbotv2,rf,0.5141361806847943,0.1770706314836578,0.0140458956731383,0.001,0.0,0.0697757322812633,7.645106263487467e-05,0.7254914102759167,0
42,nf2018v2,nfbotv2,rf,0.5141361806847943,0.1770706314836578,0.0140458956731383,0.01,0.0,0.0697757322812633,2.845720238231486e-06,0.8904987449953482,0
42,nf2018v2,nfbotv2,rf,0.5141361806847943,0.1770706314836578,0.0140458956731383,0.05,0.0,0.0697757322812633,2.9984424086748614e-05,0.957586525495166,0
42,nf2018v2,nfbotv2,rf,0.5141361806847943,0.1770706314836578,0.0140458956731383,0.1,0.0,0.0697757322812633,1.8044885039980585e-05,0.9686476482794264,0
42,nf2018v2,nfunswv2,lgbm,0.4971670698700526,0.1039898614949912,0.1398249324591947,0.0001,0.0,0.2429855971147617,0.0339960071703313,0.7394773684828944,0
42,nf2018v2,nfunswv2,lgbm,0.4971670698700526,0.1039898614949912,0.1398249324591947,0.001,0.0,0.2429855971147617,0.0034844528219929,0.8783335913449848,0
42,nf2018v2,nfunswv2,lgbm,0.4971670698700526,0.1039898614949912,0.1398249324591947,0.01,0.0,0.1039898614949912,0.0016861411680971,0.9406611226839506,0
42,nf2018v2,nfunswv2,lgbm,0.4971670698700526,0.1039898614949912,0.1398249324591947,0.05,0.0,0.1039898614949912,0.0015074269190864,0.9454640344668888,0
42,nf2018v2,nfunswv2,lgbm,0.4971670698700526,0.1039898614949912,0.1398249324591947,0.1,0.0,0.1039898614949912,0.0014286243374534,0.9488703253372784,0
42,nf2018v2,nftonv2,lgbm,0.6894333094193617,0.4761583795939519,0.0592008553977918,0.0001,0.0,0.4761583795939519,0.0174255220526385,0.8467710817392476,0
42,nf2018v2,nftonv2,lgbm,0.6894333094193617,0.4761583795939519,0.0592008553977918,0.001,0.0,0.4761583795939519,0.0224472914653997,0.932430527676789,0
42,nf2018v2,nftonv2,lgbm,0.6894333094193617,0.4761583795939519,0.0592008553977918,0.01,0.0,0.4761583795939519,0.0194551848739704,0.9693389129460036,0
42,nf2018v2,nftonv2,lgbm,0.6894333094193617,0.4761583795939519,0.0592008553977918,0.05,0.0,0.4761583795939519,0.0165637605323256,0.980042821964238,0
42,nf2018v2,nftonv2,lgbm,0.6894333094193617,0.4761583795939519,0.0592008553977918,0.1,0.0,0.4761583795939519,0.0168355836812536,0.9815567289244258,0
42,nf2018v2,nfbotv2,lgbm,0.5376571789251455,0.236406810610959,-0.0015907870976558,0.0001,0.0,0.236406810610959,0.0005537068237266,0.4054627247441705,0
42,nf2018v2,nfbotv2,lgbm,0.5376571789251455,0.236406810610959,-0.0015907870976558,0.001,0.0,0.236406810610959,0.000163261028775,0.7755071246652027,0
42,nf2018v2,nfbotv2,lgbm,0.5376571789251455,0.236406810610959,-0.0015907870976558,0.01,0.0,0.236406810610959,3.818525755694413e-05,0.8772887146612782,0
42,nf2018v2,nfbotv2,lgbm,0.5376571789251455,0.236406810610959,-0.0015907870976558,0.05,0.0,0.236406810610959,5.508291696998402e-05,0.080256899090869,0
42,nf2018v2,nfbotv2,lgbm,0.5376571789251455,0.236406810610959,-0.0015907870976558,0.1,0.0,0.236406810610959,5.015469597358102e-05,-0.0023371958334884,0
42,nf2018v2,nfunswv2,mlp,0.4805020824809766,0.0650747546480927,-0.029812324021384,0.0001,0.0,0.0650747546480927,0.0316071283874695,0.6738046434465649,0
42,nf2018v2,nfunswv2,mlp,0.4805020824809766,0.0650747546480927,-0.029812324021384,0.001,0.0,0.2077714847510529,0.0016174291252079,0.8724595041636478,0
42,nf2018v2,nfunswv2,mlp,0.4805020824809766,0.0650747546480927,-0.029812324021384,0.01,0.0,0.2077714847510529,0.0051160417284934,0.9020094267814196,0
42,nf2018v2,nfunswv2,mlp,0.4805020824809766,0.0650747546480927,-0.029812324021384,0.05,0.0,0.2077714847510529,0.0069159954433617,0.9212390576675296,0
42,nf2018v2,nfunswv2,mlp,0.4805020824809766,0.0650747546480927,-0.029812324021384,0.1,0.0,0.2077714847510529,0.007030254372716,0.9232569489766432,0
42,nf2018v2,nftonv2,mlp,0.5592644535724319,0.209365465050471,0.0161554474949153,0.0001,0.0,0.207984957709237,0.0017943489375922,0.6570746325098591,0
42,nf2018v2,nftonv2,mlp,0.5592644535724319,0.209365465050471,0.0161554474949153,0.001,0.0,0.207984957709237,0.0163774571474541,0.9079778559277176,0
42,nf2018v2,nftonv2,mlp,0.5592644535724319,0.209365465050471,0.0161554474949153,0.01,0.0,0.207984957709237,0.0025422393601777,0.9356558783057712,0
42,nf2018v2,nftonv2,mlp,0.5592644535724319,0.209365465050471,0.0161554474949153,0.05,0.0,0.207984957709237,0.0035704369103765,0.943495210597836,0
42,nf2018v2,nftonv2,mlp,0.5592644535724319,0.209365465050471,0.0161554474949153,0.1,0.0,0.207984957709237,0.0034560237771761,0.953793840451774,0
42,nf2018v2,nfbotv2,mlp,0.5336668441684201,0.1643808721506252,-0.0529870448311523,0.0001,0.0,0.3841626478708912,0.0005281957620044,0.0852131190162651,0
42,nf2018v2,nfbotv2,mlp,0.5336668441684201,0.1643808721506252,-0.0529870448311523,0.001,0.0,0.3841626478708912,6.550071902078347e-05,0.6500893936409267,0
42,nf2018v2,nfbotv2,mlp,0.5336668441684201,0.1643808721506252,-0.0529870448311523,0.01,0.0,0.3841626478708912,8.020963209154353e-05,0.7544048080784458,0
42,nf2018v2,nfbotv2,mlp,0.5336668441684201,0.1643808721506252,-0.0529870448311523,0.05,0.0,0.3841626478708912,0.0001141366246397,0.8074495526479445,0
42,nf2018v2,nfbotv2,mlp,0.5336668441684201,0.1643808721506252,-0.0529870448311523,0.1,0.0,0.3841626478708912,2.1508643506473742e-05,0.932578450959186,0
42,nfunswv2,nf2018v2,rf,0.5095274836806666,0.248847928948743,-0.2515364848700282,0.0001,0.0,0.248847928948743,0.0289771028907344,0.945363583798542,0
42,nfunswv2,nf2018v2,rf,0.5095274836806666,0.248847928948743,-0.2515364848700282,0.001,0.0,0.248847928948743,0.0010093848343318,0.9617495449421696,0
42,nfunswv2,nf2018v2,rf,0.5095274836806666,0.248847928948743,-0.2515364848700282,0.01,0.0,0.2791667975239614,1.9041763566041148e-05,0.972867491168671,0
42,nfunswv2,nf2018v2,rf,0.5095274836806666,0.248847928948743,-0.2515364848700282,0.05,0.0,0.2791667975239614,5.53417057115313e-05,0.9759352351671404,0
42,nfunswv2,nf2018v2,rf,0.5095274836806666,0.248847928948743,-0.2515364848700282,0.1,0.0,0.2791667975239614,5.55885177547788e-05,0.9769556813096164,0
42,nfunswv2,nftonv2,rf,0.7143160311015387,0.5648249566571932,-0.1048418353553063,0.0001,0.0,0.5648249566571932,0.1179237404968332,0.8729442246372302,0
42,nfunswv2,nftonv2,rf,0.7143160311015387,0.5648249566571932,-0.1048418353553063,0.001,0.0,0.5648249566571932,0.1601698813566957,0.9356466158206888,0
42,nfunswv2,nftonv2,rf,0.7143160311015387,0.5648249566571932,-0.1048418353553063,0.01,0.0,0.5648249566571932,0.1859597431420797,0.966984422109598,0
42,nfunswv2,nftonv2,rf,0.7143160311015387,0.5648249566571932,-0.1048418353553063,0.05,0.0,0.5648249566571932,0.1873723105234304,0.9798130676390084,0
42,nfunswv2,nftonv2,rf,0.7143160311015387,0.5648249566571932,-0.1048418353553063,0.1,0.0,0.5648249566571932,0.1858965034693919,0.9824624469465004,0
42,nfunswv2,nfbotv2,rf,0.5238575899936123,0.1650537051799349,0.0520054168908804,0.0001,0.0,0.1650537051799349,0.0005710915082899,0.216992622689214,0
42,nfunswv2,nfbotv2,rf,0.5238575899936123,0.1650537051799349,0.0520054168908804,0.001,0.0,0.1650537051799349,3.719661642842542e-05,0.7254914102759167,0
42,nfunswv2,nfbotv2,rf,0.5238575899936123,0.1650537051799349,0.0520054168908804,0.01,0.0,0.1650537051799349,6.773678867433297e-05,0.8904987449953482,0
42,nfunswv2,nfbotv2,rf,0.5238575899936123,0.1650537051799349,0.0520054168908804,0.05,0.0,0.1650537051799349,0.0001688148246839,0.957586525495166,0
42,nfunswv2,nfbotv2,rf,0.5238575899936123,0.1650537051799349,0.0520054168908804,0.1,0.0,0.1650537051799349,0.0002585139318355,0.9686476482794264,0
42,nfunswv2,nf2018v2,lgbm,0.432650893939876,0.0620423784029628,-0.1039445121663993,0.0001,0.0,0.5625198867479088,0.0333119326163682,0.903267570215251,0
42,nfunswv2,nf2018v2,lgbm,0.432650893939876,0.0620423784029628,-0.1039445121663993,0.001,0.0,0.5625198867479088,0.0676110937421192,0.961725791726759,0
42,nfunswv2,nf2018v2,lgbm,0.432650893939876,0.0620423784029628,-0.1039445121663993,0.01,0.0,0.5625198867479088,0.0536766170198821,0.9736689500113244,0
42,nfunswv2,nf2018v2,lgbm,0.432650893939876,0.0620423784029628,-0.1039445121663993,0.05,0.0,0.5625198867479088,0.0537331819215271,0.9760078450582204,0
42,nfunswv2,nf2018v2,lgbm,0.432650893939876,0.0620423784029628,-0.1039445121663993,0.1,0.0,0.5625198867479088,0.0541691028562797,0.976906323321744,0
42,nfunswv2,nftonv2,lgbm,0.484017273881803,0.1463946699241014,-0.1033717107243355,0.0001,0.0,0.249690953266803,0.0654047601811718,0.8467710817392476,0
42,nfunswv2,nftonv2,lgbm,0.484017273881803,0.1463946699241014,-0.1033717107243355,0.001,0.1021470927544035,0.249690953266803,0.025023122503183,0.932430527676789,0
42,nfunswv2,nftonv2,lgbm,0.484017273881803,0.1463946699241014,-0.1033717107243355,0.01,0.1034060162976828,0.249690953266803,0.0273804399766168,0.9693389129460036,0
42,nfunswv2,nftonv2,lgbm,0.484017273881803,0.1463946699241014,-0.1033717107243355,0.05,0.1059408083054563,0.249690953266803,0.0169444351926159,0.980042821964238,0
42,nfunswv2,nftonv2,lgbm,0.484017273881803,0.1463946699241014,-0.1033717107243355,0.1,0.1051137557611963,0.249690953266803,0.0212931594422498,0.9815567289244258,0
42,nfunswv2,nfbotv2,lgbm,0.5142310278609822,0.1545669512225957,0.0018339056770599,0.0001,0.0,0.1545669512225957,0.0005596192979459,0.4054627247441705,0
42,nfunswv2,nfbotv2,lgbm,0.5142310278609822,0.1545669512225957,0.0018339056770599,0.001,0.0,0.1545669512225957,6.0102987217591775e-05,0.7755071246652027,0
42,nfunswv2,nfbotv2,lgbm,0.5142310278609822,0.1545669512225957,0.0018339056770599,0.01,0.0,0.1545669512225957,9.031621275890078e-05,0.8772887146612782,0
42,nfunswv2,nfbotv2,lgbm,0.5142310278609822,0.1545669512225957,0.0018339056770599,0.05,0.0,0.1545669512225957,3.778185414571311e-05,0.001939572376869,0
42,nfunswv2,nfbotv2,lgbm,0.5142310278609822,0.1545669512225957,0.0018339056770599,0.1,0.0,0.1545669512225957,3.2784319874190615e-05,0.5489384344772246,0
42,nfunswv2,nf2018v2,mlp,0.458987844498419,0.1193828623556475,-0.0918913923335356,0.0001,0.0,0.2775477644267495,0.0300046071106858,0.8931536657894262,0
42,nfunswv2,nf2018v2,mlp,0.458987844498419,0.1193828623556475,-0.0918913923335356,0.001,0.0,0.2775477644267495,0.0340305072788408,0.9401013519738656,0
42,nfunswv2,nf2018v2,mlp,0.458987844498419,0.1193828623556475,-0.0918913923335356,0.01,0.0,0.2775477644267495,0.0061765893887861,0.9605731359993388,0
42,nfunswv2,nf2018v2,mlp,0.458987844498419,0.1193828623556475,-0.0918913923335356,0.05,0.0,0.2775477644267495,0.0049928489440185,0.9702359922775567,0
42,nfunswv2,nf2018v2,mlp,0.458987844498419,0.1193828623556475,-0.0918913923335356,0.1,0.0,0.2775477644267495,0.0052400186764554,0.9697527319466452,0
42,nfunswv2,nftonv2,mlp,0.5192587468283111,0.1944203107153015,0.0235262957310435,0.0001,0.0,0.1154504378029406,0.0075402761182045,0.6570746325098591,0
42,nfunswv2,nftonv2,mlp,0.5192587468283111,0.1944203107153015,0.0235262957310435,0.001,0.0,0.1154504378029406,0.0027974585590739,0.9079778559277176,0
42,nfunswv2,nftonv2,mlp,0.5192587468283111,0.1944203107153015,0.0235262957310435,0.01,0.0,0.1154504378029406,0.0075914817151328,0.9356558783057712,0
42,nfunswv2,nftonv2,mlp,0.5192587468283111,0.1944203107153015,0.0235262957310435,0.05,0.0,0.1154504378029406,0.0038748933271753,0.943495210597836,0
42,nfunswv2,nftonv2,mlp,0.5192587468283111,0.1944203107153015,0.0235262957310435,0.1,0.0,0.1154504378029406,0.0082976459564492,0.953793840451774,0
42,nfunswv2,nfbotv2,mlp,0.4985054228446691,0.4482983416563283,-0.0558927353393794,0.0001,0.0,0.1399052282277197,0.0006217469126641,0.0852131190162651,0
42,nfunswv2,nfbotv2,mlp,0.4985054228446691,0.4482983416563283,-0.0558927353393794,0.001,0.0,0.1399052282277197,7.184042387597955e-05,0.6500893936409267,0
42,nfunswv2,nfbotv2,mlp,0.4985054228446691,0.4482983416563283,-0.0558927353393794,0.01,0.0,0.1399052282277197,0.0002441351040542,0.7544048080784458,0
42,nfunswv2,nfbotv2,mlp,0.4985054228446691,0.4482983416563283,-0.0558927353393794,0.05,0.0,0.1399052282277197,0.0005887088122343,0.8074495526479445,0
42,nfunswv2,nfbotv2,mlp,0.4985054228446691,0.4482983416563283,-0.0558927353393794,0.1,0.0,0.1399052282277197,0.0003636302642968,0.932578450959186,0
42,nftonv2,nf2018v2,rf,0.5454033503384739,0.1963547445948619,0.1071753283232489,0.0001,0.0,0.1963547445948619,0.0592872550560628,0.945363583798542,0
42,nftonv2,nf2018v2,rf,0.5454033503384739,0.1963547445948619,0.1071753283232489,0.001,0.0,0.1963547445948619,0.0515639805610583,0.9617495449421696,0
42,nftonv2,nf2018v2,rf,0.5454033503384739,0.1963547445948619,0.1071753283232489,0.01,0.0,0.1963547445948619,0.0444178910056313,0.972867491168671,0
42,nftonv2,nf2018v2,rf,0.5454033503384739,0.1963547445948619,0.1071753283232489,0.05,0.0,0.1963547445948619,0.0423313451675137,0.9759352351671404,0
42,nftonv2,nf2018v2,rf,0.5454033503384739,0.1963547445948619,0.1071753283232489,0.1,0.0,0.1963547445948619,0.0423992140532048,0.9769556813096164,0
42,nftonv2,nfunswv2,rf,0.4987104671390125,0.0865832108131608,0.0514306369379436,0.0001,0.0,0.0865832108131608,0.0316511445250519,0.8761985266844862,0
42,nftonv2,nfunswv2,rf,0.4987104671390125,0.0865832108131608,0.0514306369379436,0.001,0.0,0.1699751385025669,0.0046034477828043,0.9017121184941622,0
42,nftonv2,nfunswv2,rf,0.4987104671390125,0.0865832108131608,0.0514306369379436,0.01,0.0,0.1699751385025669,0.002006298131848,0.9416738256656512,0
42,nftonv2,nfunswv2,rf,0.4987104671390125,0.0865832108131608,0.0514306369379436,0.05,0.0,0.1699751385025669,0.0040236441211554,0.947460954031949,0
42,nftonv2,nfunswv2,rf,0.4987104671390125,0.0865832108131608,0.0514306369379436,0.1,0.0,0.1699751385025669,0.001640818608278,0.9521709432394554,0
42,nftonv2,nfbotv2,rf,0.5129576164835208,0.1405655267621955,-0.0022445515595424,0.0001,0.0,0.1405655267621955,0.0005933893436635,0.216992622689214,0
42,nftonv2,nfbotv2,rf,0.5129576164835208,0.1405655267621955,-0.0022445515595424,0.001,0.0,0.1405655267621955,7.537685337888345e-05,0.7254914102759167,0
42,nftonv2,nfbotv2,rf,0.5129576164835208,0.1405655267621955,-0.0022445515595424,0.01,0.0,0.1405655267621955,8.331402880323857e-05,0.8904987449953482,0
42,nftonv2,nfbotv2,rf,0.5129576164835208,0.1405655267621955,-0.0022445515595424,0.05,0.0,0.1405655267621955,8.158282158265973e-05,0.957586525495166,0
42,nftonv2,nfbotv2,rf,0.5129576164835208,0.1405655267621955,-0.0022445515595424,0.1,0.0,0.1405655267621955,8.176582910912611e-05,0.9686476482794264,0
42,nftonv2,nf2018v2,lgbm,0.5180626835605044,0.2570662711647484,0.045375710899376,0.0001,0.0,0.2570662711647484,0.0297196695174918,0.903267570215251,0
42,nftonv2,nf2018v2,lgbm,0.5180626835605044,0.2570662711647484,0.045375710899376,0.001,0.0,0.2570662711647484,0.014056846882214,0.961725791726759,0
42,nftonv2,nf2018v2,lgbm,0.5180626835605044,0.2570662711647484,0.045375710899376,0.01,0.0,0.2570662711647484,0.0094992138755954,0.9736689500113244,0
42,nftonv2,nf2018v2,lgbm,0.5180626835605044,0.2570662711647484,0.045375710899376,0.05,0.0,0.2570662711647484,0.0089289010972769,0.9760078450582204,0
42,nftonv2,nf2018v2,lgbm,0.5180626835605044,0.2570662711647484,0.045375710899376,0.1,0.0,0.2570662711647484,0.0084458969212331,0.976906323321744,0
42,nftonv2,nfunswv2,lgbm,0.4845886081454846,0.0603591013402994,-0.0633893816993777,0.0001,0.0,0.2119639674750343,0.0310931724568381,0.7394773684828944,0
42,nftonv2,nfunswv2,lgbm,0.4845886081454846,0.0603591013402994,-0.0633893816993777,0.001,0.0,0.2119639674750343,0.0014661290956235,0.8783335913449848,0
42,nftonv2,nfunswv2,lgbm,0.4845886081454846,0.0603591013402994,-0.0633893816993777,0.01,0.0,0.2119639674750343,0.0002207547966169,0.9406611226839506,0
42,nftonv2,nfunswv2,lgbm,0.4845886081454846,0.0603591013402994,-0.0633893816993777,0.05,0.0,0.2119639674750343,0.0004357419776734,0.9454640344668888,0
42,nftonv2,nfunswv2,lgbm,0.4845886081454846,0.0603591013402994,-0.0633893816993777,0.1,0.0,0.2119639674750343,0.000231275707116,0.9488703253372784,0
42,nftonv2,nfbotv2,lgbm,0.5602470681504367,0.2763598423212492,-0.0020570041511483,0.0001,0.0,0.2763598423212492,0.0006003460932006,0.4054627247441705,0
42,nftonv2,nfbotv2,lgbm,0.5602470681504367,0.2763598423212492,-0.0020570041511483,0.001,0.0,0.2763598423212492,0.0001546731176862,0.7755071246652027,0
42,nftonv2,nfbotv2,lgbm,0.5602470681504367,0.2763598423212492,-0.0020570041511483,0.01,0.0,0.2763598423212492,6.690297130762524e-05,0.8772887146612782,0
42,nftonv2,nfbotv2,lgbm,0.5602470681504367,0.2763598423212492,-0.0020570041511483,0.05,0.0,0.2763598423212492,6.046472001808301e-05,0.1297195199299362,0
42,nftonv2,nfbotv2,lgbm,0.5602470681504367,0.2763598423212492,-0.0020570041511483,0.1,0.0,0.2763598423212492,6.54854112386305e-05,0.7124832049997525,0
42,nftonv2,nf2018v2,mlp,0.5483400920337267,0.3935492134667976,-0.0073620796081139,0.0001,0.0,0.3935492134667976,0.0292750836855948,0.8931536657894262,0
42,nftonv2,nf2018v2,mlp,0.5483400920337267,0.3935492134667976,-0.0073620796081139,0.001,0.0,0.2762946007920989,0.0011883067497883,0.9401013519738656,0
42,nftonv2,nf2018v2,mlp,0.5483400920337267,0.3935492134667976,-0.0073620796081139,0.01,0.0,0.2760974318687181,1.0187035520359268e-05,0.9605731359993388,0
42,nftonv2,nf2018v2,mlp,0.5483400920337267,0.3935492134667976,-0.0073620796081139,0.05,0.0,0.2738155330112742,4.990662269854784e-05,0.9702359922775567,0
42,nftonv2,nf2018v2,mlp,0.5483400920337267,0.3935492134667976,-0.0073620796081139,0.1,0.0,0.2759165258488937,6.474671489775652e-05,0.9697527319466452,0
42,nftonv2,nfunswv2,mlp,0.5004129421061153,0.0880622706401624,-0.0444916318250684,0.0001,0.0,0.0668656015650524,0.0312039835012847,0.6738046434465649,0
42,nftonv2,nfunswv2,mlp,0.5004129421061153,0.0880622706401624,-0.0444916318250684,0.001,0.0,0.0668656015650524,0.0010532009799163,0.8724595041636478,0
42,nftonv2,nfunswv2,mlp,0.5004129421061153,0.0880622706401624,-0.0444916318250684,0.01,0.0,0.0668656015650524,0.0026686525490868,0.9020094267814196,0
42,nftonv2,nfunswv2,mlp,0.5004129421061153,0.0880622706401624,-0.0444916318250684,0.05,0.0,0.0668656015650524,0.0022497202658339,0.9212390576675296,0
42,nftonv2,nfunswv2,mlp,0.5004129421061153,0.0880622706401624,-0.0444916318250684,0.1,0.0,0.0668656015650524,0.0016683837614265,0.9232569489766432,0
42,nftonv2,nfbotv2,mlp,0.5056537600892336,0.0517929101052602,-0.1284730141433505,0.0001,0.0,0.0779783817205041,0.0005977166696758,0.0852131190162651,0
42,nftonv2,nfbotv2,mlp,0.5056537600892336,0.0517929101052602,-0.1284730141433505,0.001,0.0,0.4409556484794567,1.5087141460146114e-05,0.6500893936409267,0
42,nftonv2,nfbotv2,mlp,0.5056537600892336,0.0517929101052602,-0.1284730141433505,0.01,0.0,0.4409556484794567,0.0015869905256835,0.7544048080784458,0
42,nftonv2,nfbotv2,mlp,0.5056537600892336,0.0517929101052602,-0.1284730141433505,0.05,0.0,0.4409556484794567,0.0010398097430438,0.8074495526479445,0
42,nftonv2,nfbotv2,mlp,0.5056537600892336,0.0517929101052602,-0.1284730141433505,0.1,0.0,0.4409556484794567,0.0011287986870097,0.932578450959186,0
42,nfbotv2,nf2018v2,rf,0.788646158101048,0.7579883908454679,0.6383104878336704,0.0001,0.0155261769315856,0.7579883908454679,0.1418463435785007,0.945363583798542,0
42,nfbotv2,nf2018v2,rf,0.788646158101048,0.7579883908454679,0.6383104878336704,0.001,0.2815147968331979,0.7579883908454679,0.0810369878142654,0.9617495449421696,0
42,nfbotv2,nf2018v2,rf,0.788646158101048,0.7579883908454679,0.6383104878336704,0.01,0.2800776870333208,0.7579883908454679,0.0753215199003023,0.972867491168671,0
42,nfbotv2,nf2018v2,rf,0.788646158101048,0.7579883908454679,0.6383104878336704,0.05,0.2753882655301258,0.7579883908454679,0.0718019776796542,0.9759352351671404,0
42,nfbotv2,nf2018v2,rf,0.788646158101048,0.7579883908454679,0.6383104878336704,0.1,0.2708628108126004,0.7579883908454679,0.0732892801326767,0.9769556813096164,0
42,nfbotv2,nfunswv2,rf,0.4879410851941501,0.0202240693010817,-0.1044346611347354,0.0001,0.0,0.0202240693010817,0.0316947175388262,0.8761985266844862,0
42,nfbotv2,nfunswv2,rf,0.4879410851941501,0.0202240693010817,-0.1044346611347354,0.001,0.0,0.1484905458943646,0.0015468551541921,0.9017121184941622,0
42,nfbotv2,nfunswv2,rf,0.4879410851941501,0.0202240693010817,-0.1044346611347354,0.01,0.0,0.1484905458943646,0.0162643205045113,0.9416738256656512,0
42,nfbotv2,nfunswv2,rf,0.4879410851941501,0.0202240693010817,-0.1044346611347354,0.05,0.0,0.1484905458943646,0.0162176090028465,0.947460954031949,0
42,nfbotv2,nfunswv2,rf,0.4879410851941501,0.0202240693010817,-0.1044346611347354,0.1,0.0,0.1484905458943646,0.0121795966736975,0.9521709432394554,0
42,nfbotv2,nftonv2,rf,0.4077864882718271,0.0580430913004421,-0.0816409311174254,0.0001,0.0,0.6275547794198014,0.2378681641179552,0.8729442246372302,0
42,nfbotv2,nftonv2,rf,0.4077864882718271,0.0580430913004421,-0.0816409311174254,0.001,0.0,0.6275547794198014,0.2390315449322226,0.9356466158206888,0
42,nfbotv2,nftonv2,rf,0.4077864882718271,0.0580430913004421,-0.0816409311174254,0.01,0.0,0.6275547794198014,0.2371575733254708,0.966984422109598,0
42,nfbotv2,nftonv2,rf,0.4077864882718271,0.0580430913004421,-0.0816409311174254,0.05,0.0,0.6275547794198014,0.2337326367086264,0.9798130676390084,0
42,nfbotv2,nftonv2,rf,0.4077864882718271,0.0580430913004421,-0.0816409311174254,0.1,0.0,0.6275547794198014,0.2317290178497216,0.9824624469465004,0
42,nfbotv2,nf2018v2,lgbm,0.5009053493712096,0.0253029732621805,0.0253029732621805,0.0001,0.0,0.0253029732621805,0.0293920793870414,0.903267570215251,0
42,nfbotv2,nf2018v2,lgbm,0.5009053493712096,0.0253029732621805,0.0253029732621805,0.001,0.0,0.0253029732621805,0.0010086473734721,0.961725791726759,0
42,nfbotv2,nf2018v2,lgbm,0.5009053493712096,0.0253029732621805,0.0253029732621805,0.01,0.0,0.0253029732621805,0.0001029771450841,0.9736689500113244,0
42,nfbotv2,nf2018v2,lgbm,0.5009053493712096,0.0253029732621805,0.0253029732621805,0.05,0.0,0.0253029732621805,0.0001743077430915,0.9760078450582204,0
42,nfbotv2,nf2018v2,lgbm,0.5009053493712096,0.0253029732621805,0.0253029732621805,0.1,0.0,0.0253029732621805,7.532552656345034e-05,0.976906323321744,0
42,nfbotv2,nfunswv2,lgbm,0.5018995157516439,0.0229924153969816,0.0227508406647856,0.0001,0.0,0.0229924153969816,0.0324508361036434,0.7394773684828944,0
42,nfbotv2,nfunswv2,lgbm,0.5018995157516439,0.0229924153969816,0.0227508406647856,0.001,0.0,0.0229924153969816,0.0011212870242113,0.8783335913449848,0
42,nfbotv2,nfunswv2,lgbm,0.5018995157516439,0.0229924153969816,0.0227508406647856,0.01,0.0,0.0229924153969816,0.0009026679724284,0.9406611226839506,0
42,nfbotv2,nfunswv2,lgbm,0.5018995157516439,0.0229924153969816,0.0227508406647856,0.05,0.0,0.0229924153969816,4.902090864141312e-05,0.9454640344668888,0
42,nfbotv2,nfunswv2,lgbm,0.5018995157516439,0.0229924153969816,0.0227508406647856,0.1,0.0,0.0229924153969816,0.0006301480295236,0.9488703253372784,0
42,nfbotv2,nftonv2,lgbm,0.4986954270858841,0.0,-0.0115304948250296,0.0001,0.0,0.0,0.0166094863979435,0.8467710817392476,0
42,nfbotv2,nftonv2,lgbm,0.4986954270858841,0.0,-0.0115304948250296,0.001,0.0,0.0,0.0002176721490081,0.932430527676789,0
42,nfbotv2,nftonv2,lgbm,0.4986954270858841,0.0,-0.0115304948250296,0.01,0.0,0.0115304948250296,0.0004047175008337,0.9693389129460036,0
42,nfbotv2,nftonv2,lgbm,0.4986954270858841,0.0,-0.0115304948250296,0.05,0.0,0.0115304948250296,0.0018353314796954,0.980042821964238,0
42,nfbotv2,nftonv2,lgbm,0.4986954270858841,0.0,-0.0115304948250296,0.1,0.0,0.0115304948250296,0.0022410696006189,0.9815567289244258,0
42,nfbotv2,nf2018v2,mlp,0.7097363608774543,0.5598357823601624,0.3409010870101897,0.0001,0.0,0.5598357823601624,0.0982809817510514,0.8931536657894262,0
42,nfbotv2,nf2018v2,mlp,0.7097363608774543,0.5598357823601624,0.3409010870101897,0.001,0.0,0.5598357823601624,0.1001713083205449,0.9401013519738656,0
42,nfbotv2,nf2018v2,mlp,0.7097363608774543,0.5598357823601624,0.3409010870101897,0.01,0.0,0.5598357823601624,0.0726236678724366,0.9605731359993388,0
42,nfbotv2,nf2018v2,mlp,0.7097363608774543,0.5598357823601624,0.3409010870101897,0.05,0.0,0.5598357823601624,0.0783937794310504,0.9702359922775567,0
42,nfbotv2,nf2018v2,mlp,0.7097363608774543,0.5598357823601624,0.3409010870101897,0.1,0.0,0.5598357823601624,0.0805575457189017,0.9697527319466452,0
42,nfbotv2,nfunswv2,mlp,0.501142850152098,0.0596768256923079,0.0461785453627047,0.0001,0.0,0.0596768256923079,0.03109550079112,0.6738046434465649,0
42,nfbotv2,nfunswv2,mlp,0.501142850152098,0.0596768256923079,0.0461785453627047,0.001,0.0,0.0596768256923079,0.0018265714380734,0.8724595041636478,0
42,nfbotv2,nfunswv2,mlp,0.501142850152098,0.0596768256923079,0.0461785453627047,0.01,0.0,0.0596768256923079,0.0009655602409216,0.9020094267814196,0
42,nfbotv2,nfunswv2,mlp,0.501142850152098,0.0596768256923079,0.0461785453627047,0.05,0.0,0.0596768256923079,0.0005772205014836,0.9212390576675296,0
42,nfbotv2,nfunswv2,mlp,0.501142850152098,0.0596768256923079,0.0461785453627047,0.1,0.0,0.0596768256923079,0.000495915378167,0.9232569489766432,0
42,nfbotv2,nftonv2,mlp,0.4356673872454617,0.0942543925717089,-0.3481019809274829,0.0001,0.0,0.3645032023664035,0.0987563561922628,0.6570746325098591,0
42,nfbotv2,nftonv2,mlp,0.4356673872454617,0.0942543925717089,-0.3481019809274829,0.001,0.1687373259852227,0.3645032023664035,0.1076340305083258,0.9079778559277176,0
42,nfbotv2,nftonv2,mlp,0.4356673872454617,0.0942543925717089,-0.3481019809274829,0.01,0.1663763740700287,0.3645032023664035,0.1130669390579188,0.9356558783057712,0
42,nfbotv2,nftonv2,mlp,0.4356673872454617,0.0942543925717089,-0.3481019809274829,0.05,0.1700251769249088,0.3645032023664035,0.1130009091366809,0.943495210597836,0
42,nfbotv2,nftonv2,mlp,0.4356673872454617,0.0942543925717089,-0.3481019809274829,0.1,0.1719122018667733,0.3645032023664035,0.1120485956906256,0.953793840451774,0
43,nf2018v2,nfunswv2,rf,0.4784828443465095,0.040521272573147,0.0020874139685968,0.0001,0.0,0.3278904182524902,0.031661378839212,0.8541612704446933,0
43,nf2018v2,nfunswv2,rf,0.4784828443465095,0.040521272573147,0.0020874139685968,0.001,0.0,0.3278904182524902,0.0065076834267507,0.8876498620602075,0
43,nf2018v2,nfunswv2,rf,0.4784828443465095,0.040521272573147,0.0020874139685968,0.01,0.0,0.3278904182524902,0.0247119958432181,0.9333871224876006,0
43,nf2018v2,nfunswv2,rf,0.4784828443465095,0.040521272573147,0.0020874139685968,0.05,0.0,0.3278904182524902,0.02435006510762,0.9449085897825767,0
43,nf2018v2,nfunswv2,rf,0.4784828443465095,0.040521272573147,0.0020874139685968,0.1,0.0,0.3278904182524902,0.0245479369722913,0.9487413598383624,0
43,nf2018v2,nftonv2,rf,0.6312298562225218,0.4642220285648107,-0.0931580898880932,0.0001,0.0,0.3231977847416925,0.1434546313627114,0.8998697579605488,0
43,nf2018v2,nftonv2,rf,0.6312298562225218,0.4642220285648107,-0.0931580898880932,0.001,0.0,0.3231977847416925,0.0568023466700377,0.9372897197889032,0
43,nf2018v2,nftonv2,rf,0.6312298562225218,0.4642220285648107,-0.0931580898880932,0.01,0.0,0.3231977847416925,0.1442233700942141,0.9674547870839578,0
43,nf2018v2,nftonv2,rf,0.6312298562225218,0.4642220285648107,-0.0931580898880932,0.05,0.0,0.3231977847416925,0.1385081777523377,0.9795349682932952,0
43,nf2018v2,nftonv2,rf,0.6312298562225218,0.4642220285648107,-0.0931580898880932,0.1,0.0,0.3231977847416925,0.1412455829865185,0.9822223304966742,0
43,nf2018v2,nfbotv2,rf,0.5180895044302475,0.1927847957229357,0.0003281617253705,0.0001,0.0,0.0451741974579135,0.0005974788127096,0.1193465373377832,0
43,nf2018v2,nfbotv2,rf,0.5180895044302475,0.1927847957229357,0.0003281617253705,0.001,0.0,0.0451741974579135,3.873130598630592e-05,0.8190903714645061,0
43,nf2018v2,nfbotv2,rf,0.5180895044302475,0.1927847957229357,0.0003281617253705,0.01,0.0,0.0451741974579135,9.05086564578772e-05,0.9236789835902104,0
43,nf2018v2,nfbotv2,rf,0.5180895044302475,0.1927847957229357,0.0003281617253705,0.05,0.0,0.0451741974579135,1.158410442680946e-06,0.960531783068614,0
43,nf2018v2,nfbotv2,rf,0.5180895044302475,0.1927847957229357,0.0003281617253705,0.1,0.0,0.0451741974579135,6.597605379210503e-05,0.9680798070122372,0
43,nf2018v2,nfunswv2,lgbm,0.5255079273805201,0.1289532394891618,0.154358911958214,0.0001,0.0,0.1289532394891618,0.0334089331591316,0.7913860739936909,0
43,nf2018v2,nfunswv2,lgbm,0.5255079273805201,0.1289532394891618,0.154358911958214,0.001,0.0,0.1289532394891618,0.0023805715699878,0.8823004750301502,0
43,nf2018v2,nfunswv2,lgbm,0.5255079273805201,0.1289532394891618,0.154358911958214,0.01,0.1304003780105642,0.1289532394891618,0.0013380827506943,0.9375647280032764,0
43,nf2018v2,nfunswv2,lgbm,0.5255079273805201,0.1289532394891618,0.154358911958214,0.05,0.1372962446631673,0.1289532394891618,0.0015062349151156,0.9437814831699084,0
43,nf2018v2,nfunswv2,lgbm,0.5255079273805201,0.1289532394891618,0.154358911958214,0.1,0.1403590365908862,0.1289532394891618,0.0018841778152092,0.948507923485147,0
43,nf2018v2,nftonv2,lgbm,0.5796916559342133,0.3093167472147916,0.0501788804377253,0.0001,0.0,0.3093167472147916,0.042271462948351,0.8982740453634082,0
43,nf2018v2,nftonv2,lgbm,0.5796916559342133,0.3093167472147916,0.0501788804377253,0.001,0.0,0.3093167472147916,0.0454600177430813,0.9363269288868392,0
43,nf2018v2,nftonv2,lgbm,0.5796916559342133,0.3093167472147916,0.0501788804377253,0.01,0.0,0.3093167472147916,0.0488199669423694,0.9700660027920842,0
43,nf2018v2,nftonv2,lgbm,0.5796916559342133,0.3093167472147916,0.0501788804377253,0.05,0.0,0.3093167472147916,0.0449267488758619,0.9810633269653732,0
43,nf2018v2,nftonv2,lgbm,0.5796916559342133,0.3093167472147916,0.0501788804377253,0.1,0.0,0.3093167472147916,0.0449130848476119,0.9829808413165918,0
43,nf2018v2,nfbotv2,lgbm,0.5712553255260672,0.3052881508218756,-0.0048668527887154,0.0001,0.0,0.3052881508218756,0.0005902463534298,0.4760882171206886,0
43,nf2018v2,nfbotv2,lgbm,0.5712553255260672,0.3052881508218756,-0.0048668527887154,0.001,0.0,0.3052881508218756,7.846621816676169e-05,0.7953362520672728,0
43,nf2018v2,nfbotv2,lgbm,0.5712553255260672,0.3052881508218756,-0.0048668527887154,0.01,0.0,0.3052881508218756,6.604458013170778e-05,0.3593710346079696,0
43,nf2018v2,nfbotv2,lgbm,0.5712553255260672,0.3052881508218756,-0.0048668527887154,0.05,0.0,0.3052881508218756,5.074120217796185e-05,0.4330552454636567,0
43,nf2018v2,nfbotv2,lgbm,0.5712553255260672,0.3052881508218756,-0.0048668527887154,0.1,0.0,0.3052881508218756,3.654303606304144e-05,0.0005376165102734,0
43,nf2018v2,nfunswv2,mlp,0.4867177488137362,0.0791777967558612,-0.0567383470233172,0.0001,0.0,0.1511162711187279,0.0316353468651602,0.6828866112401478,0
43,nf2018v2,nfunswv2,mlp,0.4867177488137362,0.0791777967558612,-0.0567383470233172,0.001,0.0,0.1511162711187279,0.0079091071137328,0.8004468049647817,0
43,nf2018v2,nfunswv2,mlp,0.4867177488137362,0.0791777967558612,-0.0567383470233172,0.01,0.0,0.1511162711187279,0.0038612567963833,0.9031449378854092,0
43,nf2018v2,nfunswv2,mlp,0.4867177488137362,0.0791777967558612,-0.0567383470233172,0.05,0.0,0.1511162711187279,0.0039252389067805,0.9216934413288318,0
43,nf2018v2,nfunswv2,mlp,0.4867177488137362,0.0791777967558612,-0.0567383470233172,0.1,0.0,0.1511162711187279,0.0042507217790249,0.9345482394634088,0
43,nf2018v2,nftonv2,mlp,0.5713792261322126,0.2441666232094248,0.0855044007743895,0.0001,0.0,0.2441666232094248,0.0357228726876691,0.620701676145297,0
43,nf2018v2,nftonv2,mlp,0.5713792261322126,0.2441666232094248,0.0855044007743895,0.001,0.0,0.2441666232094248,0.0432536037853888,0.9028662553438564,0
43,nf2018v2,nftonv2,mlp,0.5713792261322126,0.2441666232094248,0.0855044007743895,0.01,0.0,0.2441666232094248,0.0418776585173318,0.9306256590773838,0
43,nf2018v2,nftonv2,mlp,0.5713792261322126,0.2441666232094248,0.0855044007743895,0.05,0.0,0.2441666232094248,0.0436647523917475,0.946530596823746,0
43,nf2018v2,nftonv2,mlp,0.5713792261322126,0.2441666232094248,0.0855044007743895,0.1,0.0,0.2441666232094248,0.0434359771957244,0.9545982930342436,0
43,nf2018v2,nfbotv2,mlp,0.5226013042305283,0.1301149706585576,-0.0013974970868958,0.0001,0.0,0.294101784942024,0.000576528218113,0.114265324383953,0
43,nf2018v2,nfbotv2,mlp,0.5226013042305283,0.1301149706585576,-0.0013974970868958,0.001,0.0,0.294101784942024,6.828284199356105e-05,0.6862381707570958,0
43,nf2018v2,nfbotv2,mlp,0.5226013042305283,0.1301149706585576,-0.0013974970868958,0.01,0.0,0.294101784942024,1.4474510920181594e-05,0.7417089862030137,0
43,nf2018v2,nfbotv2,mlp,0.5226013042305283,0.1301149706585576,-0.0013974970868958,0.05,0.0,0.294101784942024,1.926404175756069e-05,0.7730766267256767,0
43,nf2018v2,nfbotv2,mlp,0.5226013042305283,0.1301149706585576,-0.0013974970868958,0.1,0.0,0.294101784942024,7.550976721093505e-05,0.9271065619153076,0
43,nfunswv2,nf2018v2,rf,0.5072553964737352,0.2459441641209746,-0.2458077207722861,0.0001,0.0,0.2459441641209746,0.0289953007499823,0.9497424493707902,0
43,nfunswv2,nf2018v2,rf,0.5072553964737352,0.2459441641209746,-0.2458077207722861,0.001,0.0,0.2459441641209746,0.0010038279765132,0.9622659906267894,0
43,nfunswv2,nf2018v2,rf,0.5072553964737352,0.2459441641209746,-0.2458077207722861,0.01,0.0,0.2459441641209746,1.797846865148056e-05,0.9725067511454404,0
43,nfunswv2,nf2018v2,rf,0.5072553964737352,0.2459441641209746,-0.2458077207722861,0.05,0.0,0.2459441641209746,2.211141876795608e-05,0.9762028618687908,0
43,nfunswv2,nf2018v2,rf,0.5072553964737352,0.2459441641209746,-0.2458077207722861,0.1,0.0,0.2459441641209746,8.064880094971194e-06,0.9767128671652786,0
43,nfunswv2,nftonv2,rf,0.5835293745209601,0.2890846786622975,-0.0473689825427605,0.0001,0.0,0.2890846786622975,0.0925924442217913,0.8998697579605488,0
43,nfunswv2,nftonv2,rf,0.5835293745209601,0.2890846786622975,-0.0473689825427605,0.001,0.0,0.2890846786622975,0.0873346629365958,0.9372897197889032,0
43,nfunswv2,nftonv2,rf,0.5835293745209601,0.2890846786622975,-0.0473689825427605,0.01,0.0,0.2890846786622975,0.0926617371367527,0.9674547870839578,0
43,nfunswv2,nftonv2,rf,0.5835293745209601,0.2890846786622975,-0.0473689825427605,0.05,0.0,0.2890846786622975,0.0953462233990917,0.9795349682932952,0
43,nfunswv2,nftonv2,rf,0.5835293745209601,0.2890846786622975,-0.0473689825427605,0.1,0.0,0.2890846786622975,0.0929779216197745,0.9822223304966742,0
43,nfunswv2,nfbotv2,rf,0.5460189692489088,0.1997141164809219,0.0452420005086657,0.0001,0.0,0.1997141164809219,0.0005537437710517,0.1193465373377832,0
43,nfunswv2,nfbotv2,rf,0.5460189692489088,0.1997141164809219,0.0452420005086657,0.001,0.0,0.1997141164809219,8.806064468547259e-05,0.8190903714645061,0
43,nfunswv2,nfbotv2,rf,0.5460189692489088,0.1997141164809219,0.0452420005086657,0.01,0.0,0.1997141164809219,0.0004385736215155,0.9236789835902104,0
43,nfunswv2,nfbotv2,rf,0.5460189692489088,0.1997141164809219,0.0452420005086657,0.05,0.0,0.1997141164809219,0.0015378519812612,0.960531783068614,0
43,nfunswv2,nfbotv2,rf,0.5460189692489088,0.1997141164809219,0.0452420005086657,0.1,0.0,0.1997141164809219,0.0018302907346311,0.9680798070122372,0
43,nfunswv2,nf2018v2,lgbm,0.4170821471304142,0.0552914963528604,-0.1058606237455043,0.0001,0.0,0.5960441938034747,0.0491442421304618,0.9547900539774,0
43,nfunswv2,nf2018v2,lgbm,0.4170821471304142,0.0552914963528604,-0.1058606237455043,0.001,0.0,0.5960441938034747,0.0386392100813364,0.9630325127573506,0
43,nfunswv2,nf2018v2,lgbm,0.4170821471304142,0.0552914963528604,-0.1058606237455043,0.01,0.0,0.5960441938034747,0.018421704681867,0.9724527785794436,0
43,nfunswv2,nf2018v2,lgbm,0.4170821471304142,0.0552914963528604,-0.1058606237455043,0.05,0.0,0.5960441938034747,0.0172301578031042,0.9764681780515906,0
43,nfunswv2,nf2018v2,lgbm,0.4170821471304142,0.0552914963528604,-0.1058606237455043,0.1,0.0,0.5960441938034747,0.0169167251332331,0.9767139717672858,0
43,nfunswv2,nftonv2,lgbm,0.4815609380202713,0.1491960347427383,-0.0964929691601701,0.0001,0.0,0.1679345404900666,0.0048604740266128,0.8982740453634082,0
43,nfunswv2,nftonv2,lgbm,0.4815609380202713,0.1491960347427383,-0.0964929691601701,0.001,0.0626113181252885,0.1679345404900666,0.0374300878635168,0.9363269288868392,0
43,nfunswv2,nftonv2,lgbm,0.4815609380202713,0.1491960347427383,-0.0964929691601701,0.01,0.0728118419156096,0.1679345404900666,0.0070906186040276,0.9700660027920842,0
43,nfunswv2,nftonv2,lgbm,0.4815609380202713,0.1491960347427383,-0.0964929691601701,0.05,0.0727272731878484,0.1679345404900666,0.011621623572533,0.9810633269653732,0
43,nfunswv2,nftonv2,lgbm,0.4815609380202713,0.1491960347427383,-0.0964929691601701,0.1,0.0716539104669306,0.1679345404900666,0.0090125918091645,0.9829808413165918,0
43,nfunswv2,nfbotv2,lgbm,0.5214165341653092,0.2051470360033439,-0.0090071012787662,0.0001,0.0,0.063207650173241,0.0006036584334169,0.4760882171206886,0
43,nfunswv2,nfbotv2,lgbm,0.5214165341653092,0.2051470360033439,-0.0090071012787662,0.001,0.0,0.063207650173241,2.9808704178457823e-05,0.7953362520672728,0
43,nfunswv2,nfbotv2,lgbm,0.5214165341653092,0.2051470360033439,-0.0090071012787662,0.01,0.0,0.2051470360033439,8.698433333231836e-05,0.5730439827492152,0
43,nfunswv2,nfbotv2,lgbm,0.5214165341653092,0.2051470360033439,-0.0090071012787662,0.05,0.0,0.2051470360033439,8.408289862338325e-05,0.2584156179828424,0
43,nfunswv2,nfbotv2,lgbm,0.5214165341653092,0.2051470360033439,-0.0090071012787662,0.1,0.0,0.2051470360033439,8.968844047241298e-05,0.335568146891708,0
43,nfunswv2,nf2018v2,mlp,0.4559595448174381,0.1387356697155372,-0.173289670038414,0.0001,0.0,0.2804294997669269,0.0267602063120478,0.9185268295836714,0
43,nfunswv2,nf2018v2,mlp,0.4559595448174381,0.1387356697155372,-0.173289670038414,0.001,0.0,0.2804294997669269,0.0338915532189514,0.9442280230380984,0
43,nfunswv2,nf2018v2,mlp,0.4559595448174381,0.1387356697155372,-0.173289670038414,0.01,0.0,0.2804294997669269,0.0340833508893932,0.9640499700876856,0
43,nfunswv2,nf2018v2,mlp,0.4559595448174381,0.1387356697155372,-0.173289670038414,0.05,0.0,0.2804294997669269,0.0339167335976047,0.9692133037802876,0
43,nfunswv2,nf2018v2,mlp,0.4559595448174381,0.1387356697155372,-0.173289670038414,0.1,0.0,0.2804294997669269,0.033914845311657,0.972699837724492,0
43,nfunswv2,nftonv2,mlp,0.5321413284401393,0.2325101509494254,-0.0568977366015999,0.0001,0.0,0.2325101509494254,0.007504090177301,0.620701676145297,0
43,nfunswv2,nftonv2,mlp,0.5321413284401393,0.2325101509494254,-0.0568977366015999,0.001,0.0,0.1039860394113706,0.0098959268263782,0.9028662553438564,0
43,nfunswv2,nftonv2,mlp,0.5321413284401393,0.2325101509494254,-0.0568977366015999,0.01,0.0,0.1039860394113706,0.0088773878377348,0.9306256590773838,0
43,nfunswv2,nftonv2,mlp,0.5321413284401393,0.2325101509494254,-0.0568977366015999,0.05,0.0,0.1039860394113706,0.0076453099038575,0.946530596823746,0
43,nfunswv2,nftonv2,mlp,0.5321413284401393,0.2325101509494254,-0.0568977366015999,0.1,0.0,0.1039860394113706,0.0083874941391857,0.9545982930342436,0
43,nfunswv2,nfbotv2,mlp,0.4976804217791745,0.240255368311632,-0.0091897756412218,0.0001,0.0,0.0,0.000599454393648,0.114265324383953,0
43,nfunswv2,nfbotv2,mlp,0.4976804217791745,0.240255368311632,-0.0091897756412218,0.001,0.0,0.0,0.0001594368654038,0.6862381707570958,0
43,nfunswv2,nfbotv2,mlp,0.4976804217791745,0.240255368311632,-0.0091897756412218,0.01,0.0,0.082326575918904,1.191762798558038e-05,0.7417089862030137,0
43,nfunswv2,nfbotv2,mlp,0.4976804217791745,0.240255368311632,-0.0091897756412218,0.05,0.0,0.082340667377313,6.90095654595213e-05,0.7730766267256767,0
43,nfunswv2,nfbotv2,mlp,0.4976804217791745,0.240255368311632,-0.0091897756412218,0.1,0.0,0.0,7.405952350236777e-05,0.9271065619153076,0
43,nftonv2,nf2018v2,rf,0.5368823741580714,0.2084563334484817,0.1397341009977658,0.0001,0.0,0.2084563334484817,0.0627697952897554,0.9497424493707902,0
43,nftonv2,nf2018v2,rf,0.5368823741580714,0.2084563334484817,0.1397341009977658,0.001,0.0,0.2084563334484817,0.0671049883708457,0.9622659906267894,0
43,nftonv2,nf2018v2,rf,0.5368823741580714,0.2084563334484817,0.1397341009977658,0.01,0.0,0.2084563334484817,0.0482768240664201,0.9725067511454404,0
43,nftonv2,nf2018v2,rf,0.5368823741580714,0.2084563334484817,0.1397341009977658,0.05,0.0,0.2084563334484817,0.0342312162248922,0.9762028618687908,0
43,nftonv2,nf2018v2,rf,0.5368823741580714,0.2084563334484817,0.1397341009977658,0.1,0.0,0.2084563334484817,0.0337456900195573,0.9767128671652786,0
43,nftonv2,nfunswv2,rf,0.4948076309127814,0.0971419522595389,0.0343887390455592,0.0001,0.0,0.0971419522595389,0.0317233637345135,0.8541612704446933,0
43,nftonv2,nfunswv2,rf,0.4948076309127814,0.0971419522595389,0.0343887390455592,0.001,0.0,0.1320505611438784,0.0009329757013835,0.8876498620602075,0
43,nftonv2,nfunswv2,rf,0.4948076309127814,0.0971419522595389,0.0343887390455592,0.01,0.0,0.1320505611438784,0.0029548635487367,0.9333871224876006,0
43,nftonv2,nfunswv2,rf,0.4948076309127814,0.0971419522595389,0.0343887390455592,0.05,0.0,0.1320505611438784,0.0007948060849767,0.9449085897825767,0
43,nftonv2,nfunswv2,rf,0.4948076309127814,0.0971419522595389,0.0343887390455592,0.1,0.0,0.1320505611438784,3.4612002319134305e-05,0.9487413598383624,0
43,nftonv2,nfbotv2,rf,0.5144694704850781,0.1437175002842556,0.0046713972421666,0.0001,0.0,0.0589413272110484,0.0005939081338555,0.1193465373377832,0
43,nftonv2,nfbotv2,rf,0.5144694704850781,0.1437175002842556,0.0046713972421666,0.001,0.0,0.1437175002842556,6.24073495703037e-05,0.8190903714645061,0
43,nftonv2,nfbotv2,rf,0.5144694704850781,0.1437175002842556,0.0046713972421666,0.01,0.0,0.1437175002842556,5.508937361586863e-05,0.9236789835902104,0
43,nftonv2,nfbotv2,rf,0.5144694704850781,0.1437175002842556,0.0046713972421666,0.05,0.0,0.1437175002842556,4.369786176905421e-05,0.960531783068614,0
43,nftonv2,nfbotv2,rf,0.5144694704850781,0.1437175002842556,0.0046713972421666,0.1,0.0,0.1437175002842556,4.713191920191484e-05,0.9680798070122372,0
43,nftonv2,nf2018v2,lgbm,0.4521665845389976,0.0722604607818489,0.0026328013567258,0.0001,0.0,0.4499475318417996,0.0349758020963091,0.9547900539774,0
43,nftonv2,nf2018v2,lgbm,0.4521665845389976,0.0722604607818489,0.0026328013567258,0.001,0.0,0.4499475318417996,0.0008488635902089,0.9630325127573506,0
43,nftonv2,nf2018v2,lgbm,0.4521665845389976,0.0722604607818489,0.0026328013567258,0.01,0.0,0.4499475318417996,1.2445227466684194e-05,0.9724527785794436,0
43,nftonv2,nf2018v2,lgbm,0.4521665845389976,0.0722604607818489,0.0026328013567258,0.05,0.0,0.4499475318417996,2.485065601731673e-05,0.9764681780515906,0
43,nftonv2,nf2018v2,lgbm,0.4521665845389976,0.0722604607818489,0.0026328013567258,0.1,0.0,0.4499475318417996,9.39262152732656e-06,0.9767139717672858,0
43,nftonv2,nfunswv2,lgbm,0.5029026615208403,0.0325797472278954,-0.0033305717269156,0.0001,0.0,0.0338825142037253,0.0314782368624683,0.7913860739936909,0
43,nftonv2,nfunswv2,lgbm,0.5029026615208403,0.0325797472278954,-0.0033305717269156,0.001,0.0,0.0338825142037253,0.0009199036635478,0.8823004750301502,0
43,nftonv2,nfunswv2,lgbm,0.5029026615208403,0.0325797472278954,-0.0033305717269156,0.01,0.0,0.0338825142037253,8.381735722906569e-05,0.9375647280032764,0
43,nftonv2,nfunswv2,lgbm,0.5029026615208403,0.0325797472278954,-0.0033305717269156,0.05,0.0,0.0338825142037253,1.98122859194072e-05,0.9437814831699084,0
43,nftonv2,nfunswv2,lgbm,0.5029026615208403,0.0325797472278954,-0.0033305717269156,0.1,0.0,0.0338825142037253,3.930810739938284e-05,0.948507923485147,0
43,nftonv2,nfbotv2,lgbm,0.501476266695385,0.0465959650222648,-0.0103436195060769,0.0001,0.0,0.0465959650222648,0.0006006349832342,0.4760882171206886,0
43,nftonv2,nfbotv2,lgbm,0.501476266695385,0.0465959650222648,-0.0103436195060769,0.001,0.0,0.0465959650222648,0.0001605828488042,0.7953362520672728,0
43,nftonv2,nfbotv2,lgbm,0.501476266695385,0.0465959650222648,-0.0103436195060769,0.01,0.0,0.0465959650222648,6.584497423334223e-05,0.6170159896846759,0
43,nftonv2,nfbotv2,lgbm,0.501476266695385,0.0465959650222648,-0.0103436195060769,0.05,0.0,0.0465959650222648,7.110320050429664e-05,0.6041016364039312,0
43,nftonv2,nfbotv2,lgbm,0.501476266695385,0.0465959650222648,-0.0103436195060769,0.1,0.0,0.0465959650222648,7.492523935803685e-05,0.3336451385635425,0
43,nftonv2,nf2018v2,mlp,0.5109162520050872,0.2266413586872352,-0.0406705165610787,0.0001,0.0,0.2692011303571739,0.0294228365235764,0.9185268295836714,0
43,nftonv2,nf2018v2,mlp,0.5109162520050872,0.2266413586872352,-0.0406705165610787,0.001,0.0,0.2691906703238891,0.0222574592357109,0.9442280230380984,0
43,nftonv2,nf2018v2,mlp,0.5109162520050872,0.2266413586872352,-0.0406705165610787,0.01,0.0,0.2691906703238891,0.030089306555883,0.9640499700876856,0
43,nftonv2,nf2018v2,mlp,0.5109162520050872,0.2266413586872352,-0.0406705165610787,0.05,0.0,0.2692063605028515,0.0297311540477059,0.9692133037802876,0
43,nftonv2,nf2018v2,mlp,0.5109162520050872,0.2266413586872352,-0.0406705165610787,0.1,0.0,0.2692063605028515,0.0293690391300463,0.972699837724492,0
43,nftonv2,nfunswv2,mlp,0.5058482140290657,0.1068420175647291,-0.040475973921961,0.0001,0.0,0.1068420175647291,0.0322839352961558,0.6828866112401478,0
43,nftonv2,nfunswv2,mlp,0.5058482140290657,0.1068420175647291,-0.040475973921961,0.001,0.0,0.1068420175647291,0.0047826828693819,0.8004468049647817,0
43,nftonv2,nfunswv2,mlp,0.5058482140290657,0.1068420175647291,-0.040475973921961,0.01,0.0,0.0423973084992696,6.21462312273753e-05,0.9031449378854092,0
43,nftonv2,nfunswv2,mlp,0.5058482140290657,0.1068420175647291,-0.040475973921961,0.05,0.0,0.0423973084992696,0.0007712536050178,0.9216934413288318,0
43,nftonv2,nfunswv2,mlp,0.5058482140290657,0.1068420175647291,-0.040475973921961,0.1,0.0,0.0423973084992696,0.0014522109929366,0.9345482394634088,0
43,nftonv2,nfbotv2,mlp,0.5160781271650309,0.1080868911279427,-0.0894761092074464,0.0001,0.0,0.2451504970962131,0.0005704574435667,0.114265324383953,0
43,nftonv2,nfbotv2,mlp,0.5160781271650309,0.1080868911279427,-0.0894761092074464,0.001,0.0,0.2451504970962131,1.1287946281024477e-06,0.6862381707570958,0
43,nftonv2,nfbotv2,mlp,0.5160781271650309,0.1080868911279427,-0.0894761092074464,0.01,0.0,0.2451504970962131,0.0001270392416319,0.7417089862030137,0
43,nftonv2,nfbotv2,mlp,0.5160781271650309,0.1080868911279427,-0.0894761092074464,0.05,0.0,0.2451504970962131,0.0009910151276288,0.7730766267256767,0
43,nftonv2,nfbotv2,mlp,0.5160781271650309,0.1080868911279427,-0.0894761092074464,0.1,0.0,0.2451504970962131,9.026499832165412e-05,0.9271065619153076,0
43,nfbotv2,nf2018v2,rf,0.7563464807253744,0.664899835690022,0.307623031246126,0.0001,0.0,0.664899835690022,0.1264741568462699,0.9497424493707902,0
43,nfbotv2,nf2018v2,rf,0.7563464807253744,0.664899835690022,0.307623031246126,0.001,0.0583789858653825,0.664899835690022,0.0989835092476584,0.9622659906267894,0
43,nfbotv2,nf2018v2,rf,0.7563464807253744,0.664899835690022,0.307623031246126,0.01,0.2761630115883568,0.664899835690022,0.087416792662578,0.9725067511454404,0
43,nfbotv2,nf2018v2,rf,0.7563464807253744,0.664899835690022,0.307623031246126,0.05,0.2881743684230537,0.664899835690022,0.0809084648503964,0.9762028618687908,0
43,nfbotv2,nf2018v2,rf,0.7563464807253744,0.664899835690022,0.307623031246126,0.1,0.2881743684230537,0.664899835690022,0.0808250489082632,0.9767128671652786,0
43,nfbotv2,nfunswv2,rf,0.512222249259273,0.143746892098304,-0.0147533565127068,0.0001,0.0,0.143746892098304,0.0316503194328982,0.8541612704446933,0
43,nfbotv2,nfunswv2,rf,0.512222249259273,0.143746892098304,-0.0147533565127068,0.001,0.0,0.143746892098304,0.0021421860630584,0.8876498620602075,0
43,nfbotv2,nfunswv2,rf,0.512222249259273,0.143746892098304,-0.0147533565127068,0.01,0.0,0.143746892098304,0.0017422937021186,0.9333871224876006,0
43,nfbotv2,nfunswv2,rf,0.512222249259273,0.143746892098304,-0.0147533565127068,0.05,0.0,0.143746892098304,0.0021235178916379,0.9449085897825767,0
43,nfbotv2,nfunswv2,rf,0.512222249259273,0.143746892098304,-0.0147533565127068,0.1,0.0,0.143746892098304,0.0021372759402481,0.9487413598383624,0
43,nfbotv2,nftonv2,rf,0.4019734887574593,0.0122654234512445,-0.0944987113616947,0.0001,0.0,0.655539486909981,0.162333609580952,0.8998697579605488,0
43,nfbotv2,nftonv2,rf,0.4019734887574593,0.0122654234512445,-0.0944987113616947,0.001,0.0,0.655539486909981,0.2447791765813178,0.9372897197889032,0
43,nfbotv2,nftonv2,rf,0.4019734887574593,0.0122654234512445,-0.0944987113616947,0.01,0.0,0.655539486909981,0.2214633957516463,0.9674547870839578,0
43,nfbotv2,nftonv2,rf,0.4019734887574593,0.0122654234512445,-0.0944987113616947,0.05,0.0,0.655539486909981,0.2374905985912146,0.9795349682932952,0
43,nfbotv2,nftonv2,rf,0.4019734887574593,0.0122654234512445,-0.0944987113616947,0.1,0.0,0.655539486909981,0.2374497548754269,0.9822223304966742,0
43,nfbotv2,nf2018v2,lgbm,0.5706581961021596,0.3028287056120662,0.3028217501999024,0.0001,0.0,0.3028287056120662,0.0196114099852616,0.9547900539774,0
43,nfbotv2,nf2018v2,lgbm,0.5706581961021596,0.3028287056120662,0.3028217501999024,0.001,0.0,0.3028287056120662,0.0009048474696382,0.9630325127573506,0
43,nfbotv2,nf2018v2,lgbm,0.5706581961021596,0.3028287056120662,0.3028217501999024,0.01,0.0,0.3028287056120662,0.0007278394380888,0.9724527785794436,0
43,nfbotv2,nf2018v2,lgbm,0.5706581961021596,0.3028287056120662,0.3028217501999024,0.05,0.0,0.3028287056120662,0.0002922796407161,0.9764681780515906,0
43,nfbotv2,nf2018v2,lgbm,0.5706581961021596,0.3028287056120662,0.3028217501999024,0.1,0.0,0.3028287056120662,0.000327951778596,0.9767139717672858,0
43,nfbotv2,nfunswv2,lgbm,0.5030591648629772,0.0310859657068071,0.0306631619353558,0.0001,0.0,0.0,0.0316464484871322,0.7913860739936909,0
43,nfbotv2,nfunswv2,lgbm,0.5030591648629772,0.0310859657068071,0.0306631619353558,0.001,0.0,0.0310859657068071,0.0009236188059983,0.8823004750301502,0
43,nfbotv2,nfunswv2,lgbm,0.5030591648629772,0.0310859657068071,0.0306631619353558,0.01,0.0,0.0310859657068071,0.0013602494103814,0.9375647280032764,0
43,nfbotv2,nfunswv2,lgbm,0.5030591648629772,0.0310859657068071,0.0306631619353558,0.05,0.0,0.0310859657068071,9.587507941782678e-05,0.9437814831699084,0
43,nfbotv2,nfunswv2,lgbm,0.5030591648629772,0.0310859657068071,0.0306631619353558,0.1,0.0,0.0310859657068071,0.0001131552054791,0.948507923485147,0
43,nfbotv2,nftonv2,lgbm,0.5139372084100857,0.0726920965053996,0.0582344558368466,0.0001,0.0,0.0572282886628051,0.0082868344888361,0.8982740453634082,0
43,nfbotv2,nftonv2,lgbm,0.5139372084100857,0.0726920965053996,0.0582344558368466,0.001,0.0,0.0572282886628051,0.0288861070294468,0.9363269288868392,0
43,nfbotv2,nftonv2,lgbm,0.5139372084100857,0.0726920965053996,0.0582344558368466,0.01,0.0,0.0572282886628051,0.008319906834581,0.9700660027920842,0
43,nfbotv2,nftonv2,lgbm,0.5139372084100857,0.0726920965053996,0.0582344558368466,0.05,0.0,0.0572282886628051,0.0033283951091998,0.9810633269653732,0
43,nfbotv2,nftonv2,lgbm,0.5139372084100857,0.0726920965053996,0.0582344558368466,0.1,0.0,0.0572282886628051,0.0024758442555423,0.9829808413165918,0
43,nfbotv2,nf2018v2,mlp,0.6025614655677562,0.3717869900732659,0.3051184153347129,0.0001,0.0,0.3717869900732659,0.0310614181043379,0.9185268295836714,0
43,nfbotv2,nf2018v2,mlp,0.6025614655677562,0.3717869900732659,0.3051184153347129,0.001,0.0,0.3717869900732659,0.0156148330224422,0.9442280230380984,0
43,nfbotv2,nf2018v2,mlp,0.6025614655677562,0.3717869900732659,0.3051184153347129,0.01,0.0,0.3717869900732659,0.0182117299176708,0.9640499700876856,0
43,nfbotv2,nf2018v2,mlp,0.6025614655677562,0.3717869900732659,0.3051184153347129,0.05,0.0,0.3717869900732659,0.0177463343729281,0.9692133037802876,0
43,nfbotv2,nf2018v2,mlp,0.6025614655677562,0.3717869900732659,0.3051184153347129,0.1,0.0,0.3717869900732659,0.0181874503940125,0.972699837724492,0
43,nfbotv2,nfunswv2,mlp,0.5231553068796795,0.1582444846620966,0.0443494659380301,0.0001,0.0,0.153377305625402,0.0320873779859045,0.6828866112401478,0
43,nfbotv2,nfunswv2,mlp,0.5231553068796795,0.1582444846620966,0.0443494659380301,0.001,0.0,0.153377305625402,0.0170245820254049,0.8004468049647817,0
43,nfbotv2,nfunswv2,mlp,0.5231553068796795,0.1582444846620966,0.0443494659380301,0.01,0.0,0.153377305625402,0.0150410405231354,0.9031449378854092,0
43,nfbotv2,nfunswv2,mlp,0.5231553068796795,0.1582444846620966,0.0443494659380301,0.05,0.0,0.153377305625402,0.0116143863225567,0.9216934413288318,0
43,nfbotv2,nfunswv2,mlp,0.5231553068796795,0.1582444846620966,0.0443494659380301,0.1,0.0,0.153377305625402,0.010488844710317,0.9345482394634088,0
43,nfbotv2,nftonv2,mlp,0.4931098320447996,0.1733989339122459,-0.1462111774945756,0.0001,0.0,0.1523872348116726,0.0547471203158348,0.620701676145297,0
43,nfbotv2,nftonv2,mlp,0.4931098320447996,0.1733989339122459,-0.1462111774945756,0.001,0.0,0.1523872348116726,0.0479859292289199,0.9028662553438564,0
43,nfbotv2,nftonv2,mlp,0.4931098320447996,0.1733989339122459,-0.1462111774945756,0.01,0.0,0.1523872348116726,0.0541050207661239,0.9306256590773838,0
43,nfbotv2,nftonv2,mlp,0.4931098320447996,0.1733989339122459,-0.1462111774945756,0.05,0.0,0.1523872348116726,0.0539793828104911,0.946530596823746,0
43,nfbotv2,nftonv2,mlp,0.4931098320447996,0.1733989339122459,-0.1462111774945756,0.1,0.0,0.1523872348116726,0.0600951842492538,0.9545982930342436,0
44,nf2018v2,nfunswv2,rf,0.4824825535872173,0.0366926149017229,-0.0044576571869705,0.0001,0.0,0.2654430522123259,0.0316239969361119,0.8736671584593595,0
44,nf2018v2,nfunswv2,rf,0.4824825535872173,0.0366926149017229,-0.0044576571869705,0.001,0.0,0.2654430522123259,0.0029036910957375,0.9073692663287004,0
44,nf2018v2,nfunswv2,rf,0.4824825535872173,0.0366926149017229,-0.0044576571869705,0.01,0.0,0.2654430522123259,0.0195829020771082,0.9390994878920595,0
44,nf2018v2,nfunswv2,rf,0.4824825535872173,0.0366926149017229,-0.0044576571869705,0.05,0.0,0.2654430522123259,0.0277618536233899,0.9477231574081642,0
44,nf2018v2,nfunswv2,rf,0.4824825535872173,0.0366926149017229,-0.0044576571869705,0.1,0.0,0.2654430522123259,0.0276395269331138,0.9516132414787696,0
44,nf2018v2,nftonv2,rf,0.5562717218606633,0.2317882940818026,-0.1775102725114772,0.0001,0.0,0.3252332750458375,0.1389417539996858,0.8582549089139448,0
44,nf2018v2,nftonv2,rf,0.5562717218606633,0.2317882940818026,-0.1775102725114772,0.001,0.0,0.3252332750458375,0.1568580356292475,0.9373076219232932,0
44,nf2018v2,nftonv2,rf,0.5562717218606633,0.2317882940818026,-0.1775102725114772,0.01,0.0,0.3252332750458375,0.1304392818704138,0.967201378846252,0
44,nf2018v2,nftonv2,rf,0.5562717218606633,0.2317882940818026,-0.1775102725114772,0.05,0.0,0.3252332750458375,0.1331587949653287,0.9794593192480884,0
44,nf2018v2,nftonv2,rf,0.5562717218606633,0.2317882940818026,-0.1775102725114772,0.1,0.0,0.3252332750458375,0.1332178013305319,0.9826258831098112,0
44,nf2018v2,nfbotv2,rf,0.5093979465376237,0.1318678743418442,0.0142040289138937,0.0001,0.0,0.0893361022465892,0.000598669156547,0.4428082783145933,0
44,nf2018v2,nfbotv2,rf,0.5093979465376237,0.1318678743418442,0.0142040289138937,0.001,0.0,0.0893361022465892,4.194170398030828e-05,0.8318812760914426,0
44,nf2018v2,nfbotv2,rf,0.5093979465376237,0.1318678743418442,0.0142040289138937,0.01,0.0,0.0893361022465892,8.958345168874615e-05,0.9182785358055447,0
44,nf2018v2,nfbotv2,rf,0.5093979465376237,0.1318678743418442,0.0142040289138937,0.05,0.0,0.0893361022465892,1.1787199716284393e-05,0.965428877479797,0
44,nf2018v2,nfbotv2,rf,0.5093979465376237,0.1318678743418442,0.0142040289138937,0.1,0.0,0.0893361022465892,2.0404696480347265e-05,0.9741352957622512,0
44,nf2018v2,nfunswv2,lgbm,0.5163683574916107,0.0941104295758514,0.1091451526347379,0.0001,0.0,0.0941104295758514,0.0324595295345052,0.7425957373689818,0
44,nf2018v2,nfunswv2,lgbm,0.5163683574916107,0.0941104295758514,0.1091451526347379,0.001,0.0,0.0941104295758514,0.0024337041365231,0.8870108199392052,0
44,nf2018v2,nfunswv2,lgbm,0.5163683574916107,0.0941104295758514,0.1091451526347379,0.01,0.0180638053249727,0.0941104295758514,0.0012344908331842,0.9367309827229564,0
44,nf2018v2,nfunswv2,lgbm,0.5163683574916107,0.0941104295758514,0.1091451526347379,0.05,0.0545176799858204,0.0941104295758514,0.0013778967299595,0.9466834576871216,0
44,nf2018v2,nfunswv2,lgbm,0.5163683574916107,0.0941104295758514,0.1091451526347379,0.1,0.0599965884237085,0.0941104295758514,0.0014690375443247,0.948105806948922,0
44,nf2018v2,nftonv2,lgbm,0.5680697388292362,0.3140121524654233,-0.00665242379555,0.0001,0.0,0.1790520560958688,0.11345669330932,0.858805825453463,0
44,nf2018v2,nftonv2,lgbm,0.5680697388292362,0.3140121524654233,-0.00665242379555,0.001,0.0,0.1790520560958688,0.0002140874408426,0.9393959920246616,0
44,nf2018v2,nftonv2,lgbm,0.5680697388292362,0.3140121524654233,-0.00665242379555,0.01,0.0,0.1790520560958688,5.466115853725029e-06,0.9697498433514596,0
44,nf2018v2,nftonv2,lgbm,0.5680697388292362,0.3140121524654233,-0.00665242379555,0.05,0.0,0.1790520560958688,2.9017753192528417e-06,0.9801054989136068,0
44,nf2018v2,nftonv2,lgbm,0.5680697388292362,0.3140121524654233,-0.00665242379555,0.1,0.0,0.1790520560958688,7.350306918674222e-08,0.981920584324826,0
44,nf2018v2,nfbotv2,lgbm,0.5461572018148394,0.3446240236719697,0.0108501951550871,0.0001,0.0,0.3446240236719697,0.0005642018506306,0.5245324577407761,0
44,nf2018v2,nfbotv2,lgbm,0.5461572018148394,0.3446240236719697,0.0108501951550871,0.001,0.0,0.3446240236719697,0.0001360626814495,0.8125096623919034,0
44,nf2018v2,nfbotv2,lgbm,0.5461572018148394,0.3446240236719697,0.0108501951550871,0.01,0.0,0.3446240236719697,4.436598103008116e-05,0.4369956879204152,0
44,nf2018v2,nfbotv2,lgbm,0.5461572018148394,0.3446240236719697,0.0108501951550871,0.05,0.0,0.3446240236719697,0.0039396394306486,0.6841106362495549,0
44,nf2018v2,nfbotv2,lgbm,0.5461572018148394,0.3446240236719697,0.0108501951550871,0.1,0.0,0.3446240236719697,0.0040652929976531,0.6001175088050461,0
44,nf2018v2,nfunswv2,mlp,0.4889721027701008,0.0265479697942406,-0.0359602040475779,0.0001,0.0,0.1335728202902486,0.0310667156883784,0.7175768879709301,0
44,nf2018v2,nfunswv2,mlp,0.4889721027701008,0.0265479697942406,-0.0359602040475779,0.001,0.0,0.1335728202902486,0.0023937820551383,0.8317739287007543,0
44,nf2018v2,nfunswv2,mlp,0.4889721027701008,0.0265479697942406,-0.0359602040475779,0.01,0.0,0.1335728202902486,0.0067717548458048,0.8485266286092937,0
44,nf2018v2,nfunswv2,mlp,0.4889721027701008,0.0265479697942406,-0.0359602040475779,0.05,0.0,0.1335728202902486,0.0059029940809472,0.9278734814862564,0
44,nf2018v2,nfunswv2,mlp,0.4889721027701008,0.0265479697942406,-0.0359602040475779,0.1,0.0,0.1335728202902486,0.0054441680447457,0.9343919774460396,0
44,nf2018v2,nftonv2,mlp,0.5365185831973206,0.2097548938222341,-0.0708451440071573,0.0001,0.0,0.2398541988958743,0.0857962595851351,0.7540987756885379,0
44,nf2018v2,nftonv2,mlp,0.5365185831973206,0.2097548938222341,-0.0708451440071573,0.001,0.0,0.2398541988958743,0.0593328973261992,0.9139482387511624,0
44,nf2018v2,nftonv2,mlp,0.5365185831973206,0.2097548938222341,-0.0708451440071573,0.01,0.0,0.2398541988958743,0.0562891368902838,0.9309965899380648,0
44,nf2018v2,nftonv2,mlp,0.5365185831973206,0.2097548938222341,-0.0708451440071573,0.05,0.0,0.2398541988958743,0.0869897268271602,0.9425658494896744,0
44,nf2018v2,nftonv2,mlp,0.5365185831973206,0.2097548938222341,-0.0708451440071573,0.1,0.0,0.2398541988958743,0.0878651706790279,0.9508943106312562,0
44,nf2018v2,nfbotv2,mlp,0.5265067769578508,0.1399052282277197,0.0005939683406881,0.0001,0.0,0.1399052282277197,0.0006036983635212,0.460536163617781,0
44,nf2018v2,nfbotv2,mlp,0.5265067769578508,0.1399052282277197,0.0005939683406881,0.001,0.0,0.1399052282277197,3.307320726186891e-05,0.6649505975238665,0
44,nf2018v2,nfbotv2,mlp,0.5265067769578508,0.1399052282277197,0.0005939683406881,0.01,0.0,0.0426575190558822,1.5385874243989406e-05,0.6991905910108744,0
44,nf2018v2,nfbotv2,mlp,0.5265067769578508,0.1399052282277197,0.0005939683406881,0.05,0.0,0.0426575190558822,2.496266294715888e-05,0.8181318958792537,0
44,nf2018v2,nfbotv2,mlp,0.5265067769578508,0.1399052282277197,0.0005939683406881,0.1,0.0,0.0426575190558822,2.2899478436699816e-05,0.9281686029790208,0
44,nfunswv2,nf2018v2,rf,0.5105728791946029,0.2588262063795377,-0.207537221514851,0.0001,0.0,0.2588262063795377,0.0929506425493507,0.9360309566298042,0
44,nfunswv2,nf2018v2,rf,0.5105728791946029,0.2588262063795377,-0.207537221514851,0.001,0.0,0.2588262063795377,0.1351074582147016,0.961503658455747,0
44,nfunswv2,nf2018v2,rf,0.5105728791946029,0.2588262063795377,-0.207537221514851,0.01,0.0,0.2588262063795377,0.1428332902466899,0.9729662026473438,0
44,nfunswv2,nf2018v2,rf,0.5105728791946029,0.2588262063795377,-0.207537221514851,0.05,0.0,0.2588262063795377,0.1459950923345487,0.976811933349486,0
44,nfunswv2,nf2018v2,rf,0.5105728791946029,0.2588262063795377,-0.207537221514851,0.1,0.0,0.2588262063795377,0.1459190263496565,0.977101873886685,0
44,nfunswv2,nftonv2,rf,0.5133186226101667,0.2863581087200704,-0.0474318792854298,0.0001,0.0,0.2863581087200704,0.1363128458352247,0.8582549089139448,0
44,nfunswv2,nftonv2,rf,0.5133186226101667,0.2863581087200704,-0.0474318792854298,0.001,0.0,0.2863581087200704,0.1860918495842262,0.9373076219232932,0
44,nfunswv2,nftonv2,rf,0.5133186226101667,0.2863581087200704,-0.0474318792854298,0.01,0.0,0.2863581087200704,0.1460271492704511,0.967201378846252,0
44,nfunswv2,nftonv2,rf,0.5133186226101667,0.2863581087200704,-0.0474318792854298,0.05,0.0,0.2863581087200704,0.146947963779964,0.9794593192480884,0
44,nfunswv2,nftonv2,rf,0.5133186226101667,0.2863581087200704,-0.0474318792854298,0.1,0.0,0.2863581087200704,0.1452844591735153,0.9826258831098112,0
44,nfunswv2,nfbotv2,rf,0.5468523809530492,0.31928864586479,0.0399540697075046,0.0001,0.0,0.31928864586479,0.0005711892339298,0.4428082783145933,0
44,nfunswv2,nfbotv2,rf,0.5468523809530492,0.31928864586479,0.0399540697075046,0.001,0.0,0.31928864586479,0.0001885900604486,0.8318812760914426,0
44,nfunswv2,nfbotv2,rf,0.5468523809530492,0.31928864586479,0.0399540697075046,0.01,0.0,0.31928864586479,0.0002134719589912,0.9182785358055447,0
44,nfunswv2,nfbotv2,rf,0.5468523809530492,0.31928864586479,0.0399540697075046,0.05,0.0,0.31928864586479,0.002120904930612,0.965428877479797,0
44,nfunswv2,nfbotv2,rf,0.5468523809530492,0.31928864586479,0.0399540697075046,0.1,0.0,0.31928864586479,0.0018015999394373,0.9741352957622512,0
44,nfunswv2,nf2018v2,lgbm,0.5107005128109744,0.2239816651200506,-0.0708143570845243,0.0001,0.0,0.2456717697355021,0.035331446582072,0.9527411781822194,0
44,nfunswv2,nf2018v2,lgbm,0.5107005128109744,0.2239816651200506,-0.0708143570845243,0.001,0.0,0.2456717697355021,0.0720134722316759,0.9613612588863598,0
44,nfunswv2,nf2018v2,lgbm,0.5107005128109744,0.2239816651200506,-0.0708143570845243,0.01,0.0,0.2456717697355021,0.0721414136337127,0.973087617635882,0
44,nfunswv2,nf2018v2,lgbm,0.5107005128109744,0.2239816651200506,-0.0708143570845243,0.05,0.0,0.2456717697355021,0.0707369345830645,0.9761051425900694,0
44,nfunswv2,nf2018v2,lgbm,0.5107005128109744,0.2239816651200506,-0.0708143570845243,0.1,0.0,0.2456717697355021,0.0718552332947329,0.9758577064723952,0
44,nfunswv2,nftonv2,lgbm,0.4312022833445822,0.0478517534413926,-0.1089386663682975,0.0001,0.0,0.0478517534413926,0.0017342679843382,0.858805825453463,0
44,nfunswv2,nftonv2,lgbm,0.4312022833445822,0.0478517534413926,-0.1089386663682975,0.001,0.1218032775607165,0.2596453994125046,0.0943275380668391,0.9393959920246616,0
44,nfunswv2,nftonv2,lgbm,0.4312022833445822,0.0478517534413926,-0.1089386663682975,0.01,0.1114321846541979,0.2596453994125046,0.0720422181841196,0.9697498433514596,0
44,nfunswv2,nftonv2,lgbm,0.4312022833445822,0.0478517534413926,-0.1089386663682975,0.05,0.1106836514457415,0.2596453994125046,0.0625988226008493,0.9801054989136068,0
44,nfunswv2,nftonv2,lgbm,0.4312022833445822,0.0478517534413926,-0.1089386663682975,0.1,0.1088939310633661,0.2596453994125046,0.0660409489274626,0.981920584324826,0
44,nfunswv2,nfbotv2,lgbm,0.5919089605041423,0.3932933630006844,-0.0187583396434772,0.0001,0.0,0.3932933630006844,0.0006023238797688,0.5245324577407761,0
44,nfunswv2,nfbotv2,lgbm,0.5919089605041423,0.3932933630006844,-0.0187583396434772,0.001,0.0,0.3932933630006844,0.0001657989349314,0.8125096623919034,0
44,nfunswv2,nfbotv2,lgbm,0.5919089605041423,0.3932933630006844,-0.0187583396434772,0.01,0.0,0.3932933630006844,6.231379353593969e-05,0.5100312290579069,0
44,nfunswv2,nfbotv2,lgbm,0.5919089605041423,0.3932933630006844,-0.0187583396434772,0.05,0.0,0.3932933630006844,7.220245661898606e-05,0.6841106362495549,0
44,nfunswv2,nfbotv2,lgbm,0.5919089605041423,0.3932933630006844,-0.0187583396434772,0.1,0.0,0.3932933630006844,7.602442507637086e-05,0.4492294871963703,0
44,nfunswv2,nf2018v2,mlp,0.4557591351231781,0.1310826171366032,-0.176733098269304,0.0001,0.0,0.2820714187398186,0.074238727392154,0.9224737429380716,0
44,nfunswv2,nf2018v2,mlp,0.4557591351231781,0.1310826171366032,-0.176733098269304,0.001,0.0,0.2820714187398186,0.0453617018502905,0.919287252865938,0
44,nfunswv2,nf2018v2,mlp,0.4557591351231781,0.1310826171366032,-0.176733098269304,0.01,0.0,0.2820714187398186,0.0436647445960464,0.9579442360917306,0
44,nfunswv2,nf2018v2,mlp,0.4557591351231781,0.1310826171366032,-0.176733098269304,0.05,0.0,0.2820714187398186,0.0433489394736115,0.970111232411806,0
44,nfunswv2,nf2018v2,mlp,0.4557591351231781,0.1310826171366032,-0.176733098269304,0.1,0.0,0.2820714187398186,0.0433616271997952,0.9717230082654702,0
44,nfunswv2,nftonv2,mlp,0.4947290774873116,0.1721303033022963,-0.0679767508783605,0.0001,0.0,0.215755210963136,0.0016320396164023,0.7540987756885379,0
44,nfunswv2,nftonv2,mlp,0.4947290774873116,0.1721303033022963,-0.0679767508783605,0.001,0.0,0.215755210963136,0.015569659763233,0.9139482387511624,0
44,nfunswv2,nftonv2,mlp,0.4947290774873116,0.1721303033022963,-0.0679767508783605,0.01,0.0,0.215755210963136,0.0152337640357543,0.9309965899380648,0
44,nfunswv2,nftonv2,mlp,0.4947290774873116,0.1721303033022963,-0.0679767508783605,0.05,0.0,0.215755210963136,0.0189994566831945,0.9425658494896744,0
44,nfunswv2,nftonv2,mlp,0.4947290774873116,0.1721303033022963,-0.0679767508783605,0.1,0.0,0.215755210963136,0.0184779038975792,0.9508943106312562,0
44,nfunswv2,nfbotv2,mlp,0.4972047857966979,0.4556410348331999,-0.0138061610154417,0.0001,0.0,0.0,0.0005994967234435,0.460536163617781,0
44,nfunswv2,nfbotv2,mlp,0.4972047857966979,0.4556410348331999,-0.0138061610154417,0.001,0.0,0.0,0.0001597984094656,0.6649505975238665,0
44,nfunswv2,nfbotv2,mlp,0.4972047857966979,0.4556410348331999,-0.0138061610154417,0.01,0.0,0.0,7.036268666416046e-05,0.6991905910108744,0
44,nfunswv2,nfbotv2,mlp,0.4972047857966979,0.4556410348331999,-0.0138061610154417,0.05,0.0,0.0935761771235991,3.960886194081531e-05,0.8181318958792537,0
44,nfunswv2,nfbotv2,mlp,0.4972047857966979,0.4556410348331999,-0.0138061610154417,0.1,0.0,0.0935761771235991,7.259699288203033e-05,0.9281686029790208,0
44,nftonv2,nf2018v2,rf,0.5762380075452206,0.3369268237270292,0.1375724907789287,0.0001,0.0,0.3369268237270292,0.0989076288977928,0.9360309566298042,0
44,nftonv2,nf2018v2,rf,0.5762380075452206,0.3369268237270292,0.1375724907789287,0.001,0.0,0.3369268237270292,0.092100385511232,0.961503658455747,0
44,nftonv2,nf2018v2,rf,0.5762380075452206,0.3369268237270292,0.1375724907789287,0.01,0.0,0.3369268237270292,0.110113688394299,0.9729662026473438,0
44,nftonv2,nf2018v2,rf,0.5762380075452206,0.3369268237270292,0.1375724907789287,0.05,0.0,0.3369268237270292,0.1113347615254141,0.976811933349486,0
44,nftonv2,nf2018v2,rf,0.5762380075452206,0.3369268237270292,0.1375724907789287,0.1,0.0,0.3369268237270292,0.108276885390598,0.977101873886685,0
44,nftonv2,nfunswv2,rf,0.4896871962007552,0.1010427789857954,0.041978584097223,0.0001,0.0,0.2789642838660135,0.0353542847309289,0.8736671584593595,0
44,nftonv2,nfunswv2,rf,0.4896871962007552,0.1010427789857954,0.041978584097223,0.001,0.0,0.2789642838660135,0.0028819267548387,0.9073692663287004,0
44,nftonv2,nfunswv2,rf,0.4896871962007552,0.1010427789857954,0.041978584097223,0.01,0.0,0.2789642838660135,0.01079686260722,0.9390994878920595,0
44,nftonv2,nfunswv2,rf,0.4896871962007552,0.1010427789857954,0.041978584097223,0.05,0.0,0.2789642838660135,0.0111794096932299,0.9477231574081642,0
44,nftonv2,nfunswv2,rf,0.4896871962007552,0.1010427789857954,0.041978584097223,0.1,0.0,0.2789642838660135,0.0111567788660984,0.9516132414787696,0
44,nftonv2,nfbotv2,rf,0.5056393777475788,0.1038338074080616,-0.0032938332947156,0.0001,0.0,0.1038338074080616,0.0005940964505419,0.4428082783145933,0
44,nftonv2,nfbotv2,rf,0.5056393777475788,0.1038338074080616,-0.0032938332947156,0.001,0.0,0.1038338074080616,5.7875058679712765e-05,0.8318812760914426,0
44,nftonv2,nfbotv2,rf,0.5056393777475788,0.1038338074080616,-0.0032938332947156,0.01,0.0,0.1038338074080616,8.097455641031814e-05,0.9182785358055447,0
44,nftonv2,nfbotv2,rf,0.5056393777475788,0.1038338074080616,-0.0032938332947156,0.05,0.0,0.1038338074080616,7.723737209841541e-05,0.965428877479797,0
44,nftonv2,nfbotv2,rf,0.5056393777475788,0.1038338074080616,-0.0032938332947156,0.1,0.0,0.1038338074080616,8.199273122555528e-05,0.9741352957622512,0
44,nftonv2,nf2018v2,lgbm,0.5442622878538432,0.3497896949241477,0.0307284221670006,0.0001,0.0,0.3497896949241477,0.0290089346882288,0.9527411781822194,0
44,nftonv2,nf2018v2,lgbm,0.5442622878538432,0.3497896949241477,0.0307284221670006,0.001,0.0,0.3497896949241477,0.0237620863985735,0.9613612588863598,0
44,nftonv2,nf2018v2,lgbm,0.5442622878538432,0.3497896949241477,0.0307284221670006,0.01,0.0,0.3497896949241477,0.0117150854768952,0.973087617635882,0
44,nftonv2,nf2018v2,lgbm,0.5442622878538432,0.3497896949241477,0.0307284221670006,0.05,0.0,0.3497896949241477,0.0163106623546892,0.9761051425900694,0
44,nftonv2,nf2018v2,lgbm,0.5442622878538432,0.3497896949241477,0.0307284221670006,0.1,0.0,0.3497896949241477,0.0132284990262768,0.9758577064723952,0
44,nftonv2,nfunswv2,lgbm,0.4927315667624955,0.0504737626187128,-0.0348303956196107,0.0001,0.0,0.0821384345300624,0.0306246280964456,0.7425957373689818,0
44,nftonv2,nfunswv2,lgbm,0.4927315667624955,0.0504737626187128,-0.0348303956196107,0.001,0.0,0.0821384345300624,0.0046987875289022,0.8870108199392052,0
44,nftonv2,nfunswv2,lgbm,0.4927315667624955,0.0504737626187128,-0.0348303956196107,0.01,0.0,0.0821384345300624,0.0029650194355475,0.9367309827229564,0
44,nftonv2,nfunswv2,lgbm,0.4927315667624955,0.0504737626187128,-0.0348303956196107,0.05,0.0,0.0821384345300624,0.0027187258224477,0.9466834576871216,0
44,nftonv2,nfunswv2,lgbm,0.4927315667624955,0.0504737626187128,-0.0348303956196107,0.1,0.0,0.0821384345300624,0.0026238622362841,0.948105806948922,0
44,nftonv2,nfbotv2,lgbm,0.5056989955657332,0.0419007629295393,-0.0208316202498997,0.0001,0.0,0.0419007629295393,0.0005998771104719,0.5245324577407761,0
44,nftonv2,nfbotv2,lgbm,0.5056989955657332,0.0419007629295393,-0.0208316202498997,0.001,0.0,0.0419007629295393,0.0001622251885224,0.8125096623919034,0
44,nftonv2,nfbotv2,lgbm,0.5056989955657332,0.0419007629295393,-0.0208316202498997,0.01,0.0,0.0419007629295393,6.927990322103117e-05,0.3840354737568537,0
44,nftonv2,nfbotv2,lgbm,0.5056989955657332,0.0419007629295393,-0.0208316202498997,0.05,0.0,0.0419007629295393,6.857432623763593e-05,0.5177393514392352,0
44,nftonv2,nfbotv2,lgbm,0.5056989955657332,0.0419007629295393,-0.0208316202498997,0.1,0.0,0.0419007629295393,7.398470253228151e-05,0.3148971206245248,0
44,nftonv2,nf2018v2,mlp,0.5189522443081456,0.2896495979868248,0.0023853582308987,0.0001,0.0,0.2722244279711002,0.0292615341597776,0.9224737429380716,0
44,nftonv2,nf2018v2,mlp,0.5189522443081456,0.2896495979868248,0.0023853582308987,0.001,0.0,0.2896495979868248,0.0009909775170302,0.919287252865938,0
44,nftonv2,nf2018v2,mlp,0.5189522443081456,0.2896495979868248,0.0023853582308987,0.01,0.0,0.2896495979868248,5.093630509489522e-06,0.9579442360917306,0
44,nftonv2,nf2018v2,mlp,0.5189522443081456,0.2896495979868248,0.0023853582308987,0.05,0.0,0.2721688931310466,2.9645247265119856e-05,0.970111232411806,0
44,nftonv2,nf2018v2,mlp,0.5189522443081456,0.2896495979868248,0.0023853582308987,0.1,0.0,0.2896495979868248,2.9035323170223396e-05,0.9717230082654702,0
44,nftonv2,nfunswv2,mlp,0.4977818749986095,0.0521242488147829,-0.0540504388309812,0.0001,0.0,0.0729942880303555,0.0301120361206431,0.7175768879709301,0
44,nftonv2,nfunswv2,mlp,0.4977818749986095,0.0521242488147829,-0.0540504388309812,0.001,0.0,0.0729942880303555,0.0020178757803047,0.8317739287007543,0
44,nftonv2,nfunswv2,mlp,0.4977818749986095,0.0521242488147829,-0.0540504388309812,0.01,0.0,0.0729942880303555,0.0006120127678136,0.8485266286092937,0
44,nftonv2,nfunswv2,mlp,0.4977818749986095,0.0521242488147829,-0.0540504388309812,0.05,0.0,0.0729942880303555,0.0001104052539198,0.9278734814862564,0
44,nftonv2,nfunswv2,mlp,0.4977818749986095,0.0521242488147829,-0.0540504388309812,0.1,0.0,0.0729942880303555,0.0002860485361629,0.9343919774460396,0
44,nftonv2,nfbotv2,mlp,0.515810258910118,0.100744197951071,-0.0979320330977192,0.0001,0.0,0.100744197951071,0.0005990373901557,0.460536163617781,0
44,nftonv2,nfbotv2,mlp,0.515810258910118,0.100744197951071,-0.0979320330977192,0.001,0.0,0.1008415031319418,3.879237847992378e-05,0.6649505975238665,0
44,nftonv2,nfbotv2,mlp,0.515810258910118,0.100744197951071,-0.0979320330977192,0.01,0.0,0.1008415031319418,0.0001788767533729,0.6991905910108744,0
44,nftonv2,nfbotv2,mlp,0.515810258910118,0.100744197951071,-0.0979320330977192,0.05,0.0,0.1008415031319418,0.0002659389929701,0.8181318958792537,0
44,nftonv2,nfbotv2,mlp,0.515810258910118,0.100744197951071,-0.0979320330977192,0.1,0.0,0.1008415031319418,0.0003050600668752,0.9281686029790208,0
44,nfbotv2,nf2018v2,rf,0.7411164943490579,0.6405787022061478,0.3660614004371804,0.0001,-0.0012722991790382,0.6405787022061478,0.1225218136479606,0.9360309566298042,0
44,nfbotv2,nf2018v2,rf,0.7411164943490579,0.6405787022061478,0.3660614004371804,0.001,0.2607702935876309,0.6405787022061478,0.0784234489489206,0.961503658455747,0
44,nfbotv2,nf2018v2,rf,0.7411164943490579,0.6405787022061478,0.3660614004371804,0.01,0.3153353388824497,0.6405787022061478,0.088679125715874,0.9729662026473438,0
44,nfbotv2,nf2018v2,rf,0.7411164943490579,0.6405787022061478,0.3660614004371804,0.05,0.3336226469302004,0.6405787022061478,0.0907046875791967,0.976811933349486,0
44,nfbotv2,nf2018v2,rf,0.7411164943490579,0.6405787022061478,0.3660614004371804,0.1,0.3273428446488918,0.6405787022061478,0.0892231564209132,0.977101873886685,0
44,nfbotv2,nfunswv2,rf,0.4856283068062939,0.0415956066326653,-0.0721447910558221,0.0001,0.0,0.1961725875189587,0.0316652742994987,0.8736671584593595,0
44,nfbotv2,nfunswv2,rf,0.4856283068062939,0.0415956066326653,-0.0721447910558221,0.001,0.0,0.1961725875189587,0.0138904591574846,0.9073692663287004,0
44,nfbotv2,nfunswv2,rf,0.4856283068062939,0.0415956066326653,-0.0721447910558221,0.01,0.0,0.1961725875189587,0.0207532172802537,0.9390994878920595,0
44,nfbotv2,nfunswv2,rf,0.4856283068062939,0.0415956066326653,-0.0721447910558221,0.05,0.0,0.1961725875189587,0.0182551134836115,0.9477231574081642,0
44,nfbotv2,nfunswv2,rf,0.4856283068062939,0.0415956066326653,-0.0721447910558221,0.1,0.0,0.1961725875189587,0.0182460385252724,0.9516132414787696,0
44,nfbotv2,nftonv2,rf,0.4060347641323784,0.0925321929426148,-0.0861810781793863,0.0001,0.0,0.695064290805308,0.2406008295419349,0.8582549089139448,0
44,nfbotv2,nftonv2,rf,0.4060347641323784,0.0925321929426148,-0.0861810781793863,0.001,0.0,0.695064290805308,0.263814253082073,0.9373076219232932,0
44,nfbotv2,nftonv2,rf,0.4060347641323784,0.0925321929426148,-0.0861810781793863,0.01,0.0,0.695064290805308,0.2623912804139673,0.967201378846252,0
44,nfbotv2,nftonv2,rf,0.4060347641323784,0.0925321929426148,-0.0861810781793863,0.05,0.0,0.695064290805308,0.2623627741848811,0.9794593192480884,0
44,nfbotv2,nftonv2,rf,0.4060347641323784,0.0925321929426148,-0.0861810781793863,0.1,0.0,0.695064290805308,0.26193945911339,0.9826258831098112,0
44,nfbotv2,nf2018v2,lgbm,0.5,0.0,0.0,0.0001,0.0,0.0,0.0290496834763557,0.9527411781822194,0
44,nfbotv2,nf2018v2,lgbm,0.5,0.0,0.0,0.001,0.0,0.0,0.000986731948532,0.9613612588863598,0
44,nfbotv2,nf2018v2,lgbm,0.5,0.0,0.0,0.01,0.0,0.0,5.870843551569749e-05,0.973087617635882,0
44,nfbotv2,nf2018v2,lgbm,0.5,0.0,0.0,0.05,0.0,0.0,7.321657108705359e-06,0.9761051425900694,0
44,nfbotv2,nf2018v2,lgbm,0.5,0.0,0.0,0.1,0.0,0.0,4.938000181420321e-06,0.9758577064723952,0
44,nfbotv2,nfunswv2,lgbm,0.5,0.0,0.0,0.0001,0.0,0.0,0.0316584845833719,0.7425957373689818,0
44,nfbotv2,nfunswv2,lgbm,0.5,0.0,0.0,0.001,0.0,0.0,0.0010022752871039,0.8870108199392052,0
44,nfbotv2,nfunswv2,lgbm,0.5,0.0,0.0,0.01,0.0,0.0,1.9577597591968757e-05,0.9367309827229564,0
44,nfbotv2,nfunswv2,lgbm,0.5,0.0,0.0,0.05,0.0,0.0,3.198323429520755e-05,0.9466834576871216,0
44,nfbotv2,nfunswv2,lgbm,0.5,0.0,0.0,0.1,0.0,0.0,5.234701956680077e-06,0.948105806948922,0
44,nfbotv2,nftonv2,lgbm,0.5,0.0,0.0,0.0001,0.0,0.0,0.0017069045808086,0.858805825453463,0
44,nfbotv2,nftonv2,lgbm,0.5,0.0,0.0,0.001,0.0,0.0,0.0001612240059302,0.9393959920246616,0
44,nfbotv2,nftonv2,lgbm,0.5,0.0,0.0,0.01,0.0,0.0,3.083936325087855e-05,0.9697498433514596,0
44,nfbotv2,nftonv2,lgbm,0.5,0.0,0.0,0.05,0.0,0.0,3.060978210922549e-05,0.9801054989136068,0
44,nfbotv2,nftonv2,lgbm,0.5,0.0,0.0,0.1,0.0,0.0,3.177011249622108e-05,0.981920584324826,0
44,nfbotv2,nf2018v2,mlp,0.6277486476140587,0.4036908677399097,0.3150501733512726,0.0001,0.0,0.4036908677399097,0.0298366273015471,0.9224737429380716,0
44,nfbotv2,nf2018v2,mlp,0.6277486476140587,0.4036908677399097,0.3150501733512726,0.001,0.0,0.4036908677399097,0.0077198907768597,0.919287252865938,0
44,nfbotv2,nf2018v2,mlp,0.6277486476140587,0.4036908677399097,0.3150501733512726,0.01,0.0,0.4036908677399097,0.0045811397515034,0.9579442360917306,0
44,nfbotv2,nf2018v2,mlp,0.6277486476140587,0.4036908677399097,0.3150501733512726,0.05,0.0,0.4036908677399097,0.0041656163010697,0.970111232411806,0
44,nfbotv2,nf2018v2,mlp,0.6277486476140587,0.4036908677399097,0.3150501733512726,0.1,0.0,0.4036908677399097,0.0044514464800936,0.9717230082654702,0
44,nfbotv2,nfunswv2,mlp,0.4924325300318511,0.0475578724130842,-0.1192546898866992,0.0001,0.0,0.1236224881660476,0.0363535842546309,0.7175768879709301,0
44,nfbotv2,nfunswv2,mlp,0.4924325300318511,0.0475578724130842,-0.1192546898866992,0.001,0.0,0.1236224881660476,0.0159021035006357,0.8317739287007543,0
44,nfbotv2,nfunswv2,mlp,0.4924325300318511,0.0475578724130842,-0.1192546898866992,0.01,0.0,0.1236224881660476,0.0024260198863454,0.8485266286092937,0
44,nfbotv2,nfunswv2,mlp,0.4924325300318511,0.0475578724130842,-0.1192546898866992,0.05,0.0,0.1236224881660476,0.0024563118373482,0.9278734814862564,0
44,nfbotv2,nfunswv2,mlp,0.4924325300318511,0.0475578724130842,-0.1192546898866992,0.1,0.0,0.1236224881660476,0.0026143969535289,0.9343919774460396,0
44,nfbotv2,nftonv2,mlp,0.4809232440022382,0.1297191242084633,-0.0210687895205928,0.0001,0.0,0.1478824207710065,0.0058734552941542,0.7540987756885379,0
44,nfbotv2,nftonv2,mlp,0.4809232440022382,0.1297191242084633,-0.0210687895205928,0.001,0.0,0.1478824207710065,0.0316220037908653,0.9139482387511624,0
44,nfbotv2,nftonv2,mlp,0.4809232440022382,0.1297191242084633,-0.0210687895205928,0.01,0.0,0.1478824207710065,0.0052800644337984,0.9309965899380648,0
44,nfbotv2,nftonv2,mlp,0.4809232440022382,0.1297191242084633,-0.0210687895205928,0.05,0.0,0.1478824207710065,0.0050586101957512,0.9425658494896744,0
44,nfbotv2,nftonv2,mlp,0.4809232440022382,0.1297191242084633,-0.0210687895205928,0.1,0.0,0.1478824207710065,0.0032521474297692,0.9508943106312562,0
