seed,source,target,model,budget,1,3,10,bo
42,nf2018v2,nfbotv2,lgbm,0.001,0.633,0.7048,0.6856,0.7755
42,nf2018v2,nfbotv2,lgbm,0.001,0.633,0.7048,0.6856,0.7755
42,nf2018v2,nfbotv2,lgbm,0.001,0.633,0.7048,0.6856,0.7755
42,nf2018v2,nfbotv2,lgbm,0.01,0.8424,0.8666,0.8666,0.8773
42,nf2018v2,nfbotv2,lgbm,0.01,0.8424,0.8666,0.8666,0.8773
42,nf2018v2,nfbotv2,lgbm,0.01,0.8424,0.8666,0.8666,0.8773
42,nf2018v2,nfbotv2,mlp,0.001,0.2789,0.4741,0.4994,0.6501
42,nf2018v2,nfbotv2,mlp,0.001,0.2789,0.4741,0.4994,0.6501
42,nf2018v2,nfbotv2,mlp,0.001,0.2789,0.4741,0.4994,0.6501
42,nf2018v2,nfbotv2,mlp,0.01,0.7135,0.8437,0.8544,0.7544
42,nf2018v2,nfbotv2,mlp,0.01,0.7135,0.8437,0.8544,0.7544
42,nf2018v2,nfbotv2,mlp,0.01,0.7135,0.8437,0.8544,0.7544
42,nf2018v2,nfbotv2,rf,0.001,0.024,0.6752,0.7636,0.7255
42,nf2018v2,nfbotv2,rf,0.001,0.024,0.6752,0.7636,0.7255
42,nf2018v2,nfbotv2,rf,0.001,0.024,0.6752,0.7636,0.7255
42,nf2018v2,nfbotv2,rf,0.01,0.0278,0.8731,0.9037,0.8905
42,nf2018v2,nfbotv2,rf,0.01,0.0278,0.8731,0.9037,0.8905
42,nf2018v2,nfbotv2,rf,0.01,0.0278,0.8731,0.9037,0.8905
42,nf2018v2,nftonv2,lgbm,0.001,0.8855,0.6464,0.6464,0.9324
42,nf2018v2,nftonv2,lgbm,0.001,0.8855,0.6464,0.6464,0.9324
42,nf2018v2,nftonv2,lgbm,0.001,0.8855,0.6464,0.6464,0.9324
42,nf2018v2,nftonv2,lgbm,0.01,0.9164,0.8982,0.1198,0.9693
42,nf2018v2,nftonv2,lgbm,0.01,0.9164,0.8982,0.1198,0.9693
42,nf2018v2,nftonv2,lgbm,0.01,0.9164,0.8982,0.1198,0.9693
42,nf2018v2,nftonv2,mlp,0.001,0.194,0.4858,0.6048,0.908
42,nf2018v2,nftonv2,mlp,0.001,0.194,0.4858,0.6048,0.908
42,nf2018v2,nftonv2,mlp,0.001,0.194,0.4858,0.6048,0.908
42,nf2018v2,nftonv2,mlp,0.01,0.7122,0.7486,0.7674,0.9357
42,nf2018v2,nftonv2,mlp,0.01,0.7122,0.7486,0.7674,0.9357
42,nf2018v2,nftonv2,mlp,0.01,0.7122,0.7486,0.7674,0.9357
42,nf2018v2,nftonv2,rf,0.001,0.0587,0.7445,0.9341,0.9356
42,nf2018v2,nftonv2,rf,0.001,0.0587,0.7445,0.9341,0.9356
42,nf2018v2,nftonv2,rf,0.001,0.0587,0.7445,0.9341,0.9356
42,nf2018v2,nftonv2,rf,0.01,0.065,0.7866,0.9647,0.967
42,nf2018v2,nftonv2,rf,0.01,0.065,0.7866,0.9647,0.967
42,nf2018v2,nftonv2,rf,0.01,0.065,0.7866,0.9647,0.967
42,nf2018v2,nfunswv2,lgbm,0.001,0.2894,0.4628,0.4628,0.8783
42,nf2018v2,nfunswv2,lgbm,0.001,0.2894,0.4628,0.4628,0.8783
42,nf2018v2,nfunswv2,lgbm,0.001,0.2894,0.4628,0.4628,0.8783
42,nf2018v2,nfunswv2,lgbm,0.01,0.8163,0.3244,0.3244,0.9407
42,nf2018v2,nfunswv2,lgbm,0.01,0.8163,0.3244,0.3244,0.9407
42,nf2018v2,nfunswv2,lgbm,0.01,0.8163,0.3244,0.3244,0.9407
42,nf2018v2,nfunswv2,mlp,0.001,0.0104,0.3697,0.4697,0.8725
42,nf2018v2,nfunswv2,mlp,0.001,0.0104,0.3697,0.4697,0.8725
42,nf2018v2,nfunswv2,mlp,0.001,0.0104,0.3697,0.4697,0.8725
42,nf2018v2,nfunswv2,mlp,0.01,0.7562,0.8276,0.898,0.902
42,nf2018v2,nfunswv2,mlp,0.01,0.7562,0.8276,0.898,0.902
42,nf2018v2,nfunswv2,mlp,0.01,0.7562,0.8276,0.898,0.902
42,nf2018v2,nfunswv2,rf,0.001,0.1172,0.6999,0.8815,0.9017
42,nf2018v2,nfunswv2,rf,0.001,0.1172,0.6999,0.8815,0.9017
42,nf2018v2,nfunswv2,rf,0.001,0.1172,0.6999,0.8815,0.9017
42,nf2018v2,nfunswv2,rf,0.01,0.1301,0.817,0.934,0.9417
42,nf2018v2,nfunswv2,rf,0.01,0.1301,0.817,0.934,0.9417
42,nf2018v2,nfunswv2,rf,0.01,0.1301,0.817,0.934,0.9417
42,nfbotv2,nf2018v2,lgbm,0.001,-0.1975,-0.1975,-0.1975,0.9617
42,nfbotv2,nf2018v2,lgbm,0.001,-0.1975,-0.1975,-0.1975,0.9617
42,nfbotv2,nf2018v2,lgbm,0.001,-0.1975,-0.1975,-0.1975,0.9617
42,nfbotv2,nf2018v2,lgbm,0.01,-0.1975,-0.1975,-0.1975,0.9737
42,nfbotv2,nf2018v2,lgbm,0.01,-0.1975,-0.1975,-0.1975,0.9737
42,nfbotv2,nf2018v2,lgbm,0.01,-0.1975,-0.1975,-0.1975,0.9737
42,nfbotv2,nf2018v2,mlp,0.001,0.7318,0.8464,0.8689,0.9401
42,nfbotv2,nf2018v2,mlp,0.001,0.7318,0.8464,0.8689,0.9401
42,nfbotv2,nf2018v2,mlp,0.001,0.7318,0.8464,0.8689,0.9401
42,nfbotv2,nf2018v2,mlp,0.01,0.9294,0.9524,0.9582,0.9606
42,nfbotv2,nf2018v2,mlp,0.01,0.9294,0.9524,0.9582,0.9606
42,nfbotv2,nf2018v2,mlp,0.01,0.9294,0.9524,0.9582,0.9606
42,nfbotv2,nf2018v2,rf,0.001,0.8662,0.9571,0.9606,0.9617
42,nfbotv2,nf2018v2,rf,0.001,0.8662,0.9571,0.9606,0.9617
42,nfbotv2,nf2018v2,rf,0.001,0.8662,0.9571,0.9606,0.9617
42,nfbotv2,nf2018v2,rf,0.01,0.8752,0.9712,0.9733,0.9729
42,nfbotv2,nf2018v2,rf,0.01,0.8752,0.9712,0.9733,0.9729
42,nfbotv2,nf2018v2,rf,0.01,0.8752,0.9712,0.9733,0.9729
42,nfbotv2,nftonv2,lgbm,0.001,0.1436,0.1436,0.1436,0.9324
42,nfbotv2,nftonv2,lgbm,0.001,0.1436,0.1436,0.1436,0.9324
42,nfbotv2,nftonv2,lgbm,0.001,0.1436,0.1436,0.1436,0.9324
42,nfbotv2,nftonv2,lgbm,0.01,0.1436,0.1436,0.1436,0.9693
42,nfbotv2,nftonv2,lgbm,0.01,0.1436,0.1436,0.1436,0.9693
42,nfbotv2,nftonv2,lgbm,0.01,0.1436,0.1436,0.1436,0.9693
42,nfbotv2,nftonv2,mlp,0.001,0.4775,0.6274,0.691,0.908
42,nfbotv2,nftonv2,mlp,0.001,0.4775,0.6274,0.691,0.908
42,nfbotv2,nftonv2,mlp,0.001,0.4775,0.6274,0.691,0.908
42,nfbotv2,nftonv2,mlp,0.01,0.8514,0.9017,0.9132,0.9357
42,nfbotv2,nftonv2,mlp,0.01,0.8514,0.9017,0.9132,0.9357
42,nfbotv2,nftonv2,mlp,0.01,0.8514,0.9017,0.9132,0.9357
42,nfbotv2,nftonv2,rf,0.001,0.0411,0.874,0.9316,0.9356
42,nfbotv2,nftonv2,rf,0.001,0.0411,0.874,0.9316,0.9356
42,nfbotv2,nftonv2,rf,0.001,0.0411,0.874,0.9316,0.9356
42,nfbotv2,nftonv2,rf,0.01,0.0575,0.9324,0.9643,0.967
42,nfbotv2,nftonv2,rf,0.01,0.0575,0.9324,0.9643,0.967
42,nfbotv2,nftonv2,rf,0.01,0.0575,0.9324,0.9643,0.967
42,nfbotv2,nfunswv2,lgbm,0.001,-0.042,-0.042,-0.042,0.8783
42,nfbotv2,nfunswv2,lgbm,0.001,-0.042,-0.042,-0.042,0.8783
42,nfbotv2,nfunswv2,lgbm,0.001,-0.042,-0.042,-0.042,0.8783
42,nfbotv2,nfunswv2,lgbm,0.01,-0.042,-0.042,-0.042,0.9407
42,nfbotv2,nfunswv2,lgbm,0.01,-0.042,-0.042,-0.042,0.9407
42,nfbotv2,nfunswv2,lgbm,0.01,-0.042,-0.042,-0.042,0.9407
42,nfbotv2,nfunswv2,mlp,0.001,0.5039,0.5781,0.6119,0.8725
42,nfbotv2,nfunswv2,mlp,0.001,0.5039,0.5781,0.6119,0.8725
42,nfbotv2,nfunswv2,mlp,0.001,0.5039,0.5781,0.6119,0.8725
42,nfbotv2,nfunswv2,mlp,0.01,0.6602,0.7366,0.7234,0.902
42,nfbotv2,nfunswv2,mlp,0.01,0.6602,0.7366,0.7234,0.902
42,nfbotv2,nfunswv2,mlp,0.01,0.6602,0.7366,0.7234,0.902
42,nfbotv2,nfunswv2,rf,0.001,0.5002,0.8923,0.8972,0.9017
42,nfbotv2,nfunswv2,rf,0.001,0.5002,0.8923,0.8972,0.9017
42,nfbotv2,nfunswv2,rf,0.001,0.5002,0.8923,0.8972,0.9017
42,nfbotv2,nfunswv2,rf,0.01,0.5505,0.9308,0.9397,0.9417
42,nfbotv2,nfunswv2,rf,0.01,0.5505,0.9308,0.9397,0.9417
42,nfbotv2,nfunswv2,rf,0.01,0.5505,0.9308,0.9397,0.9417
42,nftonv2,nf2018v2,lgbm,0.001,0.9641,0.9641,0.9637,0.9617
42,nftonv2,nf2018v2,lgbm,0.001,0.9641,0.9641,0.9637,0.9617
42,nftonv2,nf2018v2,lgbm,0.001,0.9641,0.9641,0.9637,0.9617
42,nftonv2,nf2018v2,lgbm,0.01,0.9554,0.9561,0.9619,0.9737
42,nftonv2,nf2018v2,lgbm,0.01,0.9554,0.9561,0.9619,0.9737
42,nftonv2,nf2018v2,lgbm,0.01,0.9554,0.9561,0.9619,0.9737
42,nftonv2,nf2018v2,mlp,0.001,0.638,0.8902,0.9498,0.9401
42,nftonv2,nf2018v2,mlp,0.001,0.638,0.8902,0.9498,0.9401
42,nftonv2,nf2018v2,mlp,0.001,0.638,0.8902,0.9498,0.9401
42,nftonv2,nf2018v2,mlp,0.01,0.9399,0.9695,0.9697,0.9606
42,nftonv2,nf2018v2,mlp,0.01,0.9399,0.9695,0.9697,0.9606
42,nftonv2,nf2018v2,mlp,0.01,0.9399,0.9695,0.9697,0.9606
42,nftonv2,nf2018v2,rf,0.001,0.3302,0.9219,0.9609,0.9617
42,nftonv2,nf2018v2,rf,0.001,0.3302,0.9219,0.9609,0.9617
42,nftonv2,nf2018v2,rf,0.001,0.3302,0.9219,0.9609,0.9617
42,nftonv2,nf2018v2,rf,0.01,0.3421,0.933,0.973,0.9729
42,nftonv2,nf2018v2,rf,0.01,0.3421,0.933,0.973,0.9729
42,nftonv2,nf2018v2,rf,0.01,0.3421,0.933,0.973,0.9729
42,nftonv2,nfbotv2,lgbm,0.001,0.7393,0.7588,0.7594,0.7755
42,nftonv2,nfbotv2,lgbm,0.001,0.7393,0.7588,0.7594,0.7755
42,nftonv2,nfbotv2,lgbm,0.001,0.7393,0.7588,0.7594,0.7755
42,nftonv2,nfbotv2,lgbm,0.01,0.4244,0.6968,0.6968,0.8773
42,nftonv2,nfbotv2,lgbm,0.01,0.4244,0.6968,0.6968,0.8773
42,nftonv2,nfbotv2,lgbm,0.01,0.4244,0.6968,0.6968,0.8773
42,nftonv2,nfbotv2,mlp,0.001,0.3891,0.4079,0.4714,0.6501
42,nftonv2,nfbotv2,mlp,0.001,0.3891,0.4079,0.4714,0.6501
42,nftonv2,nfbotv2,mlp,0.001,0.3891,0.4079,0.4714,0.6501
42,nftonv2,nfbotv2,mlp,0.01,0.8556,0.8914,0.8874,0.7544
42,nftonv2,nfbotv2,mlp,0.01,0.8556,0.8914,0.8874,0.7544
42,nftonv2,nfbotv2,mlp,0.01,0.8556,0.8914,0.8874,0.7544
42,nftonv2,nfbotv2,rf,0.001,0.0359,0.7101,0.7564,0.7255
42,nftonv2,nfbotv2,rf,0.001,0.0359,0.7101,0.7564,0.7255
42,nftonv2,nfbotv2,rf,0.001,0.0359,0.7101,0.7564,0.7255
42,nftonv2,nfbotv2,rf,0.01,0.0374,0.921,0.9021,0.8905
42,nftonv2,nfbotv2,rf,0.01,0.0374,0.921,0.9021,0.8905
42,nftonv2,nfbotv2,rf,0.01,0.0374,0.921,0.9021,0.8905
42,nftonv2,nfunswv2,lgbm,0.001,0.8826,0.875,0.8752,0.8783
42,nftonv2,nfunswv2,lgbm,0.001,0.8826,0.875,0.8752,0.8783
42,nftonv2,nfunswv2,lgbm,0.001,0.8826,0.875,0.8752,0.8783
42,nftonv2,nfunswv2,lgbm,0.01,0.9264,0.9324,0.9339,0.9407
42,nftonv2,nfunswv2,lgbm,0.01,0.9264,0.9324,0.9339,0.9407
42,nftonv2,nfunswv2,lgbm,0.01,0.9264,0.9324,0.9339,0.9407
42,nftonv2,nfunswv2,mlp,0.001,0.3797,0.6667,0.7481,0.8725
42,nftonv2,nfunswv2,mlp,0.001,0.3797,0.6667,0.7481,0.8725
42,nftonv2,nfunswv2,mlp,0.001,0.3797,0.6667,0.7481,0.8725
42,nftonv2,nfunswv2,mlp,0.01,0.7774,0.8505,0.897,0.902
42,nftonv2,nfunswv2,mlp,0.01,0.7774,0.8505,0.897,0.902
42,nftonv2,nfunswv2,mlp,0.01,0.7774,0.8505,0.897,0.902
42,nftonv2,nfunswv2,rf,0.001,0.2094,0.8055,0.891,0.9017
42,nftonv2,nfunswv2,rf,0.001,0.2094,0.8055,0.891,0.9017
42,nftonv2,nfunswv2,rf,0.001,0.2094,0.8055,0.891,0.9017
42,nftonv2,nfunswv2,rf,0.01,0.2132,0.8964,0.9376,0.9417
42,nftonv2,nfunswv2,rf,0.01,0.2132,0.8964,0.9376,0.9417
42,nftonv2,nfunswv2,rf,0.01,0.2132,0.8964,0.9376,0.9417
42,nfunswv2,nf2018v2,lgbm,0.001,0.9481,0.9501,0.9508,0.9617
42,nfunswv2,nf2018v2,lgbm,0.001,0.9481,0.9501,0.9508,0.9617
42,nfunswv2,nf2018v2,lgbm,0.001,0.9481,0.9501,0.9508,0.9617
42,nfunswv2,nf2018v2,lgbm,0.01,0.9455,0.8444,0.902,0.9737
42,nfunswv2,nf2018v2,lgbm,0.01,0.9455,0.8444,0.902,0.9737
42,nfunswv2,nf2018v2,lgbm,0.01,0.9455,0.8444,0.902,0.9737
42,nfunswv2,nf2018v2,mlp,0.001,0.2139,0.7451,0.882,0.9401
42,nfunswv2,nf2018v2,mlp,0.001,0.2139,0.7451,0.882,0.9401
42,nfunswv2,nf2018v2,mlp,0.001,0.2139,0.7451,0.882,0.9401
42,nfunswv2,nf2018v2,mlp,0.01,0.8922,0.9459,0.9565,0.9606
42,nfunswv2,nf2018v2,mlp,0.01,0.8922,0.9459,0.9565,0.9606
42,nfunswv2,nf2018v2,mlp,0.01,0.8922,0.9459,0.9565,0.9606
42,nfunswv2,nf2018v2,rf,0.001,0.6056,0.9617,0.9623,0.9617
42,nfunswv2,nf2018v2,rf,0.001,0.6056,0.9617,0.9623,0.9617
42,nfunswv2,nf2018v2,rf,0.001,0.6056,0.9617,0.9623,0.9617
42,nfunswv2,nf2018v2,rf,0.01,0.6362,0.9718,0.9733,0.9729
42,nfunswv2,nf2018v2,rf,0.01,0.6362,0.9718,0.9733,0.9729
42,nfunswv2,nf2018v2,rf,0.01,0.6362,0.9718,0.9733,0.9729
42,nfunswv2,nfbotv2,lgbm,0.001,0.7089,0.7617,0.764,0.7755
42,nfunswv2,nfbotv2,lgbm,0.001,0.7089,0.7617,0.764,0.7755
42,nfunswv2,nfbotv2,lgbm,0.001,0.7089,0.7617,0.764,0.7755
42,nfunswv2,nfbotv2,lgbm,0.01,0.8532,0.8743,0.8792,0.8773
42,nfunswv2,nfbotv2,lgbm,0.01,0.8532,0.8743,0.8792,0.8773
42,nfunswv2,nfbotv2,lgbm,0.01,0.8532,0.8743,0.8792,0.8773
42,nfunswv2,nfbotv2,mlp,0.001,0.1073,0.6121,0.6368,0.6501
42,nfunswv2,nfbotv2,mlp,0.001,0.1073,0.6121,0.6368,0.6501
42,nfunswv2,nfbotv2,mlp,0.001,0.1073,0.6121,0.6368,0.6501
42,nfunswv2,nfbotv2,mlp,0.01,0.6533,0.8908,0.9044,0.7544
42,nfunswv2,nfbotv2,mlp,0.01,0.6533,0.8908,0.9044,0.7544
42,nfunswv2,nfbotv2,mlp,0.01,0.6533,0.8908,0.9044,0.7544
42,nfunswv2,nfbotv2,rf,0.001,0.111,0.8289,0.76,0.7255
42,nfunswv2,nfbotv2,rf,0.001,0.111,0.8289,0.76,0.7255
42,nfunswv2,nfbotv2,rf,0.001,0.111,0.8289,0.76,0.7255
42,nfunswv2,nfbotv2,rf,0.01,0.1228,0.9038,0.9033,0.8905
42,nfunswv2,nfbotv2,rf,0.01,0.1228,0.9038,0.9033,0.8905
42,nfunswv2,nfbotv2,rf,0.01,0.1228,0.9038,0.9033,0.8905
42,nfunswv2,nftonv2,lgbm,0.001,0.7922,0.7224,0.7224,0.9324
42,nfunswv2,nftonv2,lgbm,0.001,0.7922,0.7224,0.7224,0.9324
42,nfunswv2,nftonv2,lgbm,0.001,0.7922,0.7224,0.7224,0.9324
42,nfunswv2,nftonv2,lgbm,0.01,0.8674,0.8274,0.4416,0.9693
42,nfunswv2,nftonv2,lgbm,0.01,0.8674,0.8274,0.4416,0.9693
42,nfunswv2,nftonv2,lgbm,0.01,0.8674,0.8274,0.4416,0.9693
42,nfunswv2,nftonv2,mlp,0.001,0.1144,0.4445,0.5764,0.908
42,nfunswv2,nftonv2,mlp,0.001,0.1144,0.4445,0.5764,0.908
42,nfunswv2,nftonv2,mlp,0.001,0.1144,0.4445,0.5764,0.908
42,nfunswv2,nftonv2,mlp,0.01,0.6547,0.7677,0.8131,0.9357
42,nfunswv2,nftonv2,mlp,0.01,0.6547,0.7677,0.8131,0.9357
42,nfunswv2,nftonv2,mlp,0.01,0.6547,0.7677,0.8131,0.9357
42,nfunswv2,nftonv2,rf,0.001,0.2814,0.9011,0.9318,0.9356
42,nfunswv2,nftonv2,rf,0.001,0.2814,0.9011,0.9318,0.9356
42,nfunswv2,nftonv2,rf,0.001,0.2814,0.9011,0.9318,0.9356
42,nfunswv2,nftonv2,rf,0.01,0.2942,0.939,0.9672,0.967
42,nfunswv2,nftonv2,rf,0.01,0.2942,0.939,0.9672,0.967
42,nfunswv2,nftonv2,rf,0.01,0.2942,0.939,0.9672,0.967
43,nf2018v2,nfbotv2,lgbm,0.001,0.7868,0.7901,0.7844,0.7953
43,nf2018v2,nfbotv2,lgbm,0.01,0.9214,0.923,0.9223,0.5525
43,nf2018v2,nfbotv2,mlp,0.001,0.3027,0.5895,0.6486,0.6862
43,nf2018v2,nfbotv2,mlp,0.01,0.7715,0.8956,0.8395,0.7417
43,nf2018v2,nfbotv2,rf,0.001,0.0213,0.8214,0.8555,0.8191
43,nf2018v2,nfbotv2,rf,0.01,0.0258,0.8682,0.9294,0.9237
43,nf2018v2,nftonv2,lgbm,0.001,0.8425,0.4796,0.4796,0.9363
43,nf2018v2,nftonv2,lgbm,0.01,0.9003,0.7166,0.7166,0.9701
43,nf2018v2,nftonv2,mlp,0.001,0.2519,0.5746,0.6573,0.9029
43,nf2018v2,nftonv2,mlp,0.01,0.7027,0.7604,0.7692,0.9306
43,nf2018v2,nftonv2,rf,0.001,0.0395,0.7564,0.9356,0.9373
43,nf2018v2,nftonv2,rf,0.01,0.0434,0.7966,0.9654,0.9675
43,nf2018v2,nfunswv2,lgbm,0.001,0.8352,0.8404,0.8405,0.8823
43,nf2018v2,nfunswv2,lgbm,0.01,0.7688,0.8449,0.8449,0.9376
43,nf2018v2,nfunswv2,mlp,0.001,0.2335,0.6824,0.6887,0.8004
43,nf2018v2,nfunswv2,mlp,0.01,0.7372,0.8927,0.9211,0.9031
43,nf2018v2,nfunswv2,rf,0.001,0.1082,0.7448,0.8964,0.8876
43,nf2018v2,nfunswv2,rf,0.01,0.1205,0.8201,0.931,0.9334
43,nfbotv2,nf2018v2,lgbm,0.001,0.0149,0.0149,0.0149,0.963
43,nfbotv2,nf2018v2,lgbm,0.01,0.0149,0.0149,0.0149,0.9725
43,nfbotv2,nf2018v2,mlp,0.001,0.5384,0.806,0.8026,0.9442
43,nfbotv2,nf2018v2,mlp,0.01,0.9041,0.9531,0.9627,0.964
43,nfbotv2,nf2018v2,rf,0.001,0.5281,0.9609,0.9642,0.9623
43,nfbotv2,nf2018v2,rf,0.01,0.5364,0.9723,0.9733,0.9725
43,nfbotv2,nftonv2,lgbm,0.001,0.077,0.077,0.077,0.9363
43,nfbotv2,nftonv2,lgbm,0.01,0.077,0.077,0.077,0.9701
43,nfbotv2,nftonv2,mlp,0.001,0.2955,0.6627,0.7536,0.9029
43,nfbotv2,nftonv2,mlp,0.01,0.8317,0.8985,0.9088,0.9306
43,nfbotv2,nftonv2,rf,0.001,-0.0112,0.8832,0.9367,0.9373
43,nfbotv2,nftonv2,rf,0.01,-0.0013,0.9119,0.9659,0.9675
43,nfbotv2,nfunswv2,lgbm,0.001,-0.0532,-0.0532,-0.0532,0.8823
43,nfbotv2,nfunswv2,lgbm,0.01,-0.0532,-0.0532,-0.0532,0.9376
43,nfbotv2,nfunswv2,mlp,0.001,0.311,0.5441,0.5909,0.8004
43,nfbotv2,nfunswv2,mlp,0.01,0.3316,0.755,0.5906,0.9031
43,nfbotv2,nfunswv2,rf,0.001,0.4528,0.8854,0.8842,0.8876
43,nfbotv2,nfunswv2,rf,0.01,0.4699,0.9295,0.9333,0.9334
43,nftonv2,nf2018v2,lgbm,0.001,0.9558,0.9571,0.957,0.963
43,nftonv2,nf2018v2,lgbm,0.01,0.9519,0.9086,0.908,0.9725
43,nftonv2,nf2018v2,mlp,0.001,0.2144,0.8573,0.9467,0.9442
43,nftonv2,nf2018v2,mlp,0.01,0.9354,0.9657,0.9684,0.964
43,nftonv2,nf2018v2,rf,0.001,0.2891,0.9223,0.9607,0.9623
43,nftonv2,nf2018v2,rf,0.01,0.2906,0.9413,0.9729,0.9725
43,nftonv2,nfbotv2,lgbm,0.001,0.5915,0.5935,0.5935,0.7953
43,nftonv2,nfbotv2,lgbm,0.01,0.9058,0.9026,0.9038,0.5525
43,nftonv2,nfbotv2,mlp,0.001,0.6944,0.6961,0.7261,0.6862
43,nftonv2,nfbotv2,mlp,0.01,0.8751,0.8912,0.901,0.7417
43,nftonv2,nfbotv2,rf,0.001,0.0253,0.8918,0.84,0.8191
43,nftonv2,nfbotv2,rf,0.01,0.0262,0.9101,0.9332,0.9237
43,nftonv2,nfunswv2,lgbm,0.001,0.8741,0.8777,0.8759,0.8823
43,nftonv2,nfunswv2,lgbm,0.01,0.9335,0.9335,0.933,0.9376
43,nftonv2,nfunswv2,mlp,0.001,0.3506,0.6983,0.7607,0.8004
43,nftonv2,nfunswv2,mlp,0.01,0.7451,0.8824,0.8742,0.9031
43,nftonv2,nfunswv2,rf,0.001,0.1848,0.8559,0.8934,0.8876
43,nftonv2,nfunswv2,rf,0.01,0.1928,0.9011,0.9307,0.9334
43,nfunswv2,nf2018v2,lgbm,0.001,0.8533,0.8469,0.8741,0.963
43,nfunswv2,nf2018v2,lgbm,0.01,0.9554,0.9217,0.8825,0.9725
43,nfunswv2,nf2018v2,mlp,0.001,0.2195,0.782,0.8672,0.9442
43,nfunswv2,nf2018v2,mlp,0.01,0.892,0.9504,0.9569,0.964
43,nfunswv2,nf2018v2,rf,0.001,0.7341,0.9666,0.9653,0.9623
43,nfunswv2,nf2018v2,rf,0.01,0.744,0.9704,0.9727,0.9725
43,nfunswv2,nfbotv2,lgbm,0.001,0.7825,0.79,0.7893,0.7953
43,nfunswv2,nfbotv2,lgbm,0.01,0.9054,0.921,0.9216,0.5525
43,nfunswv2,nfbotv2,mlp,0.001,0.1837,0.6322,0.6457,0.6862
43,nfunswv2,nfbotv2,mlp,0.01,0.6001,0.8902,0.8448,0.7417
43,nfunswv2,nfbotv2,rf,0.001,0.2308,0.8568,0.8499,0.8191
43,nfunswv2,nfbotv2,rf,0.01,0.2447,0.9227,0.9248,0.9237
43,nfunswv2,nftonv2,lgbm,0.001,0.858,0.6222,0.6222,0.9363
43,nfunswv2,nftonv2,lgbm,0.01,0.8488,0.8856,0.1114,0.9701
43,nfunswv2,nftonv2,mlp,0.001,0.1452,0.1268,0.5251,0.9029
43,nfunswv2,nftonv2,mlp,0.01,0.615,0.761,0.8134,0.9306
43,nfunswv2,nftonv2,rf,0.001,0.4035,0.9127,0.9354,0.9373
43,nfunswv2,nftonv2,rf,0.01,0.4101,0.9461,0.9654,0.9675
44,nf2018v2,nfbotv2,lgbm,0.001,0.8305,0.8409,0.8409,0.8125
44,nf2018v2,nfbotv2,lgbm,0.01,0.8702,0.8751,0.8753,0.4397
44,nf2018v2,nfbotv2,mlp,0.001,0.2829,0.6047,0.5546,0.665
44,nf2018v2,nfbotv2,mlp,0.01,0.7625,0.88,0.8708,0.6992
44,nf2018v2,nfbotv2,rf,0.001,0.0073,0.8656,0.8491,0.8319
44,nf2018v2,nfbotv2,rf,0.01,0.013,0.8792,0.9193,0.9183
44,nf2018v2,nftonv2,lgbm,0.001,0.816,0.804,0.0653,0.9394
44,nf2018v2,nftonv2,lgbm,0.01,0.9263,0.8216,0.3666,0.9697
44,nf2018v2,nftonv2,mlp,0.001,0.2257,0.5877,0.6579,0.9139
44,nf2018v2,nftonv2,mlp,0.01,0.6713,0.7611,0.7898,0.931
44,nf2018v2,nftonv2,rf,0.001,0.0673,0.762,0.9375,0.9373
44,nf2018v2,nftonv2,rf,0.01,0.0713,0.7927,0.9668,0.9672
44,nf2018v2,nfunswv2,lgbm,0.001,0.8429,0.8522,0.8518,0.887
44,nf2018v2,nfunswv2,lgbm,0.01,0.2588,0.3517,0.3517,0.9367
44,nf2018v2,nfunswv2,mlp,0.001,0.2907,0.5472,0.6815,0.8318
44,nf2018v2,nfunswv2,mlp,0.01,0.7325,0.8121,0.8595,0.8485
44,nf2018v2,nfunswv2,rf,0.001,0.1145,0.715,0.9004,0.9074
44,nf2018v2,nfunswv2,rf,0.01,0.1286,0.8121,0.9276,0.9391
44,nfbotv2,nf2018v2,lgbm,0.001,0.0159,0.0159,0.0159,0.9614
44,nfbotv2,nf2018v2,lgbm,0.01,0.0159,0.0159,0.0159,0.9731
44,nfbotv2,nf2018v2,mlp,0.001,0.6287,0.8615,0.8809,0.9193
44,nfbotv2,nf2018v2,mlp,0.01,0.9304,0.9388,0.9615,0.9579
44,nfbotv2,nf2018v2,rf,0.001,0.774,0.9555,0.9608,0.9615
44,nfbotv2,nf2018v2,rf,0.01,0.7835,0.9708,0.9734,0.973
44,nfbotv2,nftonv2,lgbm,0.001,0.0765,0.0765,0.0765,0.9394
44,nfbotv2,nftonv2,lgbm,0.01,0.0765,0.0765,0.0765,0.9697
44,nfbotv2,nftonv2,mlp,0.001,0.6355,0.7517,0.8093,0.9139
44,nfbotv2,nftonv2,mlp,0.01,0.8436,0.8968,0.9068,0.931
44,nfbotv2,nftonv2,rf,0.001,0.0233,0.8662,0.9412,0.9373
44,nfbotv2,nftonv2,rf,0.01,0.0363,0.931,0.9659,0.9672
44,nfbotv2,nfunswv2,lgbm,0.001,-0.042,-0.042,-0.042,0.887
44,nfbotv2,nfunswv2,lgbm,0.01,-0.042,-0.042,-0.042,0.9367
44,nfbotv2,nfunswv2,mlp,0.001,0.2114,0.5947,0.6252,0.8318
44,nfbotv2,nfunswv2,mlp,0.01,0.6398,0.7274,0.7652,0.8485
44,nfbotv2,nfunswv2,rf,0.001,0.1929,0.8978,0.9086,0.9074
44,nfbotv2,nfunswv2,rf,0.01,0.1937,0.9338,0.9392,0.9391
44,nftonv2,nf2018v2,lgbm,0.001,0.9415,0.9445,0.9444,0.9614
44,nftonv2,nf2018v2,lgbm,0.01,0.9657,0.9688,0.9714,0.9731
44,nftonv2,nf2018v2,mlp,0.001,0.3133,0.8807,0.8997,0.9193
44,nftonv2,nf2018v2,mlp,0.01,0.9464,0.9698,0.9701,0.9579
44,nftonv2,nf2018v2,rf,0.001,0.31,0.9363,0.9627,0.9615
44,nftonv2,nf2018v2,rf,0.01,0.3144,0.9385,0.9725,0.973
44,nftonv2,nfbotv2,lgbm,0.001,0.0998,0.4901,0.4901,0.8125
44,nftonv2,nfbotv2,lgbm,0.01,0.6584,0.7171,0.7171,0.4397
44,nftonv2,nfbotv2,mlp,0.001,0.5987,0.704,0.7121,0.665
44,nftonv2,nfbotv2,mlp,0.01,0.8476,0.8925,0.8883,0.6992
44,nftonv2,nfbotv2,rf,0.001,0.0141,0.8532,0.8551,0.8319
44,nftonv2,nfbotv2,rf,0.01,0.0144,0.9164,0.9139,0.9183
44,nftonv2,nfunswv2,lgbm,0.001,0.8749,0.8772,0.877,0.887
44,nftonv2,nfunswv2,lgbm,0.01,0.8293,0.7931,0.7931,0.9367
44,nftonv2,nfunswv2,mlp,0.001,0.3871,0.6791,0.7051,0.8318
44,nftonv2,nfunswv2,mlp,0.01,0.7498,0.8836,0.8951,0.8485
44,nftonv2,nfunswv2,rf,0.001,0.1785,0.8534,0.9109,0.9074
44,nftonv2,nfunswv2,rf,0.01,0.1892,0.8927,0.934,0.9391
44,nfunswv2,nf2018v2,lgbm,0.001,0.7995,0.7813,0.8024,0.9614
44,nfunswv2,nf2018v2,lgbm,0.01,0.9053,0.7135,0.7135,0.9731
44,nfunswv2,nf2018v2,mlp,0.001,0.3208,0.791,0.8572,0.9193
44,nfunswv2,nf2018v2,mlp,0.01,0.8927,0.9484,0.9606,0.9579
44,nfunswv2,nf2018v2,rf,0.001,0.6903,0.9631,0.9641,0.9615
44,nfunswv2,nf2018v2,rf,0.01,0.6937,0.971,0.9734,0.973
44,nfunswv2,nfbotv2,lgbm,0.001,0.8243,0.8332,0.8332,0.8125
44,nfunswv2,nfbotv2,lgbm,0.01,0.8772,0.8857,0.8829,0.4397
44,nfunswv2,nfbotv2,mlp,0.001,0.5039,0.5406,0.634,0.665
44,nfunswv2,nfbotv2,mlp,0.01,0.5533,0.7811,0.8437,0.6992
44,nfunswv2,nfbotv2,rf,0.001,0.051,0.8574,0.846,0.8319
44,nfunswv2,nfbotv2,rf,0.01,0.0555,0.9076,0.9069,0.9183
44,nfunswv2,nftonv2,lgbm,0.001,0.5543,0.5543,0.5543,0.9394
44,nfunswv2,nftonv2,lgbm,0.01,0.8976,0.8325,0.8325,0.9697
44,nfunswv2,nftonv2,mlp,0.001,0.1359,0.2428,0.5514,0.9139
44,nfunswv2,nftonv2,mlp,0.01,0.6295,0.7508,0.7967,0.931
44,nfunswv2,nftonv2,rf,0.001,0.3393,0.8918,0.9358,0.9373
44,nfunswv2,nftonv2,rf,0.01,0.3484,0.9362,0.9657,0.9672
