source,model,target,strategy,mcc_mean,mcc_std,mcc_best_thr_mean,mcc_best_thr_std,macro_f1_mean,macro_f1_std,auprc_macro_mean,auprc_macro_std,fp_rate_mean,fp_rate_std,ece_mean,ece_std
nf2018v2,lgbm,nf2018v2,in_domain,0.9768,0.0003,0.977,0.0002,0.9883,0.0002,0.9877,0.0002,0.0001,0.0,0.0015,0.0
nf2018v2,lgbm,nfbotv2,zero_shot,0.0015,0.0083,0.3069,0.0494,0.1203,0.0515,0.5517,0.0175,0.1319,0.0954,0.6329,0.0573
nf2018v2,lgbm,nftonv2,zero_shot,0.0342,0.0357,0.3669,0.0955,0.3707,0.0268,0.6124,0.067,0.1728,0.0019,0.5847,0.0384
nf2018v2,lgbm,nfunswv2,zero_shot,0.1344,0.0231,0.1381,0.0214,0.5196,0.0053,0.513,0.0145,0.0007,0.0002,0.0371,0.0019
nf2018v2,mlp,nf2018v2,in_domain,0.9713,0.0015,0.9715,0.0017,0.9855,0.0008,0.9848,0.0004,0.0003,0.0,0.0011,0.0004
nf2018v2,mlp,nfbotv2,zero_shot,-0.0179,0.0304,0.2291,0.0367,0.2186,0.0641,0.5276,0.0056,0.389,0.1265,0.6307,0.0925
nf2018v2,mlp,nftonv2,zero_shot,0.0103,0.0783,0.2248,0.017,0.3933,0.0559,0.5557,0.0177,0.2455,0.002,0.5244,0.0684
nf2018v2,mlp,nfunswv2,zero_shot,-0.0408,0.0141,0.0603,0.0309,0.4759,0.0129,0.4854,0.0044,0.0813,0.0524,0.07,0.0231
nf2018v2,rf,nf2018v2,in_domain,0.9771,0.0002,0.9772,0.0001,0.9884,0.0001,0.9848,0.0004,0.0001,0.0,0.0052,0.0001
nf2018v2,rf,nfbotv2,zero_shot,0.0095,0.008,0.1684,0.0326,0.0498,0.0005,0.5139,0.0044,0.0163,0.0261,0.7451,0.0075
nf2018v2,rf,nftonv2,zero_shot,-0.1249,0.0459,0.3286,0.121,0.2672,0.0222,0.5873,0.0391,0.1666,0.0007,0.5825,0.0172
nf2018v2,rf,nfunswv2,zero_shot,0.0051,0.0114,0.0375,0.0028,0.4914,0.0014,0.4812,0.0023,0.0007,0.0007,0.1644,0.0143
nfbotv2,lgbm,nf2018v2,zero_shot,0.2194,0.1775,0.2194,0.1775,0.3896,0.2441,0.5517,0.0447,0.635,0.3153,0.5637,0.2745
nfbotv2,lgbm,nfbotv2,in_domain,0.4386,0.35,0.4435,0.3537,0.7175,0.1733,0.638,0.12,0.5908,0.3246,0.0045,0.0028
nfbotv2,lgbm,nftonv2,zero_shot,0.0842,0.1546,0.1001,0.137,0.4938,0.0731,0.5218,0.0439,0.646,0.3832,0.3748,0.0882
nfbotv2,lgbm,nfunswv2,zero_shot,-0.1411,0.1019,0.0,0.0,0.1155,0.0684,0.4954,0.0041,0.9007,0.0826,0.8765,0.0745
nfbotv2,mlp,nf2018v2,zero_shot,0.3204,0.0185,0.4464,0.1007,0.5667,0.0489,0.6467,0.056,0.3711,0.1011,0.3113,0.1019
nfbotv2,mlp,nfbotv2,in_domain,0.937,0.0129,0.9419,0.0117,0.9685,0.0065,0.9736,0.0043,0.0616,0.0139,0.0003,0.0
nfbotv2,mlp,nftonv2,zero_shot,-0.1718,0.165,0.1441,0.0339,0.3737,0.1032,0.4699,0.0303,0.5445,0.0212,0.5056,0.0871
nfbotv2,mlp,nfunswv2,zero_shot,-0.0096,0.095,0.0887,0.0608,0.371,0.1031,0.5056,0.0158,0.4622,0.2356,0.4425,0.2142
nfbotv2,rf,nf2018v2,zero_shot,0.4373,0.1765,0.6884,0.0626,0.6322,0.1508,0.762,0.0243,0.3202,0.1925,0.1898,0.0534
nfbotv2,rf,nfbotv2,in_domain,0.9732,0.0033,0.975,0.0029,0.9866,0.0016,0.9949,0.0014,0.0163,0.0056,0.0001,0.0
nfbotv2,rf,nftonv2,zero_shot,-0.0874,0.0065,0.0591,0.0473,0.4532,0.0035,0.4053,0.003,0.8554,0.0076,0.3844,0.0155
nfbotv2,rf,nfunswv2,zero_shot,-0.0638,0.0454,0.0825,0.0587,0.1377,0.0163,0.4953,0.0147,0.8798,0.0251,0.5064,0.0442
nftonv2,lgbm,nf2018v2,zero_shot,0.0262,0.0217,0.2301,0.1385,0.5005,0.0144,0.5048,0.0475,0.2319,0.026,0.2112,0.0167
nftonv2,lgbm,nfbotv2,zero_shot,-0.0111,0.0094,0.1433,0.1191,0.0207,0.0139,0.5225,0.0328,0.0334,0.0066,0.9497,0.0274
nftonv2,lgbm,nftonv2,in_domain,0.9826,0.0008,0.9828,0.0008,0.9913,0.0004,0.9989,0.0,0.0172,0.0008,0.0028,0.0004
nftonv2,lgbm,nfunswv2,zero_shot,-0.0339,0.03,0.0562,0.0048,0.393,0.0203,0.4934,0.0092,0.4086,0.0365,0.2614,0.0061
nftonv2,mlp,nf2018v2,zero_shot,-0.0152,0.0226,0.3059,0.0869,0.4586,0.0183,0.5261,0.0197,0.3424,0.0372,0.3068,0.0324
nftonv2,mlp,nfbotv2,zero_shot,-0.1053,0.0205,0.1737,0.0172,0.0587,0.0252,0.5125,0.0059,0.4402,0.0984,0.9109,0.042
nftonv2,mlp,nftonv2,in_domain,0.9548,0.0009,0.9552,0.0006,0.9774,0.0004,0.996,0.0002,0.0412,0.002,0.0028,0.0012
nftonv2,mlp,nfunswv2,zero_shot,-0.0463,0.007,0.0826,0.0279,0.3743,0.0247,0.5013,0.0041,0.4481,0.071,0.4106,0.0796
nftonv2,rf,nf2018v2,zero_shot,0.1282,0.0182,0.2472,0.0779,0.5636,0.0095,0.5528,0.0207,0.118,0.0105,0.1181,0.015
nftonv2,rf,nfbotv2,zero_shot,-0.0003,0.0043,0.1307,0.0233,0.0322,0.0048,0.511,0.0047,0.029,0.0066,0.7111,0.0265
nftonv2,rf,nftonv2,in_domain,0.9829,0.0004,0.9833,0.0002,0.9914,0.0002,0.9983,0.0001,0.0176,0.0005,0.0028,0.0002
nftonv2,rf,nfunswv2,zero_shot,0.0426,0.0085,0.0995,0.0023,0.5143,0.0033,0.4944,0.0045,0.085,0.0024,0.1714,0.002
nfunswv2,lgbm,nf2018v2,zero_shot,-0.0935,0.0197,0.1147,0.0953,0.4527,0.0092,0.4535,0.0502,0.1074,0.0163,0.154,0.0274
nfunswv2,lgbm,nfbotv2,zero_shot,-0.0087,0.0105,0.26,0.1408,0.1827,0.1365,0.5425,0.043,0.2706,0.1787,0.6059,0.2663
nfunswv2,lgbm,nftonv2,zero_shot,-0.1029,0.0062,0.1172,0.055,0.2204,0.0016,0.4656,0.0298,0.0448,0.0008,0.7151,0.0039
nfunswv2,lgbm,nfunswv2,in_domain,0.9528,0.0015,0.9536,0.0017,0.9763,0.0008,0.9929,0.0003,0.0024,0.0002,0.0011,0.0001
nfunswv2,mlp,nf2018v2,zero_shot,-0.1473,0.048,0.1302,0.01,0.4241,0.0258,0.4569,0.0018,0.1883,0.0655,0.2522,0.0588
nfunswv2,mlp,nfbotv2,zero_shot,-0.0263,0.0257,0.4438,0.1381,0.0107,0.0018,0.4978,0.0007,0.0425,0.0406,0.9868,0.0027
nfunswv2,mlp,nftonv2,zero_shot,-0.0338,0.0499,0.2015,0.0286,0.231,0.0231,0.5154,0.019,0.0238,0.0102,0.6942,0.0139
nfunswv2,mlp,nfunswv2,in_domain,0.9354,0.001,0.9364,0.0014,0.9673,0.0007,0.9826,0.0012,0.0042,0.0005,0.0012,0.0004
nfunswv2,rf,nf2018v2,zero_shot,-0.235,0.0239,0.2519,0.0073,0.3557,0.0196,0.5091,0.0017,0.4197,0.059,0.2242,0.0483
nfunswv2,rf,nfbotv2,zero_shot,0.0457,0.006,0.2587,0.0713,0.3034,0.0213,0.5389,0.013,0.0739,0.0126,0.4254,0.1022
nfunswv2,rf,nftonv2,zero_shot,-0.0665,0.0332,0.3801,0.16,0.2316,0.0094,0.6037,0.102,0.0468,0.0006,0.5013,0.034
nfunswv2,rf,nfunswv2,in_domain,0.9543,0.0012,0.9548,0.0011,0.9771,0.0006,0.9921,0.0003,0.0023,0.0001,0.0007,0.0
