seed,target,source,model,budget,rule,strategy,n_labels,n_fit,n_threshold,n_benign_fit,n_benign_threshold,mcc_at_threshold,mcc_at_half,mcc_at_mcc_opt,tpr_dep,fpr_dep,tpr_oracle,thr,fit_s
42,nf2018v2,any,rf,0.0001,diversity,retrain_diversity,210,146,64,129,56,0.94115,0.94281,,0.91799,0.00269,0.93965,0.55333,0.6
42,nf2018v2,any,rf,0.0001,uniform,retrain_uniform,210,147,63,128,55,0.8874,0.93201,,0.80856,0.0001,0.9285,0.76333,0.7
42,nf2018v2,any,rf,0.0001,stratified,retrain_stratified,217,151,66,129,56,0.91925,0.94772,,0.86182,0.00013,0.94003,0.67667,0.7
42,nf2018v2,any,rf,0.001,diversity,retrain_diversity,2100,1470,630,1319,565,0.96796,0.96476,,0.95211,0.00108,0.95705,0.46333,0.8
42,nf2018v2,any,rf,0.001,uniform,retrain_uniform,2100,1470,630,1283,550,0.9582,0.95968,,0.94506,0.00241,0.95232,0.44333,0.9
42,nf2018v2,any,rf,0.001,stratified,retrain_stratified,2102,1472,630,1296,555,0.94706,0.95792,,0.95118,0.00596,0.95355,0.26,0.9
42,nf2018v2,any,rf,0.01,uniform,retrain_uniform,21000,14700,6300,12947,5548,0.95728,0.97158,,0.95798,0.00444,0.95929,0.23,2.0
42,nf2018v2,any,rf,0.01,stratified,retrain_stratified,21001,14701,6300,12960,5554,0.96527,0.97209,,0.95654,0.00232,0.95942,0.29,1.5
42,nf2018v2,any,lgbm,0.0001,diversity,retrain_diversity,210,146,64,129,56,0.92512,0.94944,,0.87305,0.00031,0.93919,0.99724,0.7
42,nf2018v2,any,lgbm,0.0001,uniform,retrain_uniform,210,147,63,128,55,0.80931,0.88226,,0.68462,0.00022,0.90177,0.99985,0.6
42,nf2018v2,any,lgbm,0.0001,stratified,retrain_stratified,217,151,66,129,56,0.93651,0.95888,,0.89075,0.0001,0.94134,0.99961,0.0
42,nf2018v2,any,lgbm,0.001,diversity,retrain_diversity,2100,1470,630,1319,565,0.96793,0.96977,,0.94472,0.0001,0.95625,0.99952,0.2
42,nf2018v2,any,lgbm,0.001,uniform,retrain_uniform,2100,1470,630,1283,550,0.9499,0.95792,,0.95025,0.00513,0.95135,0.02584,0.2
42,nf2018v2,any,lgbm,0.001,stratified,retrain_stratified,2102,1472,630,1296,555,0.94632,0.95152,,0.93995,0.00453,0.95042,0.03039,0.2
42,nf2018v2,any,lgbm,0.01,uniform,retrain_uniform,21000,14700,6300,12947,5548,0.96383,0.97296,,0.95768,0.00282,0.96043,0.02549,0.6
42,nf2018v2,any,lgbm,0.01,stratified,retrain_stratified,21001,14701,6300,12960,5554,0.96925,0.97316,,0.95722,0.00147,0.95899,0.06973,0.6
42,nf2018v2,any,mlp,0.0001,diversity,retrain_diversity,210,146,64,129,56,0.91907,0.93337,,0.87107,0.00138,0.91647,0.94641,0.4
42,nf2018v2,any,mlp,0.0001,uniform,retrain_uniform,210,147,63,128,55,0.91339,0.91208,,0.86254,0.00151,0.88978,0.93446,0.2
42,nf2018v2,any,mlp,0.0001,stratified,retrain_stratified,217,151,66,129,56,0.18165,0.9202,,0.03944,0.00024,0.90325,0.99993,0.2
42,nf2018v2,any,mlp,0.001,diversity,retrain_diversity,2100,1470,630,1319,565,0.92972,0.94619,,0.88707,0.00113,0.93543,0.59911,0.8
42,nf2018v2,any,mlp,0.001,uniform,retrain_uniform,2100,1470,630,1283,550,0.94195,0.94163,,0.91355,0.0019,0.94142,0.84954,2.0
42,nf2018v2,any,mlp,0.001,stratified,retrain_stratified,2102,1472,630,1296,555,0.94701,0.95325,,0.90903,0.00015,0.93374,0.94421,1.8
42,nf2018v2,any,mlp,0.01,uniform,retrain_uniform,21000,14700,6300,12947,5548,0.94753,0.94282,,0.94662,0.00518,0.94911,0.18347,6.2
42,nf2018v2,any,mlp,0.01,stratified,retrain_stratified,21001,14701,6300,12960,5554,0.94688,0.95814,,0.94721,0.00543,0.95055,0.17052,2.5
42,nfunswv2,any,rf,0.0001,diversity,retrain_diversity,139,97,42,90,39,0.39042,0.82614,,0.17438,0.00069,0.93318,0.78,0.6
42,nfunswv2,any,rf,0.0001,uniform,retrain_uniform,139,97,42,95,41,0.15993,0.5398,,0.02765,4e-05,0.93953,0.77333,0.6
42,nfunswv2,any,rf,0.0001,stratified,retrain_stratified,144,101,43,94,40,0.84218,0.86223,,0.91678,0.00984,0.91678,0.53333,0.6
42,nfunswv2,any,rf,0.001,diversity,retrain_diversity,1391,973,418,899,386,0.76749,0.92488,,0.63059,0.00129,1.0,0.83333,0.8
42,nfunswv2,any,rf,0.001,uniform,retrain_uniform,1391,974,417,937,401,0.89559,0.88903,,0.94549,0.00624,0.9955,0.35667,0.8
42,nfunswv2,any,rf,0.001,stratified,retrain_stratified,1392,975,417,937,401,0.89124,0.89192,,0.97473,0.00824,0.99286,0.49333,0.8
42,nfunswv2,any,rf,0.01,uniform,retrain_uniform,13907,9734,4173,9355,4010,0.926,0.93507,,0.99907,0.00619,1.0,0.09,1.0
42,nfunswv2,any,rf,0.01,stratified,retrain_stratified,13907,9734,4173,9367,4015,0.93236,0.93589,,0.99127,0.00521,1.0,0.24,1.0
42,nfunswv2,any,lgbm,0.0001,diversity,retrain_diversity,139,97,42,90,39,0.11509,0.39407,,0.02064,0.00036,0.32522,0.99994,0.0
42,nfunswv2,any,lgbm,0.0001,uniform,retrain_uniform,139,97,42,95,41,0.2206,0.58918,,0.05306,0.0001,0.60294,0.99946,0.0
42,nfunswv2,any,lgbm,0.0001,stratified,retrain_stratified,144,101,43,94,40,0.56033,0.67533,,0.44813,0.00644,0.74266,0.99249,0.0
42,nfunswv2,any,lgbm,0.001,diversity,retrain_diversity,1391,973,418,899,386,0.80553,0.90821,,0.70984,0.00216,0.99974,0.99787,0.2
42,nfunswv2,any,lgbm,0.001,uniform,retrain_uniform,1391,974,417,937,401,0.89322,0.86306,,0.97777,0.00822,0.99841,6e-05,2.3
42,nfunswv2,any,lgbm,0.001,stratified,retrain_stratified,1392,975,417,937,401,0.8624,0.83992,,0.90831,0.00735,0.97195,0.08512,0.1
42,nfunswv2,any,lgbm,0.01,uniform,retrain_uniform,13907,9734,4173,9355,4010,0.92819,0.93104,,0.99616,0.00584,0.9996,5e-05,0.4
42,nfunswv2,any,lgbm,0.01,stratified,retrain_stratified,13907,9734,4173,9367,4015,0.93689,0.93642,,0.99259,0.00487,0.99974,0.00243,0.4
42,nfunswv2,any,mlp,0.0001,diversity,retrain_diversity,139,97,42,90,39,0.62714,0.71516,,0.49947,0.00448,0.80048,0.98655,0.3
42,nfunswv2,any,mlp,0.0001,uniform,retrain_uniform,139,97,42,95,41,0.14043,0.63246,,0.02117,3e-05,0.56682,0.98447,0.1
42,nfunswv2,any,mlp,0.0001,stratified,retrain_stratified,144,101,43,94,40,0.48222,0.67581,,0.29108,0.0023,0.81807,0.99853,0.2
42,nfunswv2,any,mlp,0.001,diversity,retrain_diversity,1391,973,418,899,386,0.62427,0.83517,,0.46295,0.00277,0.99153,0.66509,0.7
42,nfunswv2,any,mlp,0.001,uniform,retrain_uniform,1391,974,417,937,401,0.81477,0.80988,,0.80061,0.00585,0.88859,0.36894,1.4
42,nfunswv2,any,mlp,0.001,stratified,retrain_stratified,1392,975,417,937,401,0.77299,0.78422,,0.72837,0.00556,0.91929,0.56603,0.6
42,nfunswv2,any,mlp,0.01,uniform,retrain_uniform,13907,9734,4173,9355,4010,0.79252,0.72616,,0.81503,0.0087,0.89005,0.08103,0.7
42,nfunswv2,any,mlp,0.01,stratified,retrain_stratified,13907,9734,4173,9367,4015,0.71061,0.68055,,0.69675,0.0093,0.69767,0.12735,0.6
42,nftonv2,any,rf,0.0001,diversity,retrain_diversity,210,147,63,41,18,0.83253,0.855,,0.92861,0.06735,0.84431,0.62667,0.6
42,nftonv2,any,rf,0.0001,uniform,retrain_uniform,210,147,63,37,16,0.83062,0.82459,,0.91681,0.04699,0.7809,0.73667,0.7
42,nftonv2,any,rf,0.0001,stratified,retrain_stratified,213,150,63,41,17,0.80811,0.87197,,0.88116,0.01327,0.82837,0.85667,0.7
42,nftonv2,any,rf,0.001,diversity,retrain_diversity,2100,1470,630,410,176,0.90487,0.93377,,0.95375,0.02286,0.88439,0.78333,0.9
42,nftonv2,any,rf,0.001,uniform,retrain_uniform,2100,1470,630,384,165,0.62249,0.92264,,0.70121,0.00352,0.91445,1.0,0.9
42,nftonv2,any,rf,0.001,stratified,retrain_stratified,2100,1470,630,403,172,0.81233,0.925,,0.88315,0.0112,0.87445,0.93667,0.9
42,nftonv2,any,rf,0.01,uniform,retrain_uniform,21000,14700,6300,3959,1696,0.93105,0.96363,,0.96388,0.00943,0.96601,0.86333,1.5
42,nftonv2,any,rf,0.01,stratified,retrain_stratified,21000,14700,6300,4028,1726,0.89366,0.96377,,0.93928,0.00779,0.9569,0.95,1.4
42,nftonv2,any,lgbm,0.0001,diversity,retrain_diversity,210,147,63,41,18,0.83564,0.83793,,0.93076,0.06755,0.34173,0.96007,1.7
42,nftonv2,any,lgbm,0.0001,uniform,retrain_uniform,210,147,63,37,16,0.54358,0.79074,,0.64089,0.03233,0.31415,0.99999,0.0
42,nftonv2,any,lgbm,0.0001,stratified,retrain_stratified,213,150,63,41,17,0.76911,0.86586,,0.85544,0.02148,0.57155,0.99928,0.0
42,nftonv2,any,lgbm,0.001,diversity,retrain_diversity,2100,1470,630,410,176,0.86476,0.93385,,0.92498,0.01792,0.84404,0.99984,0.4
42,nftonv2,any,lgbm,0.001,uniform,retrain_uniform,2100,1470,630,384,165,0.69128,0.91069,,0.77723,0.00921,0.79234,1.0,0.3
42,nftonv2,any,lgbm,0.001,stratified,retrain_stratified,2100,1470,630,403,172,0.74908,0.91713,,0.83376,0.01429,0.76671,0.99999,0.3
42,nftonv2,any,lgbm,0.01,uniform,retrain_uniform,21000,14700,6300,3959,1696,0.90782,0.96474,,0.94912,0.00905,0.9544,0.99144,0.7
42,nftonv2,any,lgbm,0.01,stratified,retrain_stratified,21000,14700,6300,4028,1726,0.85508,0.96574,,0.91266,0.00754,0.94091,0.99844,3.2
42,nftonv2,any,mlp,0.0001,diversity,retrain_diversity,210,147,63,41,18,0.63811,0.63374,,0.8355,0.15235,0.06176,0.99188,0.5
42,nftonv2,any,mlp,0.0001,uniform,retrain_uniform,210,147,63,37,16,0.04173,0.67779,,0.0321,0.0167,0.0,1.0,0.4
42,nftonv2,any,mlp,0.0001,stratified,retrain_stratified,213,150,63,41,17,0.38075,0.69999,,0.5241,0.10438,0.0,0.99719,0.4
42,nftonv2,any,mlp,0.001,diversity,retrain_diversity,2100,1470,630,410,176,0.33504,0.74443,,0.32991,0.00828,0.3449,0.95899,0.9
42,nftonv2,any,mlp,0.001,uniform,retrain_uniform,2100,1470,630,384,165,-0.05497,0.68183,,0.00032,0.00544,0.08121,1.0,0.4
42,nftonv2,any,mlp,0.001,stratified,retrain_stratified,2100,1470,630,403,172,0.42143,0.69653,,0.48292,0.02973,0.1901,0.94231,5.0
42,nftonv2,any,mlp,0.01,uniform,retrain_uniform,21000,14700,6300,3959,1696,0.59253,0.9245,,0.67048,0.0064,0.76702,0.98494,3.8
42,nftonv2,any,mlp,0.01,stratified,retrain_stratified,21000,14700,6300,4028,1726,0.65964,0.92054,,0.74817,0.01188,0.66305,0.96971,3.1
42,nfbotv2,any,rf,0.0001,diversity,retrain_diversity,210,147,63,6,3,0.4982,0.72339,,0.99368,0.24791,0.0,0.97,0.6
42,nfbotv2,any,rf,0.0001,uniform,retrain_uniform,210,147,63,1,0,,0.09543,,,,0.0,,0.7
42,nfbotv2,any,rf,0.0001,stratified,retrain_stratified,211,148,63,1,0,,0.19301,,,,0.0,,0.6
42,nfbotv2,any,rf,0.001,diversity,retrain_diversity,2100,1470,630,16,7,0.6839,0.85466,,0.99541,0.01192,0.99495,0.92667,0.8
42,nfbotv2,any,rf,0.001,uniform,retrain_uniform,2100,1470,630,4,2,0.56045,0.68687,,0.99272,0.08462,0.98042,0.96667,0.9
42,nfbotv2,any,rf,0.001,stratified,retrain_stratified,2101,1470,631,6,3,0.844,0.81257,,0.99957,0.19666,0.97401,0.62,0.8
42,nfbotv2,any,rf,0.01,uniform,retrain_uniform,21000,14700,6300,50,21,0.81876,0.92004,,0.99795,0.00119,0.99812,0.96,1.0
42,nfbotv2,any,rf,0.01,stratified,retrain_stratified,21000,14700,6300,62,26,0.84925,0.89037,,0.99856,0.02503,0.99379,0.95,1.1
42,nfbotv2,any,lgbm,0.0001,diversity,retrain_diversity,210,147,63,6,3,0.02411,0.4991,,0.14572,0.0143,0.08707,1.0,0.5
42,nfbotv2,any,lgbm,0.0001,uniform,retrain_uniform,210,147,63,1,0,,0.06528,,,,0.43201,,0.1
42,nfbotv2,any,lgbm,0.0001,stratified,retrain_stratified,211,148,63,1,0,,0.40546,,,,0.08764,,0.0
42,nfbotv2,any,lgbm,0.001,diversity,retrain_diversity,2100,1470,630,16,7,0.70955,0.7607,,0.99623,0.02861,0.99511,0.99995,0.1
42,nfbotv2,any,lgbm,0.001,uniform,retrain_uniform,2100,1470,630,4,2,0.22597,0.51261,,0.94671,0.13826,0.02402,1.0,0.1
42,nfbotv2,any,lgbm,0.001,stratified,retrain_stratified,2101,1470,631,6,3,0.62451,0.69516,,0.9962,0.17759,0.47946,0.99997,0.1
42,nfbotv2,any,lgbm,0.01,uniform,retrain_uniform,21000,14700,6300,50,21,0.73093,0.88097,,0.99647,0.00954,0.99648,1.0,0.3
42,nfbotv2,any,lgbm,0.01,stratified,retrain_stratified,21000,14700,6300,62,26,0.0,0.07254,,0.0,0.0,0.0,1.0,0.2
42,nfbotv2,any,mlp,0.0001,diversity,retrain_diversity,210,147,63,6,3,0.0,0.68186,,0.0,0.0,0.0,1.0,0.2
42,nfbotv2,any,mlp,0.0001,uniform,retrain_uniform,210,147,63,1,0,,0.05178,,,,0.0,,0.1
42,nfbotv2,any,mlp,0.0001,stratified,retrain_stratified,211,148,63,1,0,,0.03445,,,,0.0,,0.1
42,nfbotv2,any,mlp,0.001,diversity,retrain_diversity,2100,1470,630,16,7,-0.01204,0.62108,,0.0841,0.13588,0.0,1.0,4.5
42,nfbotv2,any,mlp,0.001,uniform,retrain_uniform,2100,1470,630,4,2,-0.28602,0.48571,,0.00216,0.25268,0.0,1.0,0.6
42,nfbotv2,any,mlp,0.001,stratified,retrain_stratified,2101,1470,631,6,3,-0.00993,0.54215,,0.13259,0.18474,0.0,1.0,1.1
42,nfbotv2,any,mlp,0.01,uniform,retrain_uniform,21000,14700,6300,50,21,0.0,0.62965,,0.0,0.0,0.0,1.0,1.0
42,nfbotv2,any,mlp,0.01,stratified,retrain_stratified,21000,14700,6300,62,26,0.0,0.46445,,0.0,0.0,0.0,1.0,0.9
42,nfunswv2,nf2018v2,rf,0.0001,stratified,calibrate,144,101,43,94,40,-0.01555,0.0,,0.0,0.00636,0.0,0.07549,
42,nfunswv2,nf2018v2,rf,0.0001,stratified,rethreshold,144,101,43,94,40,-0.01555,-0.01923,0.21133,0.0,0.00636,0.0,0.99333,
42,nfunswv2,nf2018v2,rf,0.001,stratified,calibrate,1392,975,417,937,401,-0.01299,0.0,,0.0,0.00444,0.0,0.06231,
42,nfunswv2,nf2018v2,rf,0.001,stratified,rethreshold,1392,975,417,937,401,-0.01299,-0.01923,0.17737,0.0,0.00444,0.0,1.0,
42,nfunswv2,nf2018v2,rf,0.01,stratified,calibrate,13907,9734,4173,9367,4015,-0.01299,0.0,,0.0,0.00444,0.0,0.10858,
42,nfunswv2,nf2018v2,rf,0.01,stratified,rethreshold,13907,9734,4173,9367,4015,-0.01299,-0.01923,0.21133,0.0,0.00444,0.0,1.0,
42,nftonv2,nf2018v2,rf,0.0001,stratified,calibrate,213,150,63,41,17,0.0,0.0,,0.0,0.0,0.0,0.72688,
42,nftonv2,nf2018v2,rf,0.0001,stratified,rethreshold,213,150,63,41,17,0.0,0.10686,0.26623,0.0,0.0,0.0,1.0,
42,nftonv2,nf2018v2,rf,0.001,stratified,calibrate,2100,1470,630,403,172,0.0,0.0,,0.0,0.0,0.0,0.73307,
42,nftonv2,nf2018v2,rf,0.001,stratified,rethreshold,2100,1470,630,403,172,0.0,0.10686,0.32232,0.0,0.0,0.0,1.0,
42,nftonv2,nf2018v2,rf,0.01,stratified,calibrate,21000,14700,6300,4028,1726,0.0,0.0,,0.0,0.0,0.0,0.73471,
42,nftonv2,nf2018v2,rf,0.01,stratified,rethreshold,21000,14700,6300,4028,1726,0.0,0.10686,0.32189,0.0,0.0,0.0,1.0,
42,nfbotv2,nf2018v2,rf,0.0001,stratified,calibrate,211,148,63,1,0,,0.0,,,,0.0472,,
42,nfbotv2,nf2018v2,rf,0.001,stratified,calibrate,2101,1470,631,6,3,-1e-05,0.0,,0.13226,0.1323,0.0,0.99601,
42,nfbotv2,nf2018v2,rf,0.001,stratified,rethreshold,2101,1470,631,6,3,-0.05826,0.01405,-0.00137,0.19353,0.55066,0.0472,0.28,
42,nfbotv2,nf2018v2,rf,0.01,stratified,calibrate,21000,14700,6300,62,26,-0.11227,0.0,,0.00295,0.10369,0.0,0.99664,
42,nfbotv2,nf2018v2,rf,0.01,stratified,rethreshold,21000,14700,6300,62,26,0.01405,0.01405,0.12189,0.04719,0.00119,0.0472,0.49,
42,nfunswv2,nf2018v2,lgbm,0.0001,stratified,calibrate,144,101,43,94,40,0.23553,0.0,,0.1159,0.00404,0.12278,0.06941,
42,nfunswv2,nf2018v2,lgbm,0.0001,stratified,rethreshold,144,101,43,94,40,0.23553,-0.13982,0.12186,0.1159,0.00404,0.12278,0.99995,
42,nfunswv2,nf2018v2,lgbm,0.001,stratified,calibrate,1392,975,417,937,401,0.23809,0.0,,0.10757,0.0031,0.12278,0.03915,
42,nfunswv2,nf2018v2,lgbm,0.001,stratified,rethreshold,1392,975,417,937,401,0.23809,-0.13982,0.23809,0.10757,0.0031,0.12278,0.99995,
42,nfunswv2,nf2018v2,lgbm,0.01,stratified,calibrate,13907,9734,4173,9367,4015,0.07779,0.0,,0.04737,0.00794,0.05081,0.06465,
42,nfunswv2,nf2018v2,lgbm,0.01,stratified,rethreshold,13907,9734,4173,9367,4015,0.18171,-0.13982,0.24003,0.12411,0.0102,0.12278,0.99994,
42,nftonv2,nf2018v2,lgbm,0.0001,stratified,calibrate,213,150,63,41,17,0.06488,0.0,,0.0484,0.01971,0.04337,0.77176,
42,nftonv2,nf2018v2,lgbm,0.0001,stratified,rethreshold,213,150,63,41,17,0.06488,0.0592,0.27727,0.0484,0.01971,0.04337,0.99613,
42,nftonv2,nf2018v2,lgbm,0.001,stratified,calibrate,2100,1470,630,403,172,0.05892,0.0,,0.01802,0.00261,0.04337,0.79229,
42,nftonv2,nf2018v2,lgbm,0.001,stratified,rethreshold,2100,1470,630,403,172,0.05892,0.0592,0.44985,0.01802,0.00261,0.04337,0.99798,
42,nftonv2,nf2018v2,lgbm,0.01,stratified,calibrate,21000,14700,6300,4028,1726,0.08714,0.0,,0.04287,0.00783,0.04337,0.7866,
42,nftonv2,nf2018v2,lgbm,0.01,stratified,rethreshold,21000,14700,6300,4028,1726,0.08714,0.0592,0.47714,0.04287,0.00783,0.04337,0.99642,
42,nfbotv2,nf2018v2,lgbm,0.0001,stratified,calibrate,211,148,63,1,0,,0.0,,,,0.00112,,
42,nfbotv2,nf2018v2,lgbm,0.001,stratified,calibrate,2101,1470,631,6,3,0.24674,0.0,,0.98876,0.55542,0.00112,0.9951,
42,nfbotv2,nf2018v2,lgbm,0.001,stratified,rethreshold,2101,1470,631,6,3,0.24674,-0.00159,0.24674,0.98876,0.55542,0.00112,0.03981,
42,nfbotv2,nf2018v2,lgbm,0.01,stratified,calibrate,21000,14700,6300,62,26,-0.01033,0.0,,0.00096,0.00596,0.00112,0.99826,
42,nfbotv2,nf2018v2,lgbm,0.01,stratified,rethreshold,21000,14700,6300,62,26,-0.01033,-0.00159,0.25162,0.00096,0.00596,0.00112,0.91047,
42,nfunswv2,nf2018v2,mlp,0.0001,stratified,calibrate,144,101,43,94,40,-0.0449,0.0,,0.02514,0.09252,0.01733,0.07017,
42,nfunswv2,nf2018v2,mlp,0.0001,stratified,rethreshold,144,101,43,94,40,0.0,0.02981,0.20367,0.0,0.0,0.0,1.0,
42,nfunswv2,nf2018v2,mlp,0.001,stratified,calibrate,1392,975,417,937,401,0.0,0.0,,0.0,0.0,0.0,0.04203,
42,nfunswv2,nf2018v2,mlp,0.001,stratified,rethreshold,1392,975,417,937,401,0.0,0.02981,0.17214,0.0,0.0,0.0,1.0,
42,nfunswv2,nf2018v2,mlp,0.01,stratified,calibrate,13907,9734,4173,9367,4015,0.0,0.0,,0.0,0.0,0.0,0.04375,
42,nfunswv2,nf2018v2,mlp,0.01,stratified,rethreshold,13907,9734,4173,9367,4015,0.0,0.02981,0.20752,0.0,0.0,0.0,1.0,
42,nftonv2,nf2018v2,mlp,0.0001,stratified,calibrate,213,150,63,41,17,-0.02465,0.0,,0.08227,0.09781,0.01541,0.77513,
42,nftonv2,nf2018v2,mlp,0.0001,stratified,rethreshold,213,150,63,41,17,0.0,-0.01616,0.02528,0.0,0.0,0.0,1.0,
42,nftonv2,nf2018v2,mlp,0.001,stratified,calibrate,2100,1470,630,403,172,-0.00778,0.0,,0.00054,0.00099,0.01541,0.7326,
42,nftonv2,nf2018v2,mlp,0.001,stratified,rethreshold,2100,1470,630,403,172,-0.00778,0.01616,0.19871,0.00054,0.00099,0.01541,1.0,
42,nftonv2,nf2018v2,mlp,0.01,stratified,calibrate,21000,14700,6300,4028,1726,0.01963,0.0,,0.01679,0.01139,0.01541,0.7403,
42,nftonv2,nf2018v2,mlp,0.01,stratified,rethreshold,21000,14700,6300,4028,1726,0.01963,0.01616,0.2139,0.01679,0.01139,0.01541,0.99478,
42,nfbotv2,nf2018v2,mlp,0.0001,stratified,calibrate,211,148,63,1,0,,0.0,,,,0.0,,
42,nfbotv2,nf2018v2,mlp,0.001,stratified,calibrate,2101,1470,631,6,3,0.03932,0.0,,0.53242,0.22884,0.0,0.9971,
42,nfbotv2,nf2018v2,mlp,0.001,stratified,rethreshold,2101,1470,631,6,3,0.03932,0.05299,0.38794,0.53242,0.22884,0.0,0.97264,
42,nfbotv2,nf2018v2,mlp,0.01,stratified,calibrate,21000,14700,6300,62,26,0.0,0.0,,0.0,0.0,0.0,0.99792,
42,nfbotv2,nf2018v2,mlp,0.01,stratified,rethreshold,21000,14700,6300,62,26,0.0,0.05299,0.3576,0.0,0.0,0.0,1.0,
42,nf2018v2,nfunswv2,rf,0.0001,stratified,calibrate,217,151,66,129,56,-0.00795,0.0,,0.0,0.00053,0.0003,0.15358,
42,nf2018v2,nfunswv2,rf,0.0001,stratified,rethreshold,217,151,66,129,56,-0.02917,-0.25154,0.2057,0.00046,0.00809,0.00055,0.85667,
42,nf2018v2,nfunswv2,rf,0.001,stratified,calibrate,2102,1472,630,1296,555,-0.01495,0.0,,4e-05,0.00197,0.00055,0.12178,
42,nf2018v2,nfunswv2,rf,0.001,stratified,rethreshold,2102,1472,630,1296,555,-0.0084,0.2371,0.27608,0.0,0.0006,0.0003,0.97667,
42,nf2018v2,nfunswv2,rf,0.01,stratified,calibrate,21001,14701,6300,12960,5554,-0.00585,0.0,,0.0,0.00029,0.0003,0.11873,
42,nf2018v2,nfunswv2,rf,0.01,stratified,rethreshold,21001,14701,6300,12960,5554,-0.00585,0.2371,0.2797,0.0,0.00029,0.0003,0.99,
42,nftonv2,nfunswv2,rf,0.0001,stratified,calibrate,213,150,63,41,17,-0.08461,0.0,,0.0,0.00984,0.0,0.83829,
42,nftonv2,nfunswv2,rf,0.0001,stratified,rethreshold,213,150,63,41,17,-0.08461,-0.10484,0.55243,0.0,0.00984,0.0,0.86333,
42,nftonv2,nfunswv2,rf,0.001,stratified,calibrate,2100,1470,630,403,172,-0.04926,0.0,,0.0,0.00334,0.0,0.94545,
42,nftonv2,nfunswv2,rf,0.001,stratified,rethreshold,2100,1470,630,403,172,-0.04926,-0.10484,0.56482,0.0,0.00334,0.0,0.87,
42,nftonv2,nfunswv2,rf,0.01,stratified,calibrate,21000,14700,6300,4028,1726,-0.00892,0.0,,0.0,0.00011,0.0,0.96861,
42,nftonv2,nfunswv2,rf,0.01,stratified,rethreshold,21000,14700,6300,4028,1726,-0.00892,-0.10484,0.56482,0.0,0.00011,0.0,0.89667,
42,nfbotv2,nfunswv2,rf,0.0001,stratified,calibrate,211,148,63,1,0,,0.0,,,,0.08366,,
42,nfbotv2,nfunswv2,rf,0.001,stratified,calibrate,2101,1470,631,6,3,0.05521,0.0,,0.46911,0.04291,0.08366,0.99627,
42,nfbotv2,nfunswv2,rf,0.001,stratified,rethreshold,2101,1470,631,6,3,0.05521,0.05201,0.17975,0.46911,0.04291,0.08366,0.56333,
42,nfbotv2,nfunswv2,rf,0.01,stratified,calibrate,21000,14700,6300,62,26,0.05069,0.0,,0.47128,0.07986,0.08366,0.99684,
42,nfbotv2,nfunswv2,rf,0.01,stratified,rethreshold,21000,14700,6300,62,26,0.05069,0.05201,0.19787,0.47128,0.07986,0.08366,0.47333,
42,nf2018v2,nfunswv2,lgbm,0.0001,stratified,calibrate,217,151,66,129,56,-0.02931,0.0,,0.00038,0.00799,0.00059,0.16791,
42,nf2018v2,nfunswv2,lgbm,0.0001,stratified,rethreshold,217,151,66,129,56,-0.02931,0.10394,0.55107,0.00038,0.00799,0.00059,1.0,
42,nf2018v2,nfunswv2,lgbm,0.001,stratified,calibrate,2102,1472,630,1296,555,-0.00957,0.0,,0.00017,0.0011,0.00059,0.13971,
42,nf2018v2,nfunswv2,lgbm,0.001,stratified,rethreshold,2102,1472,630,1296,555,-0.00957,0.10394,0.56111,0.00017,0.0011,0.00059,1.0,
42,nf2018v2,nfunswv2,lgbm,0.01,stratified,calibrate,21001,14701,6300,12960,5554,-0.00307,0.0,,0.0,8e-05,0.00059,0.14593,
42,nf2018v2,nfunswv2,lgbm,0.01,stratified,rethreshold,21001,14701,6300,12960,5554,-0.00307,0.10394,0.5637,0.0,8e-05,0.00059,1.0,
42,nftonv2,nfunswv2,lgbm,0.0001,stratified,calibrate,213,150,63,41,17,-0.05097,0.0,,0.00019,0.00434,0.00045,0.7315,
42,nftonv2,nfunswv2,lgbm,0.0001,stratified,rethreshold,213,150,63,41,17,-0.05097,0.10337,0.24625,0.00019,0.00434,0.00045,1.0,
42,nftonv2,nfunswv2,lgbm,0.001,stratified,calibrate,2100,1470,630,403,172,-0.09718,0.10331,,0.00093,0.01666,0.00045,0.73697,
42,nftonv2,nfunswv2,lgbm,0.001,stratified,rethreshold,2100,1470,630,403,172,-0.09718,0.10337,0.2496,0.00093,0.01666,0.00045,1.0,
42,nftonv2,nfunswv2,lgbm,0.01,stratified,calibrate,21000,14700,6300,4028,1726,-0.06353,0.10594,,0.00025,0.00659,0.00045,0.73808,
42,nftonv2,nfunswv2,lgbm,0.01,stratified,rethreshold,21000,14700,6300,4028,1726,-0.06353,0.10337,0.24919,0.00025,0.00659,0.00045,1.0,
42,nfbotv2,nfunswv2,lgbm,0.0001,stratified,calibrate,211,148,63,1,0,,0.0,,,,0.0,,
42,nfbotv2,nfunswv2,lgbm,0.001,stratified,calibrate,2101,1470,631,6,3,0.03499,0.0,,0.6962,0.44696,0.0,0.99562,
42,nfbotv2,nfunswv2,lgbm,0.001,stratified,rethreshold,2101,1470,631,6,3,0.03499,0.00183,0.13753,0.6962,0.44696,0.0,0.22359,
42,nfbotv2,nfunswv2,lgbm,0.01,stratified,calibrate,21000,14700,6300,62,26,-0.02085,0.0,,0.00932,0.04052,0.0,0.9983,
42,nfbotv2,nfunswv2,lgbm,0.01,stratified,rethreshold,21000,14700,6300,62,26,-0.02085,0.00183,0.13754,0.00932,0.04052,0.0,0.90015,
42,nf2018v2,nfunswv2,mlp,0.0001,stratified,calibrate,217,151,66,129,56,0.0,0.0,,0.0,0.0,0.0,0.15936,
42,nf2018v2,nfunswv2,mlp,0.0001,stratified,rethreshold,217,151,66,129,56,0.0,0.09189,0.27519,0.0,0.0,0.0,1.0,
42,nf2018v2,nfunswv2,mlp,0.001,stratified,calibrate,2102,1472,630,1296,555,0.0,0.0,,0.0,0.0,0.0,0.13329,
42,nf2018v2,nfunswv2,mlp,0.001,stratified,rethreshold,2102,1472,630,1296,555,0.0,0.09189,0.27519,0.0,0.0,0.0,1.0,
42,nf2018v2,nfunswv2,mlp,0.01,stratified,calibrate,21001,14701,6300,12960,5554,0.0,0.0,,0.0,0.0,0.0,0.1329,
42,nf2018v2,nfunswv2,mlp,0.01,stratified,rethreshold,21001,14701,6300,12960,5554,0.0,0.09189,0.28053,0.0,0.0,0.0,1.0,
42,nftonv2,nfunswv2,mlp,0.0001,stratified,calibrate,213,150,63,41,17,-0.00785,0.0,,0.0226,0.02525,0.00054,0.72906,
42,nftonv2,nfunswv2,mlp,0.0001,stratified,rethreshold,213,150,63,41,17,-0.03242,0.02353,0.11225,0.06175,0.07989,0.00087,0.37864,
42,nftonv2,nfunswv2,mlp,0.001,stratified,calibrate,2100,1470,630,403,172,-0.02612,0.0,,4e-05,0.00111,0.00087,0.75636,
42,nftonv2,nfunswv2,mlp,0.001,stratified,rethreshold,2100,1470,630,403,172,-0.02612,0.02353,0.1944,4e-05,0.00111,0.00087,0.99264,
42,nftonv2,nfunswv2,mlp,0.01,stratified,calibrate,21000,14700,6300,4028,1726,-0.074,0.0,,0.0003,0.00878,0.00054,0.72855,
42,nftonv2,nfunswv2,mlp,0.01,stratified,rethreshold,21000,14700,6300,4028,1726,-0.06299,0.02353,0.19421,0.00086,0.00854,0.00087,0.91476,
42,nfbotv2,nfunswv2,mlp,0.0001,stratified,calibrate,211,148,63,1,0,,0.0,,,,0.0,,
42,nfbotv2,nfunswv2,mlp,0.001,stratified,calibrate,2101,1470,631,6,3,-0.14364,0.0,,0.00053,0.06317,0.0,0.99592,
42,nfbotv2,nfunswv2,mlp,0.001,stratified,rethreshold,2101,1470,631,6,3,0.02579,0.05589,0.08628,0.65254,0.46246,0.0,1.0,
42,nfbotv2,nfunswv2,mlp,0.01,stratified,calibrate,21000,14700,6300,62,26,0.0,0.0,,0.0,0.0,0.0,0.99605,
42,nfbotv2,nfunswv2,mlp,0.01,stratified,rethreshold,21000,14700,6300,62,26,-0.21795,-0.05589,0.46741,1e-05,0.04887,0.0,1.0,
42,nf2018v2,nftonv2,rf,0.0001,stratified,calibrate,217,151,66,129,56,0.0,0.0,,0.0,0.0,0.00084,0.27905,
42,nf2018v2,nftonv2,rf,0.0001,stratified,rethreshold,217,151,66,129,56,0.0,0.10718,0.19306,0.0,0.0,0.00084,1.0,
42,nf2018v2,nftonv2,rf,0.001,stratified,calibrate,2102,1472,630,1296,555,-0.02432,0.0,,0.00042,0.00583,0.00084,0.27568,
42,nf2018v2,nftonv2,rf,0.001,stratified,rethreshold,2102,1472,630,1296,555,-0.02432,0.10718,0.19627,0.00042,0.00583,0.00084,1.0,
42,nf2018v2,nftonv2,rf,0.01,stratified,calibrate,21001,14701,6300,12960,5554,-0.02432,0.0,,0.00042,0.00583,0.00084,0.30005,
42,nf2018v2,nftonv2,rf,0.01,stratified,rethreshold,21001,14701,6300,12960,5554,-0.02432,0.10718,0.18719,0.00042,0.00583,0.00084,1.0,
42,nfunswv2,nftonv2,rf,0.0001,stratified,calibrate,144,101,43,94,40,0.03208,0.0,,0.1159,0.07197,0.02911,0.0736,
42,nfunswv2,nftonv2,rf,0.0001,stratified,rethreshold,144,101,43,94,40,0.24173,-0.05008,0.24173,0.09156,0.00166,0.10717,0.96,
42,nfunswv2,nftonv2,rf,0.001,stratified,calibrate,1392,975,417,937,401,0.16998,0.0,,0.10717,0.00865,0.10717,0.04571,
42,nfunswv2,nftonv2,rf,0.001,stratified,rethreshold,1392,975,417,937,401,0.06394,0.05143,-0.05259,0.01006,0.00046,0.02911,0.72,
42,nfunswv2,nftonv2,rf,0.01,stratified,calibrate,13907,9734,4173,9367,4015,0.25418,0.0,,0.10333,0.00199,0.10717,0.04156,
42,nfunswv2,nftonv2,rf,0.01,stratified,rethreshold,13907,9734,4173,9367,4015,0.25418,-0.05008,0.24334,0.10333,0.00199,0.10717,0.93,
42,nfbotv2,nftonv2,rf,0.0001,stratified,calibrate,211,148,63,1,0,,0.0,,,,0.00208,,
42,nfbotv2,nftonv2,rf,0.001,stratified,calibrate,2101,1470,631,6,3,0.00627,0.0,,0.08274,0.05602,0.00208,0.99602,
42,nfbotv2,nftonv2,rf,0.001,stratified,rethreshold,2101,1470,631,6,3,0.00627,-0.00224,0.03447,0.08274,0.05602,0.00208,0.43,
42,nfbotv2,nftonv2,rf,0.01,stratified,calibrate,21000,14700,6300,62,26,0.00292,0.0,,0.00203,0.0,0.00208,0.99788,
42,nfbotv2,nftonv2,rf,0.01,stratified,rethreshold,21000,14700,6300,62,26,-0.00367,0.00207,0.02071,0.04328,0.05483,0.0,0.89333,
42,nf2018v2,nftonv2,lgbm,0.0001,stratified,calibrate,217,151,66,129,56,0.17597,0.0,,0.03999,0.0006,0.09304,0.18959,
42,nf2018v2,nftonv2,lgbm,0.0001,stratified,rethreshold,217,151,66,129,56,0.35126,-0.04538,0.35126,0.36222,0.05244,0.00291,0.99962,
42,nf2018v2,nftonv2,lgbm,0.001,stratified,calibrate,2102,1472,630,1296,555,0.17836,0.0,,0.08087,0.00881,0.09304,0.14223,
42,nf2018v2,nftonv2,lgbm,0.001,stratified,rethreshold,2102,1472,630,1296,555,-0.00885,-0.04538,0.41078,4e-05,0.00075,0.00291,0.99999,
42,nf2018v2,nftonv2,lgbm,0.01,stratified,calibrate,21001,14701,6300,12960,5554,0.1823,0.0,,0.08404,0.00909,0.09304,0.1443,
42,nf2018v2,nftonv2,lgbm,0.01,stratified,rethreshold,21001,14701,6300,12960,5554,-0.01963,-0.04538,0.41067,0.0022,0.00708,0.00291,0.99995,
42,nfunswv2,nftonv2,lgbm,0.0001,stratified,calibrate,144,101,43,94,40,0.0001,0.0,,0.0606,0.06047,0.00688,0.07016,
42,nfunswv2,nftonv2,lgbm,0.0001,stratified,rethreshold,144,101,43,94,40,0.11992,0.06339,0.11992,0.02501,0.00059,0.13945,0.99997,
42,nfunswv2,nftonv2,lgbm,0.001,stratified,calibrate,1392,975,417,937,401,0.18914,0.0,,0.09645,0.0051,0.13945,0.05739,
42,nfunswv2,nftonv2,lgbm,0.001,stratified,rethreshold,1392,975,417,937,401,0.18914,0.06339,0.14225,0.09645,0.0051,0.13945,0.9997,
42,nfunswv2,nftonv2,lgbm,0.01,stratified,calibrate,13907,9734,4173,9367,4015,0.2119,0.0,,0.13906,0.00898,0.13945,0.06023,
42,nfunswv2,nftonv2,lgbm,0.01,stratified,rethreshold,13907,9734,4173,9367,4015,0.2119,0.06339,0.21581,0.13906,0.00898,0.13945,0.9995,
42,nfbotv2,nftonv2,lgbm,0.0001,stratified,calibrate,211,148,63,1,0,,0.0,,,,0.00222,,
42,nfbotv2,nftonv2,lgbm,0.001,stratified,calibrate,2101,1470,631,6,3,0.02116,0.0,,0.41514,0.25387,0.00222,0.9958,
42,nfbotv2,nftonv2,lgbm,0.001,stratified,rethreshold,2101,1470,631,6,3,0.02116,-0.00206,0.21444,0.41514,0.25387,0.00222,0.03158,
42,nfbotv2,nftonv2,lgbm,0.01,stratified,calibrate,21000,14700,6300,62,26,-0.00923,0.0,,0.00197,0.00834,0.00222,0.99702,
42,nfbotv2,nftonv2,lgbm,0.01,stratified,rethreshold,21000,14700,6300,62,26,-0.00923,-0.00206,0.27636,0.00197,0.00834,0.00222,0.98692,
42,nf2018v2,nftonv2,mlp,0.0001,stratified,calibrate,217,151,66,129,56,0.33151,0.0,,0.14169,0.0023,0.22108,0.14968,
42,nf2018v2,nftonv2,mlp,0.0001,stratified,rethreshold,217,151,66,129,56,0.33151,-0.00736,0.33151,0.14169,0.0023,0.22108,0.99903,
42,nf2018v2,nftonv2,mlp,0.001,stratified,calibrate,2102,1472,630,1296,555,0.0,0.0,,0.0,0.0,0.0,0.12679,
42,nf2018v2,nftonv2,mlp,0.001,stratified,rethreshold,2102,1472,630,1296,555,0.38895,-0.00736,0.3833,0.19312,0.00307,0.22108,0.998,
42,nf2018v2,nftonv2,mlp,0.01,stratified,calibrate,21001,14701,6300,12960,5554,0.0,0.0,,0.0,0.0,0.0,0.12472,
42,nf2018v2,nftonv2,mlp,0.01,stratified,rethreshold,21001,14701,6300,12960,5554,0.37479,-0.00736,0.39622,0.22036,0.00929,0.22108,0.99628,
42,nfunswv2,nftonv2,mlp,0.0001,stratified,calibrate,144,101,43,94,40,0.0,0.0,,0.0,0.0,0.0,0.07388,
42,nfunswv2,nftonv2,mlp,0.0001,stratified,rethreshold,144,101,43,94,40,0.0,0.04449,0.0172,0.0,0.0,0.0,1.0,
42,nfunswv2,nftonv2,mlp,0.001,stratified,calibrate,1392,975,417,937,401,0.0,0.0,,0.0,0.0,0.0,0.04571,
42,nfunswv2,nftonv2,mlp,0.001,stratified,rethreshold,1392,975,417,937,401,0.0,-0.04449,0.06308,0.0,0.0,0.0,1.0,
42,nfunswv2,nftonv2,mlp,0.01,stratified,calibrate,13907,9734,4173,9367,4015,0.0,0.0,,0.0,0.0,0.0,0.04791,
42,nfunswv2,nftonv2,mlp,0.01,stratified,rethreshold,13907,9734,4173,9367,4015,0.0,-0.04449,0.08772,0.0,0.0,0.0,1.0,
42,nfbotv2,nftonv2,mlp,0.0001,stratified,calibrate,211,148,63,1,0,,0.0,,,,0.0,,
42,nfbotv2,nftonv2,mlp,0.001,stratified,calibrate,2101,1470,631,6,3,0.05687,0.0,,0.61355,0.18474,0.0,0.99721,
42,nfbotv2,nftonv2,mlp,0.001,stratified,rethreshold,2101,1470,631,6,3,0.05687,0.12847,0.05687,0.61355,0.18474,1e-05,0.99758,
42,nfbotv2,nftonv2,mlp,0.01,stratified,calibrate,21000,14700,6300,62,26,0.0,0.0,,0.0,0.0,0.0,0.99817,
42,nfbotv2,nftonv2,mlp,0.01,stratified,rethreshold,21000,14700,6300,62,26,0.0,0.12847,0.46647,0.0,0.0,1e-05,1.0,
42,nf2018v2,nfbotv2,rf,0.0001,stratified,calibrate,217,151,66,129,56,0.0471,-0.02426,,0.03531,0.01585,0.01837,0.37549,
42,nf2018v2,nfbotv2,rf,0.0001,stratified,rethreshold,217,151,66,129,56,0.0471,0.63831,0.73615,0.03531,0.01585,0.01837,0.77,
42,nf2018v2,nfbotv2,rf,0.001,stratified,calibrate,2102,1472,630,1296,555,-0.02584,0.27269,,4e-05,0.0057,0.01837,0.88032,
42,nf2018v2,nfbotv2,rf,0.001,stratified,rethreshold,2102,1472,630,1296,555,-0.02584,0.63831,0.73535,4e-05,0.0057,0.01837,0.94,
42,nf2018v2,nfbotv2,rf,0.01,stratified,calibrate,21001,14701,6300,12960,5554,0.03784,0.27086,,0.01824,0.00738,0.01837,0.9018,
42,nf2018v2,nfbotv2,rf,0.01,stratified,rethreshold,21001,14701,6300,12960,5554,0.03784,0.63831,0.75938,0.01824,0.00738,0.01837,0.84,
42,nfunswv2,nfbotv2,rf,0.0001,stratified,calibrate,144,101,43,94,40,-0.04816,0.0,,0.02435,0.09871,0.01389,0.06963,
42,nfunswv2,nfbotv2,rf,0.0001,stratified,rethreshold,144,101,43,94,40,0.05414,0.10704,0.08931,0.02646,0.00496,0.02646,0.83,
42,nfunswv2,nfbotv2,rf,0.001,stratified,calibrate,1392,975,417,937,401,0.05414,0.0,,0.02646,0.00496,0.02646,0.06685,
42,nfunswv2,nfbotv2,rf,0.001,stratified,rethreshold,1392,975,417,937,401,0.04662,-0.10443,0.04662,0.01389,0.00194,0.01389,0.75667,
42,nfunswv2,nfbotv2,rf,0.01,stratified,calibrate,13907,9734,4173,9367,4015,0.14328,0.0,,0.02329,8e-05,0.02646,0.09751,
42,nfunswv2,nfbotv2,rf,0.01,stratified,rethreshold,13907,9734,4173,9367,4015,0.14328,0.10704,0.14328,0.02329,8e-05,0.02646,0.84667,
42,nftonv2,nfbotv2,rf,0.0001,stratified,calibrate,213,150,63,41,17,0.07869,0.0,,0.11928,0.06531,0.01365,0.8598,
42,nftonv2,nfbotv2,rf,0.0001,stratified,rethreshold,213,150,63,41,17,0.07869,0.08053,0.6019,0.11928,0.06531,0.01365,0.83667,
42,nftonv2,nfbotv2,rf,0.001,stratified,calibrate,2100,1470,630,403,172,0.04959,0.0,,0.01335,0.00213,0.01365,0.91672,
42,nftonv2,nfbotv2,rf,0.001,stratified,rethreshold,2100,1470,630,403,172,0.04959,0.08053,0.62755,0.01335,0.00213,0.01365,0.99667,
42,nftonv2,nfbotv2,rf,0.01,stratified,calibrate,21000,14700,6300,4028,1726,0.00694,0.0,,0.01379,0.01201,0.01365,0.92707,
42,nftonv2,nfbotv2,rf,0.01,stratified,rethreshold,21000,14700,6300,4028,1726,0.00694,0.08053,0.62755,0.01379,0.01201,0.01365,0.98667,
42,nf2018v2,nfbotv2,lgbm,0.0001,stratified,calibrate,217,151,66,129,56,0.33686,0.0,,0.14819,0.00265,0.14819,0.37053,
42,nf2018v2,nfbotv2,lgbm,0.0001,stratified,rethreshold,217,151,66,129,56,0.33686,0.33686,0.33686,0.14819,0.00265,0.14819,1.0,
42,nf2018v2,nfbotv2,lgbm,0.001,stratified,calibrate,2102,1472,630,1296,555,0.33686,0.33686,,0.14819,0.00265,0.14819,0.75047,
42,nf2018v2,nfbotv2,lgbm,0.001,stratified,rethreshold,2102,1472,630,1296,555,0.33686,0.33686,0.33686,0.14819,0.00265,0.14819,1.0,
42,nf2018v2,nfbotv2,lgbm,0.01,stratified,calibrate,21001,14701,6300,12960,5554,0.33686,0.33686,,0.14819,0.00265,0.14819,0.87104,
42,nf2018v2,nfbotv2,lgbm,0.01,stratified,rethreshold,21001,14701,6300,12960,5554,0.33686,0.33686,0.33686,0.14819,0.00265,0.14819,1.0,
42,nfunswv2,nfbotv2,lgbm,0.0001,stratified,calibrate,144,101,43,94,40,0.0,0.0,,0.0,0.0,0.0,0.11167,
42,nfunswv2,nfbotv2,lgbm,0.0001,stratified,rethreshold,144,101,43,94,40,0.0,0.01322,0.01323,0.0,0.0,0.0,1.0,
42,nfunswv2,nfbotv2,lgbm,0.001,stratified,calibrate,1392,975,417,937,401,0.0,0.0,,0.0,0.0,0.0,0.03945,
42,nfunswv2,nfbotv2,lgbm,0.001,stratified,rethreshold,1392,975,417,937,401,0.0,0.01322,0.01323,0.0,0.0,0.0,1.0,
42,nfunswv2,nfbotv2,lgbm,0.01,stratified,calibrate,13907,9734,4173,9367,4015,0.0,0.0,,0.0,0.0,0.0,0.03813,
42,nfunswv2,nfbotv2,lgbm,0.01,stratified,rethreshold,13907,9734,4173,9367,4015,0.0,-0.01322,-0.01322,0.0,0.0,0.0,1.0,
42,nftonv2,nfbotv2,lgbm,0.0001,stratified,calibrate,213,150,63,41,17,0.05249,0.0,,0.01609,0.00301,0.0161,0.76999,
42,nftonv2,nfbotv2,lgbm,0.0001,stratified,rethreshold,213,150,63,41,17,0.05249,0.05249,0.05249,0.01609,0.00301,0.0161,1.0,
42,nftonv2,nfbotv2,lgbm,0.001,stratified,calibrate,2100,1470,630,403,172,0.05249,0.0,,0.01609,0.00301,0.0161,0.87593,
42,nftonv2,nfbotv2,lgbm,0.001,stratified,rethreshold,2100,1470,630,403,172,0.05249,0.05249,0.05249,0.01609,0.00301,0.0161,1.0,
42,nftonv2,nfbotv2,lgbm,0.01,stratified,calibrate,21000,14700,6300,4028,1726,0.05249,0.0,,0.01609,0.00301,0.0161,0.88765,
42,nftonv2,nfbotv2,lgbm,0.01,stratified,rethreshold,21000,14700,6300,4028,1726,0.05249,0.05249,0.05249,0.01609,0.00301,0.0161,1.0,
42,nf2018v2,nfbotv2,mlp,0.0001,stratified,calibrate,217,151,66,129,56,0.54925,0.0,,0.58638,0.04898,0.06727,0.41487,
42,nf2018v2,nfbotv2,mlp,0.0001,stratified,rethreshold,217,151,66,129,56,0.54925,0.3409,0.54925,0.58638,0.04898,0.06727,0.99646,
42,nf2018v2,nfbotv2,mlp,0.001,stratified,calibrate,2102,1472,630,1296,555,0.14645,0.0,,0.06394,0.00859,0.06727,0.37054,
42,nf2018v2,nfbotv2,mlp,0.001,stratified,rethreshold,2102,1472,630,1296,555,0.14645,0.3409,0.56088,0.06394,0.00859,0.06727,1.0,
42,nf2018v2,nfbotv2,mlp,0.01,stratified,calibrate,21001,14701,6300,12960,5554,0.15075,0.0,,0.06647,0.00872,0.06727,0.36112,
42,nf2018v2,nfbotv2,mlp,0.01,stratified,rethreshold,21001,14701,6300,12960,5554,0.15075,0.3409,0.56097,0.06647,0.00872,0.06727,1.0,
42,nfunswv2,nfbotv2,mlp,0.0001,stratified,calibrate,144,101,43,94,40,0.0,0.0,,0.0,0.0,0.0,0.08325,
42,nfunswv2,nfbotv2,mlp,0.0001,stratified,rethreshold,144,101,43,94,40,0.0,0.04618,0.03341,0.0,0.0,0.0,1.0,
42,nfunswv2,nfbotv2,mlp,0.001,stratified,calibrate,1392,975,417,937,401,0.0,0.0,,0.0,0.0,0.0,0.04522,
42,nfunswv2,nfbotv2,mlp,0.001,stratified,rethreshold,1392,975,417,937,401,0.0,0.04618,0.04995,0.0,0.0,0.0,1.0,
42,nfunswv2,nfbotv2,mlp,0.01,stratified,calibrate,13907,9734,4173,9367,4015,0.0,0.0,,0.0,0.0,0.0,0.04474,
42,nfunswv2,nfbotv2,mlp,0.01,stratified,rethreshold,13907,9734,4173,9367,4015,0.0,-0.04618,0.09661,0.0,0.0,0.0,1.0,
42,nftonv2,nfbotv2,mlp,0.0001,stratified,calibrate,213,150,63,41,17,0.0,0.0,,0.0,0.0,0.0,0.81514,
42,nftonv2,nfbotv2,mlp,0.0001,stratified,rethreshold,213,150,63,41,17,0.0,0.3481,0.24044,0.0,0.0,0.0,1.0,
42,nftonv2,nfbotv2,mlp,0.001,stratified,calibrate,2100,1470,630,403,172,0.0,0.20905,,0.0,0.0,0.0,0.84145,
42,nftonv2,nfbotv2,mlp,0.001,stratified,rethreshold,2100,1470,630,403,172,0.0,0.3481,0.36152,0.0,0.0,0.0,1.0,
42,nftonv2,nfbotv2,mlp,0.01,stratified,calibrate,21000,14700,6300,4028,1726,0.0,0.16693,,0.0,0.0,0.0,0.83943,
42,nftonv2,nfbotv2,mlp,0.01,stratified,rethreshold,21000,14700,6300,4028,1726,0.0,0.3481,0.36177,0.0,0.0,0.0,1.0,
