seed,source,target,model,budget,strategy,n_train,held_family,keep_share,n_features,n_dropped,mcc,macro_f1,fp_rate,auprc_macro,mcc_best_thr,orient,tpr_at_fpr01_buffer,tpr_heldout_family,fit_s
42,nf2018v2,nfunswv2,rf,0,drop_flipped,249999,,,33,8,0.08144461750897966,0.5035574174547971,0.0004416915226405878,0.4996139178550752,0.1081302091042514,-1,,,38.6
42,nf2018v2,nfunswv2,lgbm,0,drop_flipped,249999,,,33,8,0.14286506924431625,0.5507379609830416,0.005960237370220638,0.5249226413128836,0.18427564636090082,1,,,4.7
42,nf2018v2,nfunswv2,mlp,0,drop_flipped,249999,,,33,8,-0.0270329586850847,0.484813401463261,0.06892985938620468,0.4771424760842244,0.3098026389149996,-1,,,16.9
42,nf2018v2,nfunswv2,rf,0,drop_random,249999,,,33,8,0.04513452258872079,0.4925030350666904,0.0,0.4871811223375893,0.2542450820227385,-1,,,30.3
42,nf2018v2,nfunswv2,lgbm,0,drop_random,249999,,,33,8,0.08533759401855948,0.5152400169923369,0.0021980648714937487,0.5427858422276451,0.1859505541602397,1,,,2.8
42,nf2018v2,nfunswv2,mlp,0,drop_random,249999,,,33,8,-0.05420270993011184,0.4659069006621626,0.1194853514305609,0.4693567822531414,0.35978609521155364,-1,,,29.9
42,nf2018v2,nftonv2,rf,0,drop_flipped,249999,,,37,4,-0.08541797598200862,0.28775123011834114,0.16749388708441298,0.5783309100549106,0.3238232590364668,-1,,,36.2
42,nf2018v2,nftonv2,lgbm,0,drop_flipped,249999,,,37,4,-0.01162944271681431,0.33764017272925495,0.17336958505164046,0.6249806834578315,0.3135876324747709,1,,,4.7
42,nf2018v2,nftonv2,mlp,0,drop_flipped,249999,,,37,4,-0.004465850093715152,0.3762588186149498,0.23541111638261378,0.5635210178444889,0.24590140347130518,1,,,18.6
42,nf2018v2,nftonv2,rf,0,drop_random,249999,,,37,4,-0.04599866313873144,0.31178504404495144,0.16796832232400277,0.5501929503228024,0.32408237486126945,-1,,,36.7
42,nf2018v2,nftonv2,lgbm,0,drop_random,249999,,,37,4,0.04223238468286776,0.37698069984424065,0.17402649538338016,0.6769382179291752,0.4766047038493939,1,,,2.7
42,nf2018v2,nftonv2,mlp,0,drop_random,249999,,,37,4,0.021792469911346108,0.4093250314535618,0.2641874384146564,0.5790088799445695,0.2878295717309199,1,,,22.3
42,nf2018v2,nfbotv2,rf,0,drop_flipped,249999,,,32,9,-0.05702491590031069,0.022479695980075775,0.14183551847437426,0.5182994834481904,0.19285823761746118,-1,,,33.9
42,nf2018v2,nfbotv2,lgbm,0,drop_flipped,249999,,,32,9,0.01068681762517393,0.1621378528049274,0.12276519666269368,0.5828524519956619,0.394109907108822,1,,,2.6
42,nf2018v2,nfbotv2,mlp,0,drop_flipped,249999,,,32,9,0.00920585423096455,0.2732897274778265,0.29916567342073896,0.5156978737953793,0.17123245205110135,1,,,27.1
42,nf2018v2,nfbotv2,rf,0,drop_random,249999,,,32,9,-0.001956553370798832,0.049223332510786505,0.05363528009535161,0.5228762225910825,0.20800839583954323,1,,,30.7
42,nf2018v2,nfbotv2,lgbm,0,drop_random,249999,,,32,9,0.01487196940332625,0.3233489890375372,0.3528009535160906,0.4994498633510534,0.07138185273590901,-1,,,2.7
42,nf2018v2,nfbotv2,mlp,0,drop_random,249999,,,32,9,-0.017883425312905956,0.2761372676371414,0.5101311084624554,0.5468147625802692,0.2759405916772963,1,,,14.4
42,nfunswv2,nf2018v2,rf,0,drop_flipped,250002,,,33,8,0.13529264449293726,0.43398681896336744,0.5476117557650209,0.5112616574367542,0.2627251406430178,1,,,10.4
42,nfunswv2,nf2018v2,lgbm,0,drop_flipped,250002,,,33,8,-0.12481908905077005,0.4362735850452853,0.18119122968205897,0.4771709959393299,0.14758536318585413,-1,,,3.9
42,nfunswv2,nf2018v2,mlp,0,drop_flipped,250002,,,33,8,0.20474669265390438,0.5747249769093012,0.23924978164948218,0.5803522823619884,0.4083775818687391,1,,,38.8
42,nfunswv2,nf2018v2,rf,0,drop_random,250002,,,33,8,-0.1803001219014686,0.40573913290021907,0.23898889531652318,0.5041525485228725,0.24846296025261283,-1,,,8.7
42,nfunswv2,nf2018v2,lgbm,0,drop_random,250002,,,33,8,-0.10475158340778204,0.4475306124017082,0.1189074534091038,0.4231979235014592,0.5849624087396657,-1,,,3.2
42,nfunswv2,nf2018v2,mlp,0,drop_random,250002,,,33,8,-0.19192918381313628,0.3977540984835678,0.2667619468926169,0.45660078623385764,0.2813078969551438,-1,,,17.2
42,nfunswv2,nftonv2,rf,0,drop_flipped,250002,,,34,7,0.23245152296783567,0.4822116020102561,0.09381044487427466,0.5280095205113067,0.2505500034803437,1,,,10.9
42,nfunswv2,nftonv2,lgbm,0,drop_flipped,250002,,,34,7,0.013385823097292294,0.2723432819693823,0.056913981241560524,0.5341304560988633,0.15083915222604927,1,,,2.5
42,nfunswv2,nftonv2,mlp,0,drop_flipped,250002,,,34,7,0.04798566795607989,0.3202022550771936,0.08725958906609248,0.5600055511934127,0.26657929916810924,1,,,35.3
42,nfunswv2,nftonv2,rf,0,drop_random,250002,,,34,7,-0.10482015811940965,0.21852189066112537,0.04076493558629247,0.6697487437628987,0.4538380294572846,1,,,9.1
42,nfunswv2,nftonv2,lgbm,0,drop_random,250002,,,34,7,-0.14367384056646132,0.21584974251380534,0.05830079194189993,0.44160299739377307,0.29200970993409675,-1,,,2.6
42,nfunswv2,nftonv2,mlp,0,drop_random,250002,,,34,7,0.044463923231640924,0.3092213272322022,0.07711397394255684,0.5253552853668811,0.19898047232852167,1,,,49.2
42,nftonv2,nf2018v2,rf,0,drop_flipped,250001,,,37,4,0.10912902773830988,0.5537517950815282,0.12758475970100158,0.577820544860425,0.3264564671647052,1,,,33.8
42,nftonv2,nf2018v2,lgbm,0,drop_flipped,250001,,,37,4,0.026614865654970295,0.49998800781408526,0.23545558693753474,0.5032742553698851,0.44809599969652314,-1,,,2.9
42,nftonv2,nf2018v2,mlp,0,drop_flipped,250001,,,37,4,0.031393668258146504,0.49406427133752545,0.273709463368156,0.5031030182097872,0.27038315072986957,-1,,,67.9
42,nftonv2,nf2018v2,rf,0,drop_random,250001,,,37,4,0.1085369091118553,0.552639269436465,0.13762321207790293,0.5457153180212427,0.20494065042035997,1,,,45.1
42,nftonv2,nf2018v2,lgbm,0,drop_random,250001,,,37,4,0.03855541091528747,0.5085991059895292,0.21741472986921656,0.5108296054746122,0.3152992511004416,-1,,,3.3
42,nftonv2,nf2018v2,mlp,0,drop_random,250001,,,37,4,-0.03333051372639561,0.44312769421158643,0.3755742335046109,0.49702869289476637,0.2694409188788526,-1,,,39.3
42,nftonv2,nfunswv2,rf,0,drop_flipped,250001,,,34,7,0.026889271528269088,0.5091466808722366,0.07521746812026481,0.4916464930436313,0.14698888181567873,-1,,,33.5
42,nftonv2,nfunswv2,lgbm,0,drop_flipped,250001,,,34,7,0.032806640193001294,0.4842011924398488,0.18490766048991383,0.5119801010939911,0.09032523758630762,1,,,3.0
42,nftonv2,nfunswv2,mlp,0,drop_flipped,250001,,,34,7,-0.01675725894209562,0.44501681497375223,0.26399122852599743,0.5077093594822777,0.09308873927038211,1,,,33.8
42,nftonv2,nfunswv2,rf,0,drop_random,250001,,,34,7,0.03238763095993009,0.5092961188496509,0.08713274648985149,0.49748735081644746,0.10051636853494046,-1,,,34.1
42,nftonv2,nfunswv2,lgbm,0,drop_random,250001,,,34,7,-0.0047486390791131984,0.40594432455055796,0.3918843079992933,0.4957229806551106,0.1398646603209952,-1,,,3.1
42,nftonv2,nfunswv2,mlp,0,drop_random,250001,,,34,7,-0.12446618577084345,0.25714062219007855,0.6815092339510086,0.4894990306337218,0.1267827241272873,-1,,,47.7
42,nftonv2,nfbotv2,rf,0,drop_flipped,250001,,,33,8,-0.0252419555266418,0.03554893427463661,0.10250297973778308,0.5100103441379723,0.14358950690297892,1,,,30.1
42,nftonv2,nfbotv2,lgbm,0,drop_flipped,250001,,,33,8,-0.07470234338734787,0.019415309234926924,0.16448152562574495,0.5039911097008529,0.12317731729060971,-1,,,4.3
42,nftonv2,nfbotv2,mlp,0,drop_flipped,250001,,,33,8,-0.025887556625392865,0.1701825347397547,0.36114421930870083,0.5225562941656121,0.2093852011722839,1,,,43.4
42,nftonv2,nfbotv2,rf,0,drop_random,250001,,,33,8,-0.014419249455638907,0.012838007610268744,0.029797377830750895,0.5343313825422354,0.2413371674776719,1,,,32.1
42,nftonv2,nfbotv2,lgbm,0,drop_random,250001,,,33,8,-0.02940983914008155,0.01327165168924437,0.05363528009535161,0.5052929665973803,0.07534062929359855,1,,,2.8
42,nftonv2,nfbotv2,mlp,0,drop_random,250001,,,33,8,-0.33397981918488157,0.006697295733387634,0.39809296781883197,0.4927110145481109,0.5439404606521064,-1,,,55.5
42,nfbotv2,nf2018v2,rf,0,drop_flipped,250000,,,32,9,0.43075024398787043,0.714158778882989,0.08467462937126394,0.7317364010462903,0.5968803987543595,1,,,13.0
42,nfbotv2,nf2018v2,lgbm,0,drop_flipped,250000,,,32,9,0.007306648001086497,0.10659824957802398,0.9993080840734565,0.500062169310331,0.007306648001086497,1,,,3.7
42,nfbotv2,nf2018v2,mlp,0,drop_flipped,250000,,,32,9,0.23417008245278564,0.5317355239895147,0.3908927984029219,0.5407780948241033,0.29247020353576997,1,,,30.5
42,nfbotv2,nf2018v2,rf,0,drop_random,250000,,,32,9,0.558310501524056,0.7359408969188548,0.1825977473032293,0.7911704963603607,0.6967681412518689,1,,,8.0
42,nfbotv2,nf2018v2,lgbm,0,drop_random,250000,,,32,9,-0.12116692511580872,0.10448816168051762,0.9994044985878109,0.49873101500438427,0.12116692511580872,-1,,,1.5
42,nfbotv2,nf2018v2,mlp,0,drop_random,250000,,,32,9,0.03788838327867318,0.22859780797037074,0.861560100271095,0.5717623061133746,0.2905708271870225,1,,,10.6
42,nfbotv2,nftonv2,rf,0,drop_flipped,250000,,,33,8,-0.07320955672410538,0.46075545373763566,0.8408269771176234,0.5627458535098739,0.2829911485744965,1,,,11.3
42,nfbotv2,nftonv2,lgbm,0,drop_flipped,250000,,,33,8,-0.035712894631689175,0.44509444894770983,0.9541440093427247,0.4966734043127919,0.03572446470750282,-1,,,1.8
42,nfbotv2,nftonv2,mlp,0,drop_flipped,250000,,,33,8,-0.06448462757952028,0.4537806235715596,0.6113645487390971,0.5139816360266544,0.15652925803178258,1,,,18.8
42,nfbotv2,nftonv2,rf,0,drop_random,250000,,,33,8,-0.06614593144761187,0.4649151850142667,0.8282361957592789,0.4155774740375603,0.5962719711691289,-1,,,8.6
42,nfbotv2,nftonv2,lgbm,0,drop_random,250000,,,33,8,-0.15341504547793938,0.4232510550656821,0.8292215612568884,0.4761678414921527,0.15341504547793938,-1,,,3.3
42,nfbotv2,nftonv2,mlp,0,drop_random,250000,,,33,8,-0.10490725031575884,0.4438370402770875,0.8743294040363491,0.5445622501216227,0.24235569829364448,-1,,,9.5
42,any,nf2018v2,rf,0.001,buffer_partial,2100,DDOS attack-HOIC,0.1,,,0.9581269904285304,0.978872471380781,0.001639046744025136,0.9804203262885498,0.9623453146521321,,0.9381730647409097,1.0,0.9
42,any,nf2018v2,lgbm,0.001,buffer_partial,2100,DDOS attack-HOIC,0.1,,,0.9563770413344742,0.9779611588493666,0.0015483036716915644,0.9811851308054134,0.9615034803220935,,0.9256725368469952,0.9976718047527297,0.3
42,any,nf2018v2,mlp,0.001,buffer_partial,2100,DDOS attack-HOIC,0.1,,,0.9456245443718941,0.9724703456630368,0.001985004707296877,0.9674387329595004,0.9467746173677241,,0.9297267621098864,0.9993577392421323,2.5
42,any,nf2018v2,rf,0.001,buffer_partial,2100,DoS attacks-Hulk,0.1,,,0.9577546382351488,0.9785438755720486,0.0006635587164392419,0.9800029551347638,0.9578055506539419,,0.9290510578994046,0.9657493565630568,0.9
42,any,nf2018v2,lgbm,0.001,buffer_partial,2100,DoS attacks-Hulk,0.1,,,0.961307997973228,0.9804023453424418,0.0008053447669604473,0.9810651764842948,0.9622767249578693,,0.919422272900038,0.9665412789546625,0.3
42,any,nf2018v2,mlp,0.001,buffer_partial,2100,DoS attacks-Hulk,0.1,,,0.9409959268591839,0.9701153913127893,0.00226290536631844,0.9692101608862058,0.9410682624905584,,0.9239832763207906,0.9631756087903386,4.1
42,any,nf2018v2,rf,0.001,buffer_partial,2100,DDoS attacks-LOIC-HTTP,0.1,,,0.9619722922723893,0.9807260296129772,0.00066923015846009,0.9806558637927386,0.9621947321589296,,0.9345833861227247,0.8461538461538461,0.9
42,any,nf2018v2,lgbm,0.001,buffer_partial,2100,DDoS attacks-LOIC-HTTP,0.1,,,0.9609640325299026,0.9802327844269088,0.0008620591871689295,0.9808965415182326,0.9611857398489689,,0.901262722243338,0.5636889991728702,0.3
42,any,nf2018v2,mlp,0.001,buffer_partial,2100,DDoS attacks-LOIC-HTTP,0.1,,,0.9418948296218089,0.9706429688752082,0.002648563423736119,0.9597863318870163,0.9420455772398668,,0.9236454242155496,0.7882547559966915,2.2
42,any,nfunswv2,rf,0.001,buffer_partial,1391,Exploits,0.1,,,0.7950847859196268,0.8970604383125469,0.0056796333440724996,0.9511868606738392,0.892337058041915,,0.6008203228367293,0.30554633012288274,0.9
42,any,nfunswv2,lgbm,0.001,buffer_partial,1391,Exploits,0.1,,,0.7217198773492706,0.8585386022643557,0.005856309953128735,0.9240794745383374,0.8785733705556793,,0.40738290553056367,0.20856858186648955,1.1
42,any,nfunswv2,mlp,0.001,buffer_partial,1391,Exploits,0.1,,,0.7344269036047937,0.8645841715128089,0.0052015672254497455,0.8957095713623824,0.78907516736837,,0.6651230484255094,0.3165061441381601,0.5
42,any,nfunswv2,rf,0.001,buffer_partial,1391,Fuzzers,0.1,,,0.8809763254165628,0.9402095667587602,0.006053772045603351,0.9671306210392905,0.8949401929394748,,0.7156655199788304,0.5914340712223292,0.9
42,any,nfunswv2,lgbm,0.001,buffer_partial,1391,Fuzzers,0.1,,,0.843570845693573,0.9216544595453293,0.0048741958616102515,0.9561703514194535,0.8928932511968655,,0.4214077798359354,0.28200192492781523,0.1
42,any,nfunswv2,mlp,0.001,buffer_partial,1391,Fuzzers,0.1,,,0.7814752001784459,0.8905789102020101,0.007020297024558048,0.8951025550211995,0.849277221270033,,0.8487695157449061,0.8796920115495669,0.5
42,any,nfunswv2,rf,0.001,buffer_partial,1391,Reconnaissance,0.1,,,0.9018782082131755,0.9501660253346402,0.006308394217478513,0.9520101507260235,0.9094828202368649,,0.8466525535856047,0.9741992882562278,0.9
42,any,nfunswv2,lgbm,0.001,buffer_partial,1391,Reconnaissance,0.1,,,0.8730769887631349,0.936388923852614,0.0059342555159476625,0.9327813980779798,0.9031563687712943,,0.5130987033606774,0.5604982206405694,0.1
42,any,nfunswv2,mlp,0.001,buffer_partial,1391,Reconnaissance,0.1,,,0.870492837412703,0.9352450771880876,0.004998908762120535,0.9055205960009947,0.8823573890222908,,0.8604128076210638,0.9519572953736655,1.2
42,any,nftonv2,rf,0.001,buffer_partial,2100,scanning,0.1,,,0.9021198216808247,0.9501845675282183,0.028849312068902594,0.9790514924880382,0.9131265419666965,,0.946355640956769,0.8458697552447553,0.9
42,any,nftonv2,lgbm,0.001,buffer_partial,2100,scanning,0.1,,,0.9013990762859638,0.9497928386787577,0.02863034195832269,0.9688790320339699,0.9093914417257101,,0.9123742226079051,0.7895541958041958,0.3
42,any,nftonv2,mlp,0.001,buffer_partial,2100,scanning,0.1,,,0.8417099345009662,0.9184116966244096,0.04516258530710558,0.9504742851434942,0.8646070994441545,,0.9290274592450257,0.797465034965035,1.9
42,any,nftonv2,rf,0.001,buffer_partial,2100,xss,0.1,,,0.9328840696952815,0.9663767494908286,0.06034451297397905,0.9932594621691964,0.9345725828182679,,0.973146828102509,0.97488743567753,0.9
42,any,nftonv2,lgbm,0.001,buffer_partial,2100,xss,0.1,,,0.9285190251339738,0.964201640992294,0.06282617422721798,0.9914020351301783,0.9300442389742419,,0.9213688988064491,0.8752412092624356,0.4
42,any,nftonv2,mlp,0.001,buffer_partial,2100,xss,0.1,,,0.9092188653975034,0.954603373448399,0.06943177256304514,0.9701988999006069,0.9108620515571896,,0.9441310770883696,0.9488904373927959,4.1
42,any,nftonv2,rf,0.001,buffer_partial,2100,ddos,0.1,,,0.9383757756369104,0.9691409658793179,0.05459654757125652,0.9931474757999563,0.9388961046436778,,0.9715558861408983,0.9836065573770492,0.9
42,any,nftonv2,lgbm,0.001,buffer_partial,2100,ddos,0.1,,,0.9344857094597792,0.9671982394231362,0.05716944637057042,0.9914350762615545,0.9347806708163284,,0.9321060352486622,0.9365694089336742,0.4
42,any,nftonv2,mlp,0.001,buffer_partial,2100,ddos,0.1,,,0.8846358221672137,0.9422208438293607,0.06970548520127003,0.9685829717404859,0.8953283770282101,,0.9367824404085484,0.8765979846593472,2.2
42,any,nfbotv2,rf,0.001,buffer_partial,2100,DDoS,0.1,,,0.8473952286526968,0.922724296306367,0.20738974970202623,0.9394098853471613,0.8622790552685287,,0.9978158374380526,0.9961029004642447,0.9
42,any,nfbotv2,lgbm,0.001,buffer_partial,2100,DDoS,0.1,,,0.6993459552075298,0.8460287417429256,0.1907032181168057,0.8826088443024167,0.8381565911792613,,0.9977505636143622,0.9957515226372503,0.1
42,any,nfbotv2,mlp,0.001,buffer_partial,2100,DDoS,0.1,,,0.7135724862528362,0.8492952055598559,0.41835518474374256,0.8353021310434425,0.7766006607996555,,0.9991162928484995,0.9994676093530389,1.2
42,any,nfbotv2,rf,0.001,buffer_partial,2100,DoS,0.1,,,0.8053824551993033,0.8978404795793093,0.3098927294398093,0.9324818957753045,0.8752738633137723,,0.9997891153388465,0.9999442555326384,0.9
42,any,nfbotv2,lgbm,0.001,buffer_partial,2100,DoS,0.1,,,0.8358407024470033,0.9147882599639228,0.2598331346841478,0.9163832864436042,0.8575337539417487,,0.9995179779173633,0.9999219577456937,0.1
42,any,nfbotv2,mlp,0.001,buffer_partial,2100,DoS,0.1,,,0.6919627010238982,0.8304692388524003,0.48867699642431467,0.8520503572647795,0.7929284083755873,,0.9993472617630962,0.9999442555326384,1.1
42,any,nfbotv2,rf,0.001,buffer_partial,2100,Reconnaissance,0.1,,,0.7616942218003037,0.8755076634893124,0.35518474374255066,0.8921722141250022,0.8066161908877418,,0.9961990550358755,0.9571235434236787,0.9
42,any,nfbotv2,lgbm,0.001,buffer_partial,2100,Reconnaissance,0.1,,,0.6367964833720439,0.8180740505008055,0.38974970202622167,0.8143220925297505,0.6426537783391171,,0.9915294661103329,0.9034957831713127,1.1
42,any,nfbotv2,mlp,0.001,buffer_partial,2100,Reconnaissance,0.1,,,0.6221140731956973,0.79757373771335,0.5375446960667462,0.7741363433794193,0.6495246513507321,,0.9930910168155412,0.912959505568789,0.8
43,any,nf2018v2,rf,0.001,buffer_only_rep,2102,,,,,0.9622659906267894,0.9809589433681158,0.001310103106815939,0.9795951810427517,0.9661255254627408,,,,1.4
43,any,nf2018v2,lgbm,0.001,buffer_only_rep,2102,,,,,0.9630325127573506,0.9813738437252646,0.001514275019566475,0.9810636746855905,0.9668945203782211,,,,2.1
43,any,nf2018v2,mlp,0.001,buffer_only_rep,2102,,,,,0.9442280230380985,0.9718432956587588,0.00261453477161103,0.978378734952653,0.9475471339842731,,,,1.6
43,any,nf2018v2,rf,0.01,buffer_only_rep,21001,,,,,0.9725067511454405,0.9860878434892137,0.00020984335477138418,0.9828406919264607,0.9728275493145601,,,,2.5
43,any,nf2018v2,lgbm,0.01,buffer_only_rep,21001,,,,,0.9724527785794437,0.9860775271034119,0.00036864373135513437,0.985170539384514,0.9728262478462931,,,,1.6
43,any,nf2018v2,mlp,0.01,buffer_only_rep,21001,,,,,0.9640499700876857,0.9818357507015473,0.000975488027585894,0.9814991887322699,0.9641725793019471,,,,3.4
43,any,nfunswv2,rf,0.001,buffer_only_rep,1392,,,,,0.8876498620602075,0.9409523726120521,0.009748391723220503,0.9569138772944384,0.9008879102425906,,,,1.3
43,any,nfunswv2,lgbm,0.001,buffer_only_rep,1392,,,,,0.8823004750301502,0.9390860796886622,0.009036488916140967,0.9350487249855217,0.8892642418541817,,,,0.8
43,any,nfunswv2,mlp,0.001,buffer_only_rep,1392,,,,,0.8004468049647817,0.8998194230926303,0.009649660676983194,0.8907033084187947,0.8574137150134826,,,,1.2
43,any,nfunswv2,rf,0.01,buffer_only_rep,13907,,,,,0.9333871224876006,0.9662087077300106,0.004458486193242639,0.9868785877847399,0.9350135623304007,,,,1.4
43,any,nfunswv2,lgbm,0.01,buffer_only_rep,13907,,,,,0.9375647280032765,0.9684710821976161,0.003886885399237173,0.9853142159519735,0.9376621936282467,,,,1.1
43,any,nfunswv2,mlp,0.01,buffer_only_rep,13907,,,,,0.9031449378854091,0.9512423571772968,0.005310691013396244,0.9479041757634317,0.906455276604861,,,,2.3
43,any,nftonv2,rf,0.001,buffer_only_rep,2100,,,,,0.9372897197889033,0.9686414292006515,0.04286339914601657,0.99264942805966,0.9406553859380276,,,,1.6
43,any,nftonv2,lgbm,0.001,buffer_only_rep,2100,,,,,0.9363269288868392,0.9681633695697496,0.045783000620415314,0.9924538774125471,0.9367561307745343,,,,1.3
43,any,nftonv2,mlp,0.001,buffer_only_rep,2100,,,,,0.9028662553438563,0.9512794752330386,0.08826320207291705,0.9662108007541035,0.9048706967244414,,,,3.6
43,any,nftonv2,rf,0.01,buffer_only_rep,21000,,,,,0.9674547870839578,0.9837047208592999,0.030509835407466882,0.9972191329142246,0.9678609586061475,,,,2.6
43,any,nftonv2,lgbm,0.01,buffer_only_rep,21000,,,,,0.9700660027920842,0.985008273376095,0.028922302105762562,0.9975139898845999,0.9701559123409262,,,,1.7
43,any,nftonv2,mlp,0.01,buffer_only_rep,21000,,,,,0.9306256590773838,0.965154690301099,0.06844640706543557,0.9895477453422868,0.9342737032101958,,,,5.8
43,any,nfbotv2,rf,0.001,buffer_only_rep,2101,,,,,0.8190903714645061,0.9065878967822842,0.2729439809296782,0.9406965001274178,0.8816505066324251,,,,1.3
43,any,nfbotv2,lgbm,0.001,buffer_only_rep,2101,,,,,0.7953362520672728,0.8916459062063926,0.33134684147794996,0.8804193831101732,0.8177736464313895,,,,0.5
43,any,nfbotv2,mlp,0.001,buffer_only_rep,2101,,,,,0.6862381707570958,0.8276272714767341,0.4934445768772348,0.8084241931619878,0.7009910378670372,,,,0.9
43,any,nfbotv2,rf,0.01,buffer_only_rep,21000,,,,,0.9236789835902105,0.9617983669784211,0.08820023837902265,0.9778440833838,0.9315930118344592,,,,1.5
43,any,nfbotv2,lgbm,0.01,buffer_only_rep,21000,,,,,0.5524519551788457,0.7727801708208587,0.5268176400476758,0.6600124138488486,0.5972680300101898,,,,0.9
43,any,nfbotv2,mlp,0.01,buffer_only_rep,21000,,,,,0.7417089862030137,0.8645653524942454,0.38259833134684146,0.846305585322074,0.7510648489672489,,,,1.4
43,nf2018v2,nfunswv2,rf,0.001,finetune_x1,251391,,,,,0.10821043718397766,0.502639172684484,5.196370854595151e-06,0.8041441516552557,0.5963521837458141,,,,1.3
43,nf2018v2,nfunswv2,rf,0.001,finetune_x3,251391,,,,,0.7447566240577667,0.8653862217847854,0.0025098471227694577,0.9438535858719534,0.900295950289464,,,,1.7
43,nf2018v2,nfunswv2,rf,0.001,finetune_x10,251391,,,,,0.8964180870706757,0.9461940455092357,0.008355764334189003,0.9444921484653859,0.9069442205219594,,,,3.8
43,nf2018v2,nfunswv2,rf,0.01,finetune_x1,263906,,,,,0.12050573727283868,0.5053722684721743,0.0,0.825572016568932,0.6273906888908563,,,,1.3
43,nf2018v2,nfunswv2,rf,0.01,finetune_x3,263906,,,,,0.8200756813407447,0.9047710189722513,0.0010444705417736253,0.9794900078811534,0.936062326731478,,,,1.8
43,nf2018v2,nfunswv2,rf,0.01,finetune_x10,263906,,,,,0.9310217242407514,0.9653847559668329,0.0035699067771068687,0.9846128362279256,0.9355817919558831,,,,4.3
43,nf2018v2,nftonv2,rf,0.001,finetune_x1,252099,,,,,0.039498877125533266,0.3706461044760263,0.16701945184482317,0.8428911733493925,0.8188340950052732,,,,1.3
43,nf2018v2,nftonv2,rf,0.001,finetune_x3,252099,,,,,0.7564100418003548,0.8780239379306777,0.15802342980183204,0.9364816604534512,0.8344153934192008,,,,2.1
43,nf2018v2,nftonv2,rf,0.001,finetune_x10,252099,,,,,0.9356140427049221,0.9677370613065788,0.034725010036130065,0.9876725332032364,0.94119207363891,,,,4.6
43,nf2018v2,nftonv2,rf,0.01,finetune_x1,270999,,,,,0.04339870705925673,0.3731273967068558,0.16628955147622348,0.850567325032092,0.8410236219073493,,,,1.9
43,nf2018v2,nftonv2,rf,0.01,finetune_x3,270999,,,,,0.7965707132178355,0.8982669871868756,0.14165541403598408,0.9581244646675489,0.8579377145818148,,,,2.7
43,nf2018v2,nftonv2,rf,0.01,finetune_x10,270999,,,,,0.9654016275437993,0.9826975290420504,0.027736214006788072,0.9952419441350939,0.9659087347264129,,,,7.1
43,nf2018v2,nfbotv2,rf,0.001,finetune_x1,252100,,,,,0.021326129308657463,0.12535369574245891,0.023837902264600714,0.8009724572887197,0.7196673476558346,,,,1.0
43,nf2018v2,nfbotv2,rf,0.001,finetune_x3,252100,,,,,0.821358247625295,0.9076261968363448,0.07151370679380215,0.9341410623757208,0.8657802629143877,,,,1.5
43,nf2018v2,nfbotv2,rf,0.001,finetune_x10,252100,,,,,0.8554622578342747,0.9263548150975807,0.2097735399284863,0.949436534467633,0.8799935725290545,,,,3.5
43,nf2018v2,nfbotv2,rf,0.01,finetune_x1,270999,,,,,0.02583460322520469,0.12559245804708902,0.0,0.8642986857348162,0.7757563047749161,,,,1.1
43,nf2018v2,nfbotv2,rf,0.01,finetune_x3,270999,,,,,0.8682142088703151,0.9324606475160966,0.052443384982121574,0.9688204983799964,0.9385440079529207,,,,1.6
43,nf2018v2,nfbotv2,rf,0.01,finetune_x10,270999,,,,,0.9293819455811407,0.9646909727905704,0.07032181168057211,0.9738133371085864,0.938233271081604,,,,4.2
43,nf2018v2,nfunswv2,lgbm,0.001,finetune_x1,251391,,,,,0.8351854593089681,0.9173934596822859,0.007617879672836491,0.892805290240861,0.8433653484983235,,,,0.9
43,nf2018v2,nfunswv2,lgbm,0.001,finetune_x3,251391,,,,,0.8404228319676107,0.9199683186579578,0.007560719593435944,0.8955169789613435,0.8516516250069427,,,,1.1
43,nf2018v2,nfunswv2,lgbm,0.001,finetune_x10,251391,,,,,0.8404943898504967,0.920014203557789,0.007524344997453778,0.8956810735260308,0.8528285179416836,,,,1.1
43,nf2018v2,nfunswv2,lgbm,0.01,finetune_x1,263906,,,,,0.768840386061379,0.8842407977903926,0.010174494133297305,0.8202347271977204,0.7788765417184864,,,,1.0
43,nf2018v2,nfunswv2,lgbm,0.01,finetune_x3,263906,,,,,0.8448977653384275,0.9224382866998067,0.006168092204404444,0.8734313112309082,0.8457264747898092,,,,1.3
43,nf2018v2,nfunswv2,lgbm,0.01,finetune_x10,263906,,,,,0.8448977653384275,0.9224382866998067,0.006168092204404444,0.8734313112309082,0.8457264747898092,,,,1.4
43,nf2018v2,nftonv2,lgbm,0.001,finetune_x1,252099,,,,,0.8425292532801802,0.9212594985823779,0.11753220685376446,0.907012377541021,0.8497932094625571,,,,1.3
43,nf2018v2,nftonv2,lgbm,0.001,finetune_x3,252099,,,,,0.47962222678071287,0.7395254169077964,0.40036859968614286,0.6681752264606783,0.5409890237896927,,,,1.5
43,nf2018v2,nftonv2,lgbm,0.001,finetune_x10,252099,,,,,0.47962222678071287,0.7395254169077964,0.40036859968614286,0.6681752264606783,0.5409890237896927,,,,1.3
43,nf2018v2,nftonv2,lgbm,0.01,finetune_x1,270999,,,,,0.9003017480690276,0.9500930057118617,0.0832633845480092,0.9344686510975024,0.9014324373765956,,,,1.1
43,nf2018v2,nftonv2,lgbm,0.01,finetune_x3,270999,,,,,0.7165589680494331,0.8497860854222788,0.07859202218897121,0.7987992047629779,0.721699685590864,,,,1.9
43,nf2018v2,nftonv2,lgbm,0.01,finetune_x10,270999,,,,,0.7165589680494331,0.8497860854222788,0.07859202218897121,0.7987992047629779,0.721699685590864,,,,1.7
43,nf2018v2,nfbotv2,lgbm,0.001,finetune_x1,252100,,,,,0.786795799986386,0.8898690802425895,0.3110846245530393,0.866495221810667,0.7916532172506934,,,,0.9
43,nf2018v2,nfbotv2,lgbm,0.001,finetune_x3,252100,,,,,0.7900811527511042,0.8886485325962674,0.3396901072705602,0.8772967065896167,0.8020209566364017,,,,1.2
43,nf2018v2,nfbotv2,lgbm,0.001,finetune_x10,252100,,,,,0.7844358483714315,0.8859890629308069,0.3432657926102503,0.8636015091481201,0.7999517499182867,,,,2.9
43,nf2018v2,nfbotv2,lgbm,0.01,finetune_x1,270999,,,,,0.921374974598371,0.9604304807567987,0.10846245530393325,0.9677035926777893,0.9294121450294845,,,,1.0
43,nf2018v2,nfbotv2,lgbm,0.01,finetune_x3,270999,,,,,0.9229735057543088,0.9613332957222915,0.10011918951132301,0.9657156547930412,0.9310246202381552,,,,1.6
43,nf2018v2,nfbotv2,lgbm,0.01,finetune_x10,270999,,,,,0.9223272301243763,0.961002677956852,0.10131108462455304,0.9657460169882277,0.9314701365723035,,,,2.3
43,nf2018v2,nfunswv2,mlp,0.001,finetune_x1,251391,,,,,0.2335361331124861,0.6101090173141579,0.013874310181769052,0.581020115647427,0.29175221680018043,,,,0.5
43,nf2018v2,nfunswv2,mlp,0.001,finetune_x3,251391,,,,,0.682355966316573,0.8401721529172537,0.008620779247773356,0.7853536361062157,0.6840698645911268,,,,0.5
43,nf2018v2,nfunswv2,mlp,0.001,finetune_x10,251391,,,,,0.6887025620198445,0.8436713363221604,0.008963739724176635,0.8105073201126807,0.7107604906929391,,,,0.5
43,nf2018v2,nfunswv2,mlp,0.01,finetune_x1,263906,,,,,0.7372099818150639,0.8660714825485477,0.005191174483740555,0.8954178851805826,0.7873386674931663,,,,1.0
43,nf2018v2,nfunswv2,mlp,0.01,finetune_x3,263906,,,,,0.8926844604736035,0.9462132191470096,0.005082050695794057,0.9432183583118523,0.9030031888990986,,,,1.4
43,nf2018v2,nfunswv2,mlp,0.01,finetune_x10,263906,,,,,0.9211220683302923,0.9600939475536348,0.004915766828447013,0.9649654999097454,0.9236826693714464,,,,7.0
43,nf2018v2,nftonv2,mlp,0.001,finetune_x1,252099,,,,,0.25189265239383496,0.6255557892850154,0.5173168862450276,0.6861041755531313,0.3828621752158081,,,,0.6
43,nf2018v2,nftonv2,mlp,0.001,finetune_x3,252099,,,,,0.5746429602670986,0.7831950535768144,0.39525929710594504,0.8179347177175453,0.5916713205839673,,,,0.5
43,nf2018v2,nftonv2,mlp,0.001,finetune_x10,252099,,,,,0.6573327480861094,0.8259228035520225,0.3205357468705522,0.886652705553611,0.6616052985736929,,,,0.6
43,nf2018v2,nftonv2,mlp,0.01,finetune_x1,270999,,,,,0.7026581983970429,0.8493877238530694,0.27679646728221596,0.9051699010043882,0.7033450965974517,,,,1.3
43,nf2018v2,nftonv2,mlp,0.01,finetune_x3,270999,,,,,0.7604411595967602,0.8793898336868269,0.21422575818400788,0.9405616495846845,0.7627938166339562,,,,1.3
43,nf2018v2,nftonv2,mlp,0.01,finetune_x10,270999,,,,,0.7691886533471352,0.8845770788369536,0.16174592168169044,0.9124586119436462,0.7918830201493844,,,,1.7
43,nf2018v2,nfbotv2,mlp,0.001,finetune_x1,252100,,,,,0.3026506130372063,0.6267420914298657,0.834326579261025,0.6013451245341902,0.3399869526489116,,,,0.8
43,nf2018v2,nfbotv2,mlp,0.001,finetune_x3,252100,,,,,0.589508241372076,0.7727069073110874,0.6030989272943981,0.7945016381224482,0.6774512766823563,,,,1.0
43,nf2018v2,nfbotv2,mlp,0.001,finetune_x10,252100,,,,,0.6485509229080222,0.805737278777355,0.5399284862932062,0.835079916043799,0.7384147943764043,,,,0.7
43,nf2018v2,nfbotv2,mlp,0.01,finetune_x1,270999,,,,,0.7714943362458635,0.8813355057328287,0.3361144219308701,0.9192109112968216,0.8443584339186796,,,,3.9
43,nf2018v2,nfbotv2,mlp,0.01,finetune_x3,270999,,,,,0.8956231004334301,0.9478102597722724,0.10607866507747318,0.947402876797894,0.9050290945482267,,,,4.0
43,nf2018v2,nfbotv2,mlp,0.01,finetune_x10,270999,,,,,0.8395417305390094,0.9169633220073583,0.25148986889153757,0.9407067079838612,0.8786495332031775,,,,1.4
43,nfunswv2,nf2018v2,rf,0.001,finetune_x1,252104,,,,,0.7341346733614463,0.859609990994218,0.06539739794240083,0.8058558619777294,0.7497799456834022,,,,1.3
43,nfunswv2,nf2018v2,rf,0.001,finetune_x3,252104,,,,,0.9666413163954124,0.9830547044182159,9.641451435441975e-05,0.9779064499757883,0.9666703362183133,,,,1.9
43,nfunswv2,nf2018v2,rf,0.001,finetune_x10,252104,,,,,0.9652810015703984,0.9824042955159624,0.0004650582457095541,0.9792489823969005,0.9666155773936606,,,,4.2
43,nfunswv2,nf2018v2,rf,0.01,finetune_x1,271003,,,,,0.7440345626627771,0.8637340714938019,0.06606095665884007,0.8104932323410483,0.7637156411040608,,,,1.6
43,nfunswv2,nf2018v2,rf,0.01,finetune_x3,271003,,,,,0.9703555194366102,0.9850169177614108,0.0004990868978346435,0.9807175530414842,0.971024659035364,,,,3.0
43,nfunswv2,nf2018v2,rf,0.01,finetune_x10,271003,,,,,0.9726542996312871,0.9861590507584129,0.0001701432606254466,0.981709858561709,0.9727535567490578,,,,7.2
43,nfunswv2,nftonv2,rf,0.001,finetune_x1,252102,,,,,0.4034748983773604,0.602034278285555,0.03748038392759388,0.9336998128398877,0.8480135837969976,,,,1.2
43,nfunswv2,nftonv2,rf,0.001,finetune_x3,252102,,,,,0.9127483943097955,0.9555291854544223,0.021805773511915625,0.9880923190755664,0.9266464282628724,,,,2.0
43,nfunswv2,nftonv2,rf,0.001,finetune_x10,252102,,,,,0.9354413002777568,0.967663463364127,0.03600233568117952,0.9916612616284914,0.9403586388156026,,,,4.7
43,nfunswv2,nftonv2,rf,0.01,finetune_x1,271002,,,,,0.41012291657646816,0.6074980446090827,0.03644027590233933,0.9444880579652363,0.8831522639079465,,,,1.5
43,nfunswv2,nftonv2,rf,0.01,finetune_x3,271002,,,,,0.9461366804008455,0.9728376798838001,0.017262143717382578,0.9931481018690276,0.9591997882535973,,,,2.4
43,nfunswv2,nftonv2,rf,0.01,finetune_x10,271002,,,,,0.965376492085838,0.9826880671353444,0.02574723550235393,0.9959870968176162,0.9673700910211093,,,,7.2
43,nfunswv2,nfbotv2,rf,0.001,finetune_x1,252103,,,,,0.23078774463554788,0.5461678987217552,0.11442193087008343,0.8327995195287654,0.7301521076539526,,,,1.1
43,nfunswv2,nfbotv2,rf,0.001,finetune_x3,252103,,,,,0.8568413167503242,0.9273760631366529,0.20023837902264602,0.9007305637389904,0.8573316584586942,,,,1.6
43,nfunswv2,nfbotv2,rf,0.001,finetune_x10,252103,,,,,0.8498875536741425,0.9233778528138032,0.21930870083432658,0.9314042151765165,0.8807637149499367,,,,3.8
43,nfunswv2,nfbotv2,rf,0.01,finetune_x1,271002,,,,,0.24470393307888588,0.5497627663776825,0.06555423122765197,0.8876505238859738,0.7871384642678393,,,,1.1
43,nfunswv2,nfbotv2,rf,0.01,finetune_x3,271002,,,,,0.9226757448635643,0.9613297023391318,0.07151370679380215,0.9613889957731072,0.9267175093538075,,,,1.8
43,nfunswv2,nfbotv2,rf,0.01,finetune_x10,271002,,,,,0.9248046119843842,0.9623955219179587,0.07985697258641239,0.9737341051291197,0.9301220427587952,,,,4.0
43,nfunswv2,nf2018v2,lgbm,0.001,finetune_x1,252104,,,,,0.8533061100276131,0.9262160473898238,0.02352514150247842,0.9175713423843009,0.8735843245842054,,,,1.0
43,nfunswv2,nf2018v2,lgbm,0.001,finetune_x3,252104,,,,,0.8469145167050621,0.9226076962886256,0.026945021041049896,0.9065251995892978,0.8547333289233346,,,,1.7
43,nfunswv2,nf2018v2,lgbm,0.001,finetune_x10,252104,,,,,0.8741158502197887,0.9367261832279912,0.020110933405927792,0.9182360812923281,0.882873714306192,,,,5.6
43,nfunswv2,nf2018v2,lgbm,0.01,finetune_x1,271003,,,,,0.9553598148182237,0.9774862556113086,0.0019339617291092433,0.9660344375666835,0.9558198635628067,,,,1.2
43,nfunswv2,nf2018v2,lgbm,0.01,finetune_x3,271003,,,,,0.9216968971237729,0.9607967374312891,0.011167069339050147,0.9490150059781395,0.93531921367499,,,,1.9
43,nfunswv2,nf2018v2,lgbm,0.01,finetune_x10,271003,,,,,0.8825430100754414,0.9411855279230672,0.016475539070564083,0.9009481151959157,0.8827910652330259,,,,2.9
43,nfunswv2,nftonv2,lgbm,0.001,finetune_x1,252102,,,,,0.8579827415796332,0.9289391969028913,0.09284332688588008,0.8940588127671634,0.8589556169323813,,,,1.2
43,nfunswv2,nftonv2,lgbm,0.001,finetune_x3,252102,,,,,0.6222310915568416,0.8107543748979993,0.3002445166234809,0.7424357204394376,0.6462388047541584,,,,2.2
43,nfunswv2,nftonv2,lgbm,0.001,finetune_x10,252102,,,,,0.6222310915568416,0.8107543748979993,0.3002445166234809,0.7424357204394376,0.6462388047541584,,,,1.4
43,nfunswv2,nftonv2,lgbm,0.01,finetune_x1,271002,,,,,0.8487848686861105,0.9243714425039917,0.10328090215685559,0.8639380127677523,0.8498602220739262,,,,1.1
43,nfunswv2,nftonv2,lgbm,0.01,finetune_x3,271002,,,,,0.8855710908974087,0.9426623465750636,0.09891974745447246,0.9160521428365106,0.8859210343502689,,,,1.7
43,nfunswv2,nftonv2,lgbm,0.01,finetune_x10,271002,,,,,0.11135908553836069,0.54967617111316,0.7392613408269771,0.5234593029853432,0.11145080392798093,,,,1.7
43,nfunswv2,nfbotv2,lgbm,0.001,finetune_x1,252103,,,,,0.782520112347789,0.8853340172475417,0.3420738974970203,0.8782176459143554,0.7835099755800943,,,,1.0
43,nfunswv2,nfbotv2,lgbm,0.001,finetune_x3,252103,,,,,0.7900083294488938,0.8884924796540591,0.34088200238379024,0.8930924973913406,0.7936688192363446,,,,1.2
43,nfunswv2,nfbotv2,lgbm,0.001,finetune_x10,252103,,,,,0.7892546204621261,0.8880611691118554,0.3420738974970203,0.8741184561916066,0.7988766354499448,,,,1.9
43,nfunswv2,nfbotv2,lgbm,0.01,finetune_x1,271002,,,,,0.9053636730351726,0.9526753341256464,0.08939213349225268,0.9444644614577102,0.9095793326761825,,,,1.6
43,nfunswv2,nfbotv2,lgbm,0.01,finetune_x3,271002,,,,,0.9210195929460969,0.9604428875170685,0.09415971394517282,0.9452769256885463,0.9221629532610319,,,,1.5
43,nfunswv2,nfbotv2,lgbm,0.01,finetune_x10,271002,,,,,0.9215907446372158,0.9607234675769538,0.09415971394517282,0.9441933455398042,0.9218203666458218,,,,2.2
43,nfunswv2,nf2018v2,mlp,0.001,finetune_x1,252104,,,,,0.21949846420009422,0.6063038528550424,0.13305202980909925,0.6936051932247743,0.4789757673893108,,,,0.5
43,nfunswv2,nf2018v2,mlp,0.001,finetune_x3,252104,,,,,0.7820096473533371,0.8899159653066071,0.036643186896700354,0.9219432328956525,0.8393332388249889,,,,0.5
43,nfunswv2,nf2018v2,mlp,0.001,finetune_x10,252104,,,,,0.8671901358860404,0.9334399186872491,0.012392100815553362,0.9400519506927802,0.8796169994749438,,,,0.5
43,nfunswv2,nf2018v2,mlp,0.01,finetune_x1,271003,,,,,0.8919950271926858,0.9453676407709624,0.006459772461746124,0.9482664753049646,0.8930093191663006,,,,2.6
43,nfunswv2,nf2018v2,mlp,0.01,finetune_x3,271003,,,,,0.9504241999469074,0.9751088876339549,0.003385850886446388,0.978977272006194,0.9520956869801024,,,,1.1
43,nfunswv2,nf2018v2,mlp,0.01,finetune_x10,271003,,,,,0.9568961976223296,0.9783211013780571,0.0023763342067354047,0.9808726628506534,0.9594178606969819,,,,1.1
43,nfunswv2,nftonv2,mlp,0.001,finetune_x1,252102,,,,,0.14515173080805413,0.5519385329964257,0.7887668333272508,0.4861657520296285,0.15720157207584584,,,,0.5
43,nfunswv2,nftonv2,mlp,0.001,finetune_x3,252102,,,,,0.12678040392223877,0.4996603006586739,0.9042188241305061,0.7113971697070114,0.5022814455195836,,,,0.5
43,nfunswv2,nftonv2,mlp,0.001,finetune_x10,252102,,,,,0.5251063579301076,0.7541691972531192,0.46593190029560966,0.7819370978266191,0.6029616863670503,,,,0.5
43,nfunswv2,nftonv2,mlp,0.01,finetune_x1,271002,,,,,0.6150221409495875,0.8054920777123589,0.34064450202547353,0.8151817841062947,0.6178146645850151,,,,1.0
43,nfunswv2,nftonv2,mlp,0.01,finetune_x3,271002,,,,,0.7609919156289056,0.8800379619957537,0.2034597277471625,0.9450783965640128,0.7632718145880483,,,,1.1
43,nfunswv2,nftonv2,mlp,0.01,finetune_x10,271002,,,,,0.8134071232939044,0.9061391597117172,0.16899018284004233,0.9657004834784504,0.8251355784544396,,,,1.1
43,nfunswv2,nfbotv2,mlp,0.001,finetune_x1,252103,,,,,0.18372501732688742,0.5386652966616787,0.9582836710369488,0.5485398372163355,0.21243428648182147,,,,0.5
43,nfunswv2,nfbotv2,mlp,0.001,finetune_x3,252103,,,,,0.6322226380800142,0.7963157643764983,0.5589988081048868,0.7566007564606207,0.6699811285666486,,,,0.6
43,nfunswv2,nfbotv2,mlp,0.001,finetune_x10,252103,,,,,0.6456722714323491,0.8037667884181839,0.5446960667461264,0.7582638533654047,0.6722786833055098,,,,0.5
43,nfunswv2,nfbotv2,mlp,0.01,finetune_x1,271002,,,,,0.600125895095398,0.7760433491656766,0.601907032181168,0.7303556861900831,0.6358010721633948,,,,2.6
43,nfunswv2,nfbotv2,mlp,0.01,finetune_x3,271002,,,,,0.8901751312464644,0.9449010236849583,0.13468414779499405,0.9306270064270145,0.9139151417027991,,,,5.0
43,nfunswv2,nfbotv2,mlp,0.01,finetune_x10,271002,,,,,0.8447765108475668,0.9208824455552549,0.22288438617401668,0.9324968107065541,0.8851689516720308,,,,1.0
43,nftonv2,nf2018v2,rf,0.001,finetune_x1,252103,,,,,0.2890932914622076,0.6444094244101455,0.07786322750422522,0.7620613644974893,0.6417533963176477,,,,1.3
43,nftonv2,nf2018v2,rf,0.001,finetune_x3,252103,,,,,0.9222751532644585,0.9611341971811336,0.008728349270085412,0.9719692901206165,0.94702376968889,,,,1.8
43,nftonv2,nf2018v2,rf,0.001,finetune_x10,252103,,,,,0.9607073232597136,0.9801968579679317,0.001644718186045984,0.9815274275538317,0.96476966896383,,,,4.2
43,nftonv2,nf2018v2,rf,0.01,finetune_x1,271002,,,,,0.2906098740210266,0.6451616262638018,0.07756264107712027,0.7725745888303011,0.655583363503132,,,,1.8
43,nftonv2,nf2018v2,rf,0.01,finetune_x3,271002,,,,,0.9413296782816827,0.9706644411282028,0.007106316852122821,0.9811627411559127,0.9637151686895797,,,,3.2
43,nftonv2,nf2018v2,rf,0.01,finetune_x10,271002,,,,,0.972875911811388,0.9862656435981073,0.00010775739839611619,0.9831551871406676,0.9729499206512779,,,,6.9
43,nftonv2,nfunswv2,rf,0.001,finetune_x1,251393,,,,,0.18481246763795042,0.5905799081480158,0.04416915226405878,0.6514975147715312,0.46892643114266,,,,1.2
43,nftonv2,nfunswv2,rf,0.001,finetune_x3,251393,,,,,0.8559183025884333,0.9275538771464447,0.00740482846779809,0.9157057992376592,0.8848902361810324,,,,1.7
43,nftonv2,nfunswv2,rf,0.001,finetune_x10,251393,,,,,0.8934495812482045,0.9444546270346985,0.00879745585682959,0.9306533025759756,0.8959802202251352,,,,3.6
43,nftonv2,nfunswv2,rf,0.01,finetune_x1,263908,,,,,0.19279204228803665,0.5944947960548324,0.043909333721329026,0.6694938624453335,0.47578775507874926,,,,1.3
43,nftonv2,nfunswv2,rf,0.01,finetune_x3,263908,,,,,0.9010704197097589,0.9504730656319473,0.003071055175065734,0.9555881231009555,0.9259148846208213,,,,1.8
43,nftonv2,nfunswv2,rf,0.01,finetune_x10,263908,,,,,0.9306759797106152,0.9650244262506613,0.004167489425385311,0.9792962436899388,0.9341599063914798,,,,4.3
43,nftonv2,nfbotv2,rf,0.001,finetune_x1,252102,,,,,0.025338525819170926,0.15895283898854165,0.03098927294398093,0.8122001158276627,0.7652825150263513,,,,1.1
43,nftonv2,nfbotv2,rf,0.001,finetune_x3,252102,,,,,0.8918313772135423,0.9458921141140331,0.11680572109654351,0.9267827430552011,0.8964054344942088,,,,1.6
43,nftonv2,nfbotv2,rf,0.001,finetune_x10,252102,,,,,0.840045599673327,0.9180936092283052,0.2359952324195471,0.945494973380361,0.887356822509115,,,,3.6
43,nftonv2,nfbotv2,rf,0.01,finetune_x1,271001,,,,,0.02618021801900906,0.15924406433983965,0.026221692491060787,0.9072829415186102,0.8866762916092621,,,,1.1
43,nftonv2,nfbotv2,rf,0.01,finetune_x3,271001,,,,,0.9101093641670517,0.9543945826962048,0.03933253873659118,0.9663940692791779,0.9420413076237739,,,,1.7
43,nftonv2,nfbotv2,rf,0.01,finetune_x10,271001,,,,,0.9332164798673734,0.966605251338539,0.0631704410011919,0.9661275870278894,0.9407156727764536,,,,4.2
43,nftonv2,nf2018v2,lgbm,0.001,finetune_x1,252103,,,,,0.9558253119869646,0.9777874115540921,0.00251812025725661,0.9794725895653034,0.9625113157061255,,,,1.0
43,nftonv2,nf2018v2,lgbm,0.001,finetune_x3,252103,,,,,0.9570576548025408,0.9783914381120871,0.0022515624822767436,0.9803693194324025,0.9628116580524599,,,,1.3
43,nftonv2,nf2018v2,lgbm,0.001,finetune_x10,252103,,,,,0.95698615766136,0.9783576927018793,0.0022799196923809846,0.9802130800616082,0.9631308882406294,,,,1.9
43,nftonv2,nf2018v2,lgbm,0.01,finetune_x1,271002,,,,,0.9519368100872246,0.9759503891513683,0.004639239573053845,0.976408435093326,0.9581288770308524,,,,1.2
43,nftonv2,nf2018v2,lgbm,0.01,finetune_x3,271002,,,,,0.9085574901435869,0.9542721232919678,0.01150735586030104,0.9436592434343289,0.9228918648719202,,,,2.7
43,nftonv2,nf2018v2,lgbm,0.01,finetune_x10,271002,,,,,0.9079595197570475,0.9538381332161441,0.007854947198874786,0.9223355530533958,0.9081805951347104,,,,4.0
43,nftonv2,nfunswv2,lgbm,0.001,finetune_x1,251393,,,,,0.8740763580093948,0.9350737884761395,0.00927032560459775,0.9057525393208974,0.887032411227854,,,,1.0
43,nftonv2,nfunswv2,lgbm,0.001,finetune_x3,251393,,,,,0.8776987987520755,0.9370454847830453,0.008901383273921494,0.91573162264636,0.8877994273378542,,,,1.3
43,nftonv2,nfunswv2,lgbm,0.001,finetune_x10,251393,,,,,0.8759290768123891,0.9362601520285976,0.008844223194520946,0.9175987196821497,0.8877749414889079,,,,1.8
43,nftonv2,nfunswv2,lgbm,0.01,finetune_x1,263908,,,,,0.9334748558921362,0.9663982912841835,0.004120722087693955,0.982464971318654,0.9344854767278493,,,,1.0
43,nftonv2,nfunswv2,lgbm,0.01,finetune_x3,263908,,,,,0.9335000933771815,0.9664530288653321,0.004011598299747457,0.9841409311168908,0.9343747999542213,,,,1.7
43,nftonv2,nfunswv2,lgbm,0.01,finetune_x10,263908,,,,,0.9330237110062912,0.9662391941349178,0.0039648309620561,0.9840643872383846,0.9346109934740409,,,,3.6
43,nftonv2,nfbotv2,lgbm,0.001,finetune_x1,252102,,,,,0.5914982896907989,0.7953633262139103,0.4362336114421931,0.6944356607863452,0.6535226748948509,,,,0.9
43,nftonv2,nfbotv2,lgbm,0.001,finetune_x3,252102,,,,,0.593507409072684,0.7960830297631131,0.4433849821215733,0.7000700053797179,0.6639305525473946,,,,1.0
43,nftonv2,nfbotv2,lgbm,0.001,finetune_x10,252102,,,,,0.593507409072684,0.7960830297631131,0.4433849821215733,0.7000700053797179,0.6639305525473946,,,,1.0
43,nftonv2,nfbotv2,lgbm,0.01,finetune_x1,271001,,,,,0.9057849050613523,0.952889550995439,0.09058402860548272,0.9014312200512478,0.9079473588891827,,,,1.1
43,nftonv2,nfbotv2,lgbm,0.01,finetune_x3,271001,,,,,0.9026261395343403,0.9513123443209409,0.09535160905840286,0.9174010163154007,0.9059946337593265,,,,1.3
43,nftonv2,nfbotv2,lgbm,0.01,finetune_x10,271001,,,,,0.9038209305334887,0.9519097388691502,0.09415971394517282,0.9184459844630999,0.9053319122164314,,,,2.2
43,nftonv2,nf2018v2,mlp,0.001,finetune_x1,252103,,,,,0.21443910419436607,0.607219465358847,0.09318746384455712,0.6003444879035378,0.41989510349733583,,,,0.5
43,nftonv2,nf2018v2,mlp,0.001,finetune_x3,252103,,,,,0.8572600220782878,0.9263679706446641,0.005075940608659158,0.9447416121596248,0.8678932984192191,,,,0.5
43,nftonv2,nf2018v2,mlp,0.001,finetune_x10,252103,,,,,0.9466605758590203,0.9732059890331588,0.0035843513571760756,0.9677681962747129,0.9483331650353527,,,,1.0
43,nftonv2,nf2018v2,mlp,0.01,finetune_x1,271002,,,,,0.935359967017777,0.9674737386801915,0.0041174669071358085,0.9758294108612415,0.9393748001122492,,,,1.1
43,nftonv2,nf2018v2,mlp,0.01,finetune_x3,271002,,,,,0.9656659404104871,0.9826345569901139,0.0007146016946268758,0.9822926598622377,0.9677933841386483,,,,5.6
43,nftonv2,nf2018v2,mlp,0.01,finetune_x10,271002,,,,,0.9684027712021717,0.9840274336852556,0.0006068442962307596,0.9823963783493774,0.9695963857982907,,,,2.1
43,nftonv2,nfunswv2,mlp,0.001,finetune_x1,251393,,,,,0.35060499591205224,0.6219857255982527,0.0012159507799752653,0.6549501733613092,0.4002411746200536,,,,0.5
43,nftonv2,nfunswv2,mlp,0.001,finetune_x3,251393,,,,,0.6983070720084664,0.8483487759110391,0.008412924413589548,0.8137191565714429,0.6999692529691954,,,,0.5
43,nftonv2,nfunswv2,mlp,0.001,finetune_x10,251393,,,,,0.7606716303006626,0.8803186036815656,0.00948337680963615,0.8427416197484461,0.7856255122639201,,,,0.8
43,nftonv2,nfunswv2,mlp,0.01,finetune_x1,263908,,,,,0.7450505588143097,0.8692446060051563,0.004396129742987497,0.8780242088255299,0.7802318175733011,,,,0.9
43,nftonv2,nfunswv2,mlp,0.01,finetune_x3,263908,,,,,0.8823541795378529,0.9398096333820862,0.00809074942060465,0.9151192918544317,0.8847144253435663,,,,0.8
43,nftonv2,nfunswv2,mlp,0.01,finetune_x10,263908,,,,,0.8742225044313244,0.9369444879327568,0.005955040999366043,0.9209122881576268,0.8880123162893314,,,,1.4
43,nftonv2,nfbotv2,mlp,0.001,finetune_x1,252102,,,,,0.694426390632144,0.8345462741557825,0.47079856972586415,0.8002481762623382,0.7101221851896349,,,,1.1
43,nftonv2,nfbotv2,mlp,0.001,finetune_x3,252102,,,,,0.696117937289161,0.8343111153625199,0.4755661501787843,0.8219162219777219,0.7577494243329539,,,,0.6
43,nftonv2,nfbotv2,mlp,0.001,finetune_x10,252102,,,,,0.7261454975039923,0.8520934078440663,0.432657926102503,0.8345096455620258,0.762535288128995,,,,0.5
43,nftonv2,nfbotv2,mlp,0.01,finetune_x1,271001,,,,,0.8750846593811767,0.9373967645027577,0.1466030989272944,0.9219422275026975,0.8972861035472071,,,,3.5
43,nftonv2,nfbotv2,mlp,0.01,finetune_x3,271001,,,,,0.8911522715234433,0.9454420307814959,0.1299165673420739,0.9295291532392792,0.90515518999693,,,,1.9
43,nftonv2,nfbotv2,mlp,0.01,finetune_x10,271001,,,,,0.9009843676168817,0.9504313837313846,0.11323003575685339,0.930967102916604,0.9067387845867577,,,,1.0
43,nfbotv2,nf2018v2,rf,0.001,finetune_x1,252102,,,,,0.5281131635882271,0.7139717083473393,0.20568051632808157,0.9717509178004444,0.944376396318919,,,,0.9
43,nfbotv2,nf2018v2,rf,0.001,finetune_x3,252102,,,,,0.9608894216717415,0.9803628174795334,0.002438720068964735,0.9775087188584235,0.963756276768182,,,,1.5
43,nfbotv2,nf2018v2,rf,0.001,finetune_x10,252102,,,,,0.9642212665579825,0.9819210333502856,0.0009528022595025011,0.9779985895828547,0.9657998149134857,,,,3.7
43,nfbotv2,nf2018v2,rf,0.01,finetune_x1,271001,,,,,0.5364266920443664,0.7183864973120123,0.20282210954957408,0.9747763092493466,0.9509439377263651,,,,1.4
43,nfbotv2,nf2018v2,rf,0.01,finetune_x3,271001,,,,,0.9723023375786942,0.9860242243842807,0.0006011728542099114,0.9797905803971234,0.9724743675351404,,,,2.3
43,nfbotv2,nf2018v2,rf,0.01,finetune_x10,271001,,,,,0.9733112738930852,0.9864947204910018,0.0001588003765837502,0.9802149630062122,0.9733611032920546,,,,7.0
43,nfbotv2,nfunswv2,rf,0.001,finetune_x1,251392,,,,,0.45276649353471116,0.6707251638686816,0.10608391099656,0.853021669423319,0.8203695621532751,,,,0.9
43,nfbotv2,nfunswv2,rf,0.001,finetune_x3,251392,,,,,0.8853742350969129,0.9397194247943103,0.009956246557404309,0.9343244539478612,0.8916353076627038,,,,1.3
43,nfbotv2,nfunswv2,rf,0.001,finetune_x10,251392,,,,,0.8842423318711106,0.9390912179467726,0.010075763087059998,0.95038595139353,0.9034143574476765,,,,3.4
43,nfbotv2,nfunswv2,rf,0.01,finetune_x1,263907,,,,,0.46994921593733485,0.6792358625391153,0.1028725538084202,0.9260375543959192,0.855299415155483,,,,1.0
43,nfbotv2,nfunswv2,rf,0.01,finetune_x3,263907,,,,,0.9295244636360562,0.9641029762971678,0.004962534166138369,0.9802288490252065,0.9304550225861251,,,,1.4
43,nfbotv2,nfunswv2,rf,0.01,finetune_x10,263907,,,,,0.9333028441506077,0.9660769118100263,0.004645555544008065,0.98568560834127,0.9347504508060307,,,,4.0
43,nfbotv2,nftonv2,rf,0.001,finetune_x1,252100,,,,,-0.011203952012833748,0.4920688754934872,0.7927082953176892,0.7180763438380113,0.6003203051854978,,,,1.2
43,nfbotv2,nftonv2,rf,0.001,finetune_x3,252100,,,,,0.8831830913410879,0.9413815660791467,0.10548885077186965,0.9530109353211299,0.8853169807643047,,,,1.8
43,nfbotv2,nftonv2,rf,0.001,finetune_x10,252100,,,,,0.9367361439912307,0.968356426987639,0.050837560672968136,0.9889387420223533,0.9374798193012486,,,,4.6
43,nfbotv2,nftonv2,rf,0.01,finetune_x1,271000,,,,,-0.0013013227349294647,0.4971736425513699,0.7837122732746981,0.7285560182185566,0.6282463056609509,,,,1.5
43,nfbotv2,nftonv2,rf,0.01,finetune_x3,271000,,,,,0.9119189388432276,0.9559486221082667,0.06866537717601548,0.9697988804116839,0.9158502740698047,,,,2.9
43,nfbotv2,nftonv2,rf,0.01,finetune_x10,271000,,,,,0.965910281514896,0.9828771155433681,0.03751687894602387,0.995010320047834,0.9664747609946508,,,,7.5
43,nfbotv2,nf2018v2,lgbm,0.001,finetune_x1,252102,,,,,0.014943149709727809,0.10789779076225665,0.9981170812490784,0.5002098937861847,0.014943149709727809,,,,0.4
43,nfbotv2,nf2018v2,lgbm,0.001,finetune_x3,252102,,,,,0.014943149709727809,0.10789779076225665,0.9981170812490784,0.5002098937861847,0.014943149709727809,,,,0.4
43,nfbotv2,nf2018v2,lgbm,0.001,finetune_x10,252102,,,,,0.014943149709727809,0.10789779076225665,0.9981170812490784,0.5002098937861847,0.014943149709727809,,,,0.4
43,nfbotv2,nf2018v2,lgbm,0.01,finetune_x1,271001,,,,,0.014943149709727809,0.10789779076225665,0.9981170812490784,0.5002098937861847,0.014943149709727809,,,,0.5
43,nfbotv2,nf2018v2,lgbm,0.01,finetune_x3,271001,,,,,0.014943149709727809,0.10789779076225665,0.9981170812490784,0.5002098937861847,0.014943149709727809,,,,0.5
43,nfbotv2,nf2018v2,lgbm,0.01,finetune_x10,271001,,,,,0.014943149709727809,0.10789779076225665,0.9981170812490784,0.5002098937861847,0.014943149709727809,,,,0.8
43,nfbotv2,nfunswv2,lgbm,0.001,finetune_x1,251392,,,,,-0.05317758996412537,0.03862366817325156,0.9972043524802278,0.4994667533265701,0.0,,,,0.3
43,nfbotv2,nfunswv2,lgbm,0.001,finetune_x3,251392,,,,,-0.05317758996412537,0.03862366817325156,0.9972043524802278,0.4994667533265701,0.0,,,,0.4
43,nfbotv2,nfunswv2,lgbm,0.001,finetune_x10,251392,,,,,-0.05317758996412537,0.03862366817325156,0.9972043524802278,0.4994667533265701,0.0,,,,0.4
43,nfbotv2,nfunswv2,lgbm,0.01,finetune_x1,263907,,,,,-0.05317758996412537,0.03862366817325156,0.9972043524802278,0.4994667533265701,0.0,,,,0.5
43,nfbotv2,nfunswv2,lgbm,0.01,finetune_x3,263907,,,,,-0.05317758996412537,0.03862366817325156,0.9972043524802278,0.4994667533265701,0.0,,,,0.5
43,nfbotv2,nfunswv2,lgbm,0.01,finetune_x10,263907,,,,,-0.05317758996412537,0.03862366817325156,0.9972043524802278,0.4994667533265701,0.0,,,,0.6
43,nfbotv2,nftonv2,lgbm,0.001,finetune_x1,252100,,,,,0.076994070259139,0.4524070653233775,0.9655851976205247,0.506682633257418,0.07714671872307267,,,,0.4
43,nfbotv2,nftonv2,lgbm,0.001,finetune_x3,252100,,,,,0.076994070259139,0.4524070653233775,0.9655851976205247,0.506682633257418,0.07714671872307267,,,,0.4
43,nfbotv2,nftonv2,lgbm,0.001,finetune_x10,252100,,,,,0.076994070259139,0.4524070653233775,0.9655851976205247,0.506682633257418,0.07714671872307267,,,,0.5
43,nfbotv2,nftonv2,lgbm,0.01,finetune_x1,271000,,,,,0.076994070259139,0.4524070653233775,0.9655851976205247,0.506682633257418,0.07714671872307267,,,,0.5
43,nfbotv2,nftonv2,lgbm,0.01,finetune_x3,271000,,,,,0.076994070259139,0.4524070653233775,0.9655851976205247,0.506682633257418,0.07714671872307267,,,,0.6
43,nfbotv2,nftonv2,lgbm,0.01,finetune_x10,271000,,,,,0.076994070259139,0.4524070653233775,0.9655851976205247,0.506682633257418,0.07714671872307267,,,,2.2
43,nfbotv2,nf2018v2,mlp,0.001,finetune_x1,252102,,,,,0.5383882832850813,0.7659113107377431,0.08088610610133733,0.7759892957417489,0.6500595260489448,,,,0.5
43,nfbotv2,nf2018v2,mlp,0.001,finetune_x3,252102,,,,,0.8060053619747859,0.9016816358300135,0.013118045394221935,0.8926955650613552,0.8232086597833885,,,,0.5
43,nfbotv2,nf2018v2,mlp,0.001,finetune_x10,252102,,,,,0.8026124100287412,0.9002799246637906,0.014564263109538232,0.9435553477964473,0.81201103114912,,,,0.6
43,nfbotv2,nf2018v2,mlp,0.01,finetune_x1,271001,,,,,0.9040820928261346,0.9517478855966444,0.0070155737797892494,0.9699469218563789,0.9109397888220457,,,,1.3
43,nfbotv2,nf2018v2,mlp,0.01,finetune_x3,271001,,,,,0.9530507566546075,0.9764036616791361,0.002875421104570048,0.980883121496717,0.9548514374236609,,,,1.1
43,nfbotv2,nf2018v2,mlp,0.01,finetune_x10,271001,,,,,0.9627218058910874,0.9812872267646597,0.002336634112589467,0.9820505225233974,0.9661306603510411,,,,1.2
43,nfbotv2,nfunswv2,mlp,0.001,finetune_x1,251392,,,,,0.31102212506362525,0.6551129310597461,0.022178110807412103,0.569802612041562,0.31864232988370866,,,,0.5
43,nfbotv2,nfunswv2,mlp,0.001,finetune_x3,251392,,,,,0.544138950199524,0.7658243199699153,0.00824144417538791,0.6937896718309944,0.5511060075769845,,,,0.5
43,nfbotv2,nfunswv2,mlp,0.001,finetune_x10,251392,,,,,0.5909352961461903,0.7901543211891191,0.007565915964290539,0.7166682716236543,0.5913758044582037,,,,0.5
43,nfbotv2,nfunswv2,mlp,0.01,finetune_x1,263907,,,,,0.3316107175957242,0.6217466021481146,0.11284958584924289,0.5972553926395937,0.34524626014299803,,,,1.0
43,nfbotv2,nfunswv2,mlp,0.01,finetune_x3,263907,,,,,0.7549638489023721,0.8769860706857876,0.007051475249685619,0.8429305591746703,0.756079119621328,,,,2.2
43,nfbotv2,nfunswv2,mlp,0.01,finetune_x10,263907,,,,,0.5906120443804571,0.7846980378071602,0.034025836355889044,0.8106220032047116,0.604736488001712,,,,1.1
43,nfbotv2,nftonv2,mlp,0.001,finetune_x1,252100,,,,,0.29547285508268406,0.620032435665122,0.7128024524652385,0.7002372994133088,0.34373056954363035,,,,0.6
43,nfbotv2,nftonv2,mlp,0.001,finetune_x3,252100,,,,,0.662719635835831,0.8300784952814628,0.29405861099959857,0.8454199910846061,0.6643347081958574,,,,0.5
43,nfbotv2,nftonv2,mlp,0.001,finetune_x10,252100,,,,,0.753628392028251,0.8739120527934781,0.2539688332542608,0.896515699543858,0.7644306411789581,,,,0.5
43,nfbotv2,nftonv2,mlp,0.01,finetune_x1,271000,,,,,0.8317410295216999,0.9135034990807092,0.1909601839348929,0.9461504872383195,0.8334047474732739,,,,1.2
43,nfbotv2,nftonv2,mlp,0.01,finetune_x3,271000,,,,,0.8984865327438731,0.9484802903995782,0.11322579467902631,0.97342415567116,0.905224037890111,,,,1.1
43,nfbotv2,nftonv2,mlp,0.01,finetune_x10,271000,,,,,0.9087762805893904,0.9539497435065942,0.09623736359986862,0.9784993291352583,0.9146869165712151,,,,1.2
44,any,nf2018v2,rf,0.001,buffer_only_rep,2102,,,,,0.961503658455747,0.9805533983273569,0.0011910028243781263,0.981666331717815,0.9639989286485168,,,,1.6
44,any,nf2018v2,lgbm,0.001,buffer_only_rep,2102,,,,,0.9613612588863598,0.9805063825585021,0.001412189063191207,0.9807291509707791,0.9639540420400963,,,,1.0
44,any,nf2018v2,mlp,0.001,buffer_only_rep,2102,,,,,0.919287252865938,0.9595218871799047,0.006766030330871927,0.9681494121825545,0.9379934673020904,,,,1.2
44,any,nf2018v2,rf,0.01,buffer_only_rep,21001,,,,,0.9729662026473438,0.9863314624557534,0.00028357210104241104,0.9839470079832784,0.9733905604301601,,,,2.7
44,any,nf2018v2,lgbm,0.01,buffer_only_rep,21001,,,,,0.9730876176358819,0.9863942687116047,0.00028924354306325925,0.9855464693440896,0.9732376414570562,,,,3.4
44,any,nf2018v2,mlp,0.01,buffer_only_rep,21001,,,,,0.9579442360917306,0.9786933624570495,0.000998173795669287,0.9808012611446939,0.9596915165584253,,,,2.9
44,any,nfunswv2,rf,0.001,buffer_only_rep,1392,,,,,0.9073692663287003,0.953100444338697,0.005721204310909261,0.9708220970737703,0.912634605174038,,,,1.3
44,any,nfunswv2,lgbm,0.001,buffer_only_rep,1392,,,,,0.8870108199392052,0.9434785364440642,0.004733893848536183,0.9583648275078033,0.9096486970924301,,,,0.6
44,any,nfunswv2,mlp,0.001,buffer_only_rep,1392,,,,,0.8317739287007543,0.9158373176937287,0.00570041882749088,0.9147866896711421,0.8764465934289091,,,,1.4
44,any,nfunswv2,rf,0.01,buffer_only_rep,13907,,,,,0.9390994878920597,0.9694574704437844,0.0031126261419024952,0.9873018337944275,0.9419671382543032,,,,1.6
44,any,nfunswv2,lgbm,0.01,buffer_only_rep,13907,,,,,0.9367309827229563,0.9683107443340324,0.0030138950956651875,0.9851688723626164,0.9409937710968954,,,,2.4
44,any,nfunswv2,mlp,0.01,buffer_only_rep,13907,,,,,0.8485266286092937,0.9242538728578409,0.00601220107876659,0.9432057621560004,0.8897885779225084,,,,1.8
44,any,nftonv2,rf,0.001,buffer_only_rep,2100,,,,,0.9373076219232933,0.9686445628613486,0.04988869019378855,0.9936370379712259,0.9377535105699103,,,,1.6
44,any,nftonv2,lgbm,0.001,buffer_only_rep,2100,,,,,0.9393959920246617,0.9696422758287611,0.05474252764497646,0.9929979433441702,0.9400313952071118,,,,1.3
44,any,nftonv2,mlp,0.001,buffer_only_rep,2100,,,,,0.9139482387511625,0.9569591068471179,0.06802671435349075,0.977324259748765,0.9165450329032984,,,,2.5
44,any,nftonv2,rf,0.01,buffer_only_rep,21000,,,,,0.9672013788462519,0.9835771758735934,0.030820043064121748,0.9966581195605696,0.9672245574725834,,,,2.8
44,any,nftonv2,lgbm,0.01,buffer_only_rep,21000,,,,,0.9697498433514596,0.9848495063641483,0.029250757271632424,0.997180207611281,0.9701213901367738,,,,1.9
44,any,nftonv2,mlp,0.01,buffer_only_rep,21000,,,,,0.9309965899380647,0.9653437396438,0.06797197182584577,0.9903966765480485,0.9332530160688894,,,,4.4
44,any,nfbotv2,rf,0.001,buffer_only_rep,2101,,,,,0.8318812760914426,0.9142248860319839,0.2395709177592372,0.9373219781320197,0.8802071657882754,,,,1.3
44,any,nfbotv2,lgbm,0.001,buffer_only_rep,2101,,,,,0.8125096623919034,0.9015616311028458,0.30154946364719903,0.8832367229226485,0.8563200200340603,,,,0.5
44,any,nfbotv2,mlp,0.001,buffer_only_rep,2101,,,,,0.6649505975238665,0.8143290142243789,0.5244338498212158,0.8031461698115925,0.6924719988661195,,,,1.1
44,any,nfbotv2,rf,0.01,buffer_only_rep,21000,,,,,0.9182785358055449,0.95902791189257,0.10131108462455304,0.9787268140728927,0.924902644306838,,,,1.7
44,any,nfbotv2,lgbm,0.01,buffer_only_rep,21000,,,,,0.43973354553562133,0.7197855565566735,0.5697258641239571,0.6023921174771505,0.5642172658987458,,,,0.7
44,any,nfbotv2,mlp,0.01,buffer_only_rep,21000,,,,,0.6991905910108744,0.8355887799788183,0.47437425506555425,0.8071396556349477,0.7034293590266357,,,,1.4
44,nf2018v2,nfunswv2,rf,0.001,finetune_x1,251391,,,,,0.11446151288691819,0.5043246281586727,1.558911256378545e-05,0.741061812476707,0.5538648037098184,,,,1.3
44,nf2018v2,nfunswv2,rf,0.001,finetune_x3,251391,,,,,0.7150295662452628,0.8446794906559429,0.001449787468432047,0.961217925235339,0.9158537992614489,,,,1.9
44,nf2018v2,nfunswv2,rf,0.001,finetune_x10,251391,,,,,0.9003914457981235,0.9501386894723449,0.004432504338969663,0.9658516126978859,0.9148016970285205,,,,4.0
44,nf2018v2,nfunswv2,rf,0.01,finetune_x1,263906,,,,,0.1285988776032578,0.5079444944855442,2.0785483418380604e-05,0.7604926911509464,0.5962414732968094,,,,1.4
44,nf2018v2,nfunswv2,rf,0.01,finetune_x3,263906,,,,,0.8120646464795791,0.9000823262540569,0.0009925068332276737,0.9724332726826305,0.9419856376943222,,,,2.0
44,nf2018v2,nfunswv2,rf,0.01,finetune_x10,263906,,,,,0.9276349239440734,0.9638173913433716,0.0027125055860986688,0.9806698804438985,0.9431732094426429,,,,4.9
44,nf2018v2,nftonv2,rf,0.001,finetune_x1,252099,,,,,0.06726609305938308,0.3924065675652612,0.16787708477792782,0.8425329055388329,0.8167978587004989,,,,1.5
44,nf2018v2,nftonv2,rf,0.001,finetune_x3,252099,,,,,0.7620462793863577,0.8809938599150089,0.16517645341410897,0.9300831541358541,0.8353587867606732,,,,2.2
44,nf2018v2,nftonv2,rf,0.001,finetune_x10,252099,,,,,0.9375188672828497,0.9687594098853427,0.0455822780190504,0.9901052740672469,0.9404864269084804,,,,4.8
44,nf2018v2,nftonv2,rf,0.01,finetune_x1,270999,,,,,0.0712817151586716,0.39400966957540107,0.16541367103390386,0.8502641983934833,0.8430436145046939,,,,2.1
44,nf2018v2,nftonv2,rf,0.01,finetune_x3,270999,,,,,0.7927423631239512,0.8963691127617035,0.14844348746396116,0.9461896344857355,0.8595512145637393,,,,2.7
44,nf2018v2,nftonv2,rf,0.01,finetune_x10,270999,,,,,0.9667956443369822,0.9833939934021299,0.02693332360132842,0.9941926816202438,0.9671903521577521,,,,6.7
44,nf2018v2,nfbotv2,rf,0.001,finetune_x1,252100,,,,,0.0073451803157955214,0.059926463722281345,0.03218116805721097,0.7555402350872202,0.5873223710091807,,,,1.0
44,nf2018v2,nfbotv2,rf,0.001,finetune_x3,252100,,,,,0.8655929776715736,0.9325605071363031,0.10488676996424315,0.9331119965429798,0.8756101683246071,,,,1.6
44,nf2018v2,nfbotv2,rf,0.001,finetune_x10,252100,,,,,0.8491444188430091,0.9235369122892513,0.20738974970202623,0.9439734831391895,0.8851689516720308,,,,3.6
44,nf2018v2,nfbotv2,rf,0.01,finetune_x1,270999,,,,,0.012999081911163916,0.060429867026218796,0.011918951132300357,0.8701972477081226,0.740831354768251,,,,1.1
44,nf2018v2,nfbotv2,rf,0.01,finetune_x3,270999,,,,,0.8791771568172183,0.9378244306889905,0.03814064362336114,0.9661827166834367,0.9268868774435128,,,,1.7
44,nf2018v2,nfbotv2,rf,0.01,finetune_x10,270999,,,,,0.9193120664239329,0.9596401525497773,0.07270560190703218,0.9765403426072436,0.9245308725206941,,,,4.3
44,nf2018v2,nfunswv2,lgbm,0.001,finetune_x1,251391,,,,,0.8428544650423054,0.921339122278013,0.005082050695794057,0.9228240418203426,0.8845163505843567,,,,0.9
44,nf2018v2,nfunswv2,lgbm,0.001,finetune_x3,251391,,,,,0.8522328027160082,0.9260866409361268,0.005087247066648652,0.926046205494517,0.8930690430794271,,,,1.1
44,nf2018v2,nfunswv2,lgbm,0.001,finetune_x10,251391,,,,,0.8517709138671822,0.925850901475421,0.005066461583230272,0.9250430861166337,0.8924362031048589,,,,1.7
44,nf2018v2,nfunswv2,lgbm,0.01,finetune_x1,263906,,,,,0.25878028052808466,0.6290793104069522,0.032269463007035884,0.5531080126679419,0.31820729327390773,,,,1.1
44,nf2018v2,nfunswv2,lgbm,0.01,finetune_x3,263906,,,,,0.35169456595045523,0.6742375460552437,0.017698839130751085,0.5876428167506593,0.4088376999785642,,,,0.9
44,nf2018v2,nfunswv2,lgbm,0.01,finetune_x10,263906,,,,,0.35169456595045523,0.6742375460552437,0.017698839130751085,0.5876428167506593,0.4088376999785642,,,,1.1
44,nf2018v2,nftonv2,lgbm,0.001,finetune_x1,252099,,,,,0.8160392946140798,0.9079934409207813,0.1263275062953907,0.9048952847789468,0.818015196061311,,,,2.5
44,nf2018v2,nftonv2,lgbm,0.001,finetune_x3,252099,,,,,0.8040054150733312,0.9020003419373179,0.14012262326192473,0.9053163098911308,0.8152560493365674,,,,2.0
44,nf2018v2,nftonv2,lgbm,0.001,finetune_x10,252099,,,,,0.06525052303780793,0.4850897821533338,0.9120287580745229,0.508613437847206,0.09562467610449583,,,,2.7
44,nf2018v2,nftonv2,lgbm,0.01,finetune_x1,270999,,,,,0.9263069715467871,0.9631533673700619,0.05399437976716178,0.9442250252718369,0.9268571120640501,,,,1.1
44,nf2018v2,nftonv2,lgbm,0.01,finetune_x3,270999,,,,,0.8216323716573047,0.9106848572323354,0.14568811357249736,0.8668270879120001,0.8228297484154747,,,,1.9
44,nf2018v2,nftonv2,lgbm,0.01,finetune_x10,270999,,,,,0.3665835353811743,0.6591815527789424,0.2525090325170614,0.6165966976150115,0.36675430340725923,,,,2.0
44,nf2018v2,nfbotv2,lgbm,0.001,finetune_x1,252100,,,,,0.8304588328649727,0.9137488955643353,0.2359952324195471,0.8736939410357629,0.8449754219288876,,,,2.0
44,nf2018v2,nfbotv2,lgbm,0.001,finetune_x3,252100,,,,,0.8408503053052214,0.9185800591201962,0.23361144219308702,0.8755102554006452,0.8478758460135393,,,,1.0
44,nf2018v2,nfbotv2,lgbm,0.001,finetune_x10,252100,,,,,0.8408503053052214,0.9185800591201962,0.23361144219308702,0.8755102554006452,0.8478758460135393,,,,1.0
44,nf2018v2,nfbotv2,lgbm,0.01,finetune_x1,270999,,,,,0.8701690264997182,0.9347611876734483,0.16209773539928488,0.9222012890504879,0.8766529584709573,,,,1.1
44,nf2018v2,nfbotv2,lgbm,0.01,finetune_x3,270999,,,,,0.8751432650647469,0.9372464757620789,0.1573301549463647,0.9264971695265595,0.8824521742078124,,,,1.4
44,nf2018v2,nfbotv2,lgbm,0.01,finetune_x10,270999,,,,,0.8752550597999884,0.9373237303607556,0.15613825983313467,0.9297837876805136,0.8797627542253051,,,,2.2
44,nf2018v2,nfunswv2,mlp,0.001,finetune_x1,251391,,,,,0.29068387939034074,0.6140530638185258,0.004261024100768024,0.5586593360779284,0.295794652203029,,,,0.5
44,nf2018v2,nfunswv2,mlp,0.001,finetune_x3,251391,,,,,0.5472173799011747,0.7597458181207856,0.005066461583230272,0.7849511088096407,0.6356957729598753,,,,0.5
44,nf2018v2,nfunswv2,mlp,0.001,finetune_x10,251391,,,,,0.6814824176687305,0.8369924958090209,0.005996611966202804,0.8288364533968957,0.7560296511305679,,,,0.5
44,nf2018v2,nfunswv2,mlp,0.01,finetune_x1,263906,,,,,0.7324864310058086,0.8639776104904449,0.005565313185271406,0.9013517514368425,0.8349477402591545,,,,0.9
44,nf2018v2,nfunswv2,mlp,0.01,finetune_x3,263906,,,,,0.812134544051328,0.9054788128175832,0.004884588603319442,0.9278874596994922,0.8648164834613398,,,,0.9
44,nf2018v2,nfunswv2,mlp,0.01,finetune_x10,263906,,,,,0.8595140056369547,0.9296351215933616,0.0043285769218777605,0.9434415715676947,0.8867219689993815,,,,0.9
44,nf2018v2,nftonv2,mlp,0.001,finetune_x1,252099,,,,,0.2256550973365356,0.5983691074447465,0.40159118280354733,0.6760548165806386,0.37865591229626516,,,,1.0
44,nf2018v2,nftonv2,mlp,0.001,finetune_x3,252099,,,,,0.5877125830412329,0.7930869369665072,0.2614503120324076,0.8018288491670926,0.5926073674201427,,,,0.7
44,nf2018v2,nftonv2,mlp,0.001,finetune_x10,252099,,,,,0.6579148070551076,0.8288807799332409,0.2362869968249334,0.8712334066947003,0.6588037364643665,,,,0.7
44,nf2018v2,nftonv2,mlp,0.01,finetune_x1,270999,,,,,0.6713407717728789,0.8355620053107228,0.25296522024743623,0.8864614562606923,0.6741767085616035,,,,1.2
44,nf2018v2,nftonv2,mlp,0.01,finetune_x3,270999,,,,,0.7611037659910783,0.8799257388961381,0.20844129776285536,0.9411690233992365,0.7631475280533656,,,,1.2
44,nf2018v2,nftonv2,mlp,0.01,finetune_x10,270999,,,,,0.78982270183689,0.8937909747282688,0.10559833582715959,0.9378668742479724,0.7985715365279985,,,,1.2
44,nf2018v2,nfbotv2,mlp,0.001,finetune_x1,252100,,,,,0.28292800562124343,0.5872330038988453,0.901072705601907,0.5657738540123265,0.28756837611793495,,,,0.5
44,nf2018v2,nfbotv2,mlp,0.001,finetune_x3,252100,,,,,0.6046641937199703,0.7822692707918721,0.5828367103694875,0.7969827384553038,0.6580793377525956,,,,0.9
44,nf2018v2,nfbotv2,mlp,0.001,finetune_x10,252100,,,,,0.5545672464625409,0.7488390493623389,0.6531585220500596,0.7727381853393692,0.6427302561368463,,,,0.5
44,nf2018v2,nfbotv2,mlp,0.01,finetune_x1,270999,,,,,0.762535288128995,0.873934418845483,0.3730631704410012,0.9037835324293746,0.8052199302084379,,,,4.0
44,nf2018v2,nfbotv2,mlp,0.01,finetune_x3,270999,,,,,0.8800038260079024,0.9389710024376627,0.17759237187127533,0.9478460080072153,0.8964984686169649,,,,5.4
44,nf2018v2,nfbotv2,mlp,0.01,finetune_x10,270999,,,,,0.8708086526341016,0.9338525364478361,0.19904648390941598,0.9498281661824923,0.9066493963273908,,,,1.1
44,nfunswv2,nf2018v2,rf,0.001,finetune_x1,252104,,,,,0.6903142119218256,0.8344343798209514,0.0810959494561087,0.7768644800905901,0.6911904534287335,,,,1.2
44,nfunswv2,nf2018v2,rf,0.001,finetune_x3,252104,,,,,0.963087170982854,0.9812497517567917,0.00031192931114665213,0.9771666349431457,0.9646428065948112,,,,1.7
44,nfunswv2,nf2018v2,rf,0.001,finetune_x10,252104,,,,,0.9641499616838136,0.9818539487416589,0.0007089302526060277,0.9790798629818688,0.9642482330910854,,,,4.3
44,nfunswv2,nf2018v2,rf,0.01,finetune_x1,271003,,,,,0.693692883329983,0.8354893768308402,0.08214516622996564,0.7815451936442451,0.69431330490198,,,,1.8
44,nfunswv2,nf2018v2,rf,0.01,finetune_x3,271003,,,,,0.9710372131856264,0.9853687142783099,0.0005217726659180363,0.9807088385980023,0.9717279974517806,,,,2.6
44,nfunswv2,nf2018v2,rf,0.01,finetune_x10,271003,,,,,0.9734340256322701,0.9865545134062227,0.00013044316647950908,0.9818832789013265,0.9734590843868173,,,,7.2
44,nfunswv2,nftonv2,rf,0.001,finetune_x1,252102,,,,,0.33931186357509957,0.5454628118547991,0.0435020619685413,0.9183364489011702,0.8521775561572416,,,,1.3
44,nfunswv2,nftonv2,rf,0.001,finetune_x3,252102,,,,,0.8918236318411205,0.9445976387111643,0.02693332360132842,0.9857279698710613,0.9104203930497742,,,,1.9
44,nfunswv2,nftonv2,rf,0.001,finetune_x10,252102,,,,,0.9357828215198529,0.9678757324638719,0.0409291631692274,0.9926082642464764,0.9391718474759407,,,,4.6
44,nfunswv2,nftonv2,rf,0.01,finetune_x1,271002,,,,,0.34836276371314784,0.5508486997598805,0.039013174701653226,0.9312449845827429,0.8839492790344315,,,,1.5
44,nfunswv2,nftonv2,rf,0.01,finetune_x3,271002,,,,,0.9361630345409626,0.9675942931616918,0.014670997408853692,0.9923396941979481,0.9521990579271273,,,,2.7
44,nfunswv2,nftonv2,rf,0.01,finetune_x10,271002,,,,,0.9656775890104217,0.9828387935384424,0.024962592606109266,0.9960157892766037,0.9666188265867267,,,,6.7
44,nfunswv2,nfbotv2,rf,0.001,finetune_x1,252103,,,,,0.051033104290488435,0.3405096085154775,0.10488676996424315,0.8230112305927604,0.717721740875598,,,,1.0
44,nfunswv2,nfbotv2,rf,0.001,finetune_x3,252103,,,,,0.8573578679232071,0.9280157493963032,0.18831942789034564,0.9038452540983044,0.8587385124844858,,,,1.4
44,nfunswv2,nfbotv2,rf,0.001,finetune_x10,252103,,,,,0.8460120216569447,0.9217604880576891,0.21573301549463647,0.9269351469463154,0.880551868123675,,,,3.8
44,nfunswv2,nfbotv2,rf,0.01,finetune_x1,271002,,,,,0.05548441830325654,0.3413043410542278,0.07151370679380215,0.8871493349219838,0.8349860858719839,,,,1.1
44,nfunswv2,nfbotv2,rf,0.01,finetune_x3,271002,,,,,0.9076385961806867,0.9537618541849884,0.07747318235995232,0.9508478185577597,0.9089269301578946,,,,1.6
44,nfunswv2,nfbotv2,rf,0.01,finetune_x10,271002,,,,,0.9068600782454294,0.9534260236891259,0.09654350417163289,0.9722763193896289,0.9190529507222484,,,,4.2
44,nfunswv2,nf2018v2,lgbm,0.001,finetune_x1,252104,,,,,0.7994900508477002,0.895758857773573,0.045587050963578,0.9133500552923813,0.8668101799202242,,,,1.3
44,nfunswv2,nf2018v2,lgbm,0.001,finetune_x3,252104,,,,,0.7812678229754394,0.8854202598245435,0.05194473746894886,0.8924772604101372,0.843609395103646,,,,1.9
44,nfunswv2,nf2018v2,lgbm,0.001,finetune_x10,252104,,,,,0.8024410107415479,0.8980998290019102,0.04232597180159027,0.881919188116475,0.8303716168076106,,,,5.0
44,nfunswv2,nf2018v2,lgbm,0.01,finetune_x1,271003,,,,,0.9052542055780993,0.9525266507779928,0.01392906160320323,0.930427537619912,0.9092711566426722,,,,1.2
44,nfunswv2,nf2018v2,lgbm,0.01,finetune_x3,271003,,,,,0.7134692718227788,0.8508603025361192,0.01287417338732546,0.7736539800227642,0.7136988344994599,,,,2.1
44,nfunswv2,nf2018v2,lgbm,0.01,finetune_x10,271003,,,,,0.7134692718227788,0.8508603025361192,0.01287417338732546,0.7736539800227642,0.7136988344994599,,,,2.6
44,nfunswv2,nftonv2,lgbm,0.001,finetune_x1,252102,,,,,0.5542980913553058,0.7650575372714762,0.4692711944819532,0.6969533656876663,0.5560822106762062,,,,0.9
44,nfunswv2,nftonv2,lgbm,0.001,finetune_x3,252102,,,,,0.5542980913553058,0.7650575372714762,0.4692711944819532,0.6969533656876663,0.5560822106762062,,,,0.8
44,nfunswv2,nftonv2,lgbm,0.001,finetune_x10,252102,,,,,0.5542980913553058,0.7650575372714762,0.4692711944819532,0.6969533656876663,0.5560822106762062,,,,0.9
44,nfunswv2,nftonv2,lgbm,0.01,finetune_x1,271002,,,,,0.8976486964889739,0.9487936931052168,0.08222327652275464,0.9079798126317566,0.8978262384137738,,,,1.2
44,nfunswv2,nftonv2,lgbm,0.01,finetune_x3,271002,,,,,0.8324765446762877,0.9162376339340519,0.12275099448925221,0.8747317712164087,0.8343221539275656,,,,1.8
44,nfunswv2,nftonv2,lgbm,0.01,finetune_x10,271002,,,,,0.8324765446762877,0.9162376339340519,0.12275099448925221,0.8747317712164087,0.8343221539275656,,,,1.6
44,nfunswv2,nfbotv2,lgbm,0.001,finetune_x1,252103,,,,,0.824304235583114,0.9090245276671391,0.27056019070321813,0.9083174025544738,0.8533709977282892,,,,1.0
44,nfunswv2,nfbotv2,lgbm,0.001,finetune_x3,252103,,,,,0.8332143392867162,0.9135614679377473,0.26102502979737785,0.9135546089308407,0.8687053358957085,,,,2.2
44,nfunswv2,nfbotv2,lgbm,0.001,finetune_x10,252103,,,,,0.8332143392867162,0.9135614679377473,0.26102502979737785,0.9135629720416649,0.8702767880989248,,,,1.3
44,nfunswv2,nfbotv2,lgbm,0.01,finetune_x1,271002,,,,,0.8771825405539667,0.9383992838300739,0.14779499404052443,0.9554093030730806,0.8960983151075219,,,,1.2
44,nfunswv2,nfbotv2,lgbm,0.01,finetune_x3,271002,,,,,0.8856648469543111,0.9424922707474773,0.14779499404052443,0.9632292319898035,0.9011082662761485,,,,1.5
44,nfunswv2,nfbotv2,lgbm,0.01,finetune_x10,271002,,,,,0.8828809595130114,0.9410306640874353,0.1537544696066746,0.9654251149705146,0.9009749587418604,,,,2.3
44,nfunswv2,nf2018v2,mlp,0.001,finetune_x1,252104,,,,,0.32084956679041543,0.6420750144338468,0.17629677521806694,0.7674236169569375,0.51991693576753,,,,0.5
44,nfunswv2,nf2018v2,mlp,0.001,finetune_x3,252104,,,,,0.790998340186137,0.894585605578002,0.03450505325484057,0.9231556848474908,0.8531279351165237,,,,0.5
44,nfunswv2,nf2018v2,mlp,0.001,finetune_x10,252104,,,,,0.8572392904975132,0.9285763953072701,0.015097378659497965,0.9496734563570481,0.8902842457839766,,,,0.5
44,nfunswv2,nf2018v2,mlp,0.01,finetune_x1,271003,,,,,0.892724867575112,0.9457183825132791,0.00631231496920407,0.9562273084562434,0.9062780586246569,,,,1.1
44,nfunswv2,nf2018v2,mlp,0.01,finetune_x3,271003,,,,,0.9483862940174107,0.9739307661110955,0.0022005195040891096,0.9801365514207927,0.9515537761111807,,,,1.1
44,nfunswv2,nf2018v2,mlp,0.01,finetune_x10,271003,,,,,0.9606442832153946,0.980084933214814,0.0009868309116275904,0.9815849547590652,0.9610125901933425,,,,1.1
44,nfunswv2,nftonv2,mlp,0.001,finetune_x1,252102,,,,,0.1358597771872477,0.5529946690155276,0.7721798474508229,0.5125820343560434,0.14130941534562574,,,,0.6
44,nfunswv2,nftonv2,mlp,0.001,finetune_x3,252102,,,,,0.2427846859479004,0.593148072962011,0.7494616984781577,0.7078769416080652,0.43634368015466085,,,,0.5
44,nfunswv2,nftonv2,mlp,0.001,finetune_x10,252102,,,,,0.5513512686539319,0.7748354434123483,0.3648224517353381,0.7802234109460858,0.5527991579352604,,,,0.7
44,nfunswv2,nftonv2,mlp,0.01,finetune_x1,271002,,,,,0.6295298209380846,0.8140697895883573,0.30502536403780883,0.8217144901496642,0.630558371731152,,,,2.2
44,nfunswv2,nftonv2,mlp,0.01,finetune_x3,271002,,,,,0.7507545419291228,0.8753737168598443,0.1783146600489033,0.9410079992714728,0.756090237790999,,,,1.1
44,nfunswv2,nftonv2,mlp,0.01,finetune_x10,271002,,,,,0.7967433299783495,0.8983395277089486,0.1555417685485931,0.9613624537606859,0.7995828073931495,,,,1.1
44,nfunswv2,nfbotv2,mlp,0.001,finetune_x1,252103,,,,,0.5038985368562195,0.7308592443998663,0.6686531585220501,0.6944641508742486,0.5360973356698953,,,,0.5
44,nfunswv2,nfbotv2,mlp,0.001,finetune_x3,252103,,,,,0.5406178092357988,0.7403617401574609,0.6686531585220501,0.7507847018524931,0.5805717541651614,,,,0.5
44,nfunswv2,nfbotv2,mlp,0.001,finetune_x10,252103,,,,,0.6340283122580518,0.8128186169422853,0.4600715137067938,0.8019858771482754,0.6503103888996777,,,,0.8
44,nfunswv2,nfbotv2,mlp,0.01,finetune_x1,271002,,,,,0.5533299709675468,0.7437915141108284,0.6674612634088201,0.7723692277189642,0.6554205782076263,,,,1.0
44,nfunswv2,nfbotv2,mlp,0.01,finetune_x3,271002,,,,,0.7810960968234019,0.8846326962521138,0.3432657926102503,0.903179052361266,0.815247150393352,,,,2.0
44,nfunswv2,nfbotv2,mlp,0.01,finetune_x10,271002,,,,,0.8437248128084958,0.9218384061628853,0.1466030989272944,0.934374903100404,0.8471936271993549,,,,1.6
44,nftonv2,nf2018v2,rf,0.001,finetune_x1,252103,,,,,0.31004661794618416,0.6539644181401065,0.06544276947856761,0.7881815750743859,0.6816319110334039,,,,1.5
44,nftonv2,nf2018v2,rf,0.001,finetune_x3,252103,,,,,0.9362525696743097,0.9680576204817501,0.005478612992139381,0.9793156828758456,0.9573089968966937,,,,2.4
44,nftonv2,nf2018v2,rf,0.001,finetune_x10,252103,,,,,0.9626801390247788,0.9811073954686835,0.0007883304408979027,0.9828851148248795,0.964244654939505,,,,4.5
44,nftonv2,nf2018v2,rf,0.01,finetune_x1,271002,,,,,0.31437030406894056,0.6562132967372042,0.06565828427535986,0.7902267766154819,0.6850960346274064,,,,1.8
44,nftonv2,nf2018v2,rf,0.01,finetune_x3,271002,,,,,0.9384869179368078,0.9692391156120337,0.007815247104728848,0.9818598930146838,0.963073242028022,,,,2.7
44,nftonv2,nf2018v2,rf,0.01,finetune_x10,271002,,,,,0.9725295704828344,0.9861039709934539,0.00024954344891732174,0.984194404173959,0.9729499206512779,,,,7.8
44,nftonv2,nfunswv2,rf,0.001,finetune_x1,251393,,,,,0.1784832303411825,0.587741188662535,0.043176645430831107,0.6603211659223529,0.41253323582746787,,,,1.3
44,nftonv2,nfunswv2,rf,0.001,finetune_x3,251393,,,,,0.8534478380680575,0.9265253157711016,0.004287005955040999,0.9571011664494135,0.9118131483921312,,,,1.8
44,nftonv2,nfunswv2,rf,0.001,finetune_x10,251393,,,,,0.9108943970197908,0.9548867851482006,0.00552893858928924,0.9709122259404921,0.9158437329004053,,,,4.1
44,nftonv2,nfunswv2,rf,0.01,finetune_x1,263908,,,,,0.18917358838414852,0.5929862228060345,0.042890845033828374,0.6790482098009217,0.4310996424081895,,,,1.4
44,nftonv2,nfunswv2,rf,0.01,finetune_x3,263908,,,,,0.8926963634511559,0.9457080683213153,0.0019902100373099425,0.9706647865891258,0.9353606082664749,,,,1.9
44,nftonv2,nfunswv2,rf,0.01,finetune_x10,263908,,,,,0.9340034175515105,0.9669806457131518,0.0028787894534457134,0.9823188086798211,0.943478556092528,,,,4.5
44,nftonv2,nfbotv2,rf,0.001,finetune_x1,252102,,,,,0.01412605529209105,0.10226691726885064,0.04052443384982122,0.7311867273256342,0.5999654776108369,,,,1.0
44,nftonv2,nfbotv2,rf,0.001,finetune_x3,252102,,,,,0.8531856627074389,0.9262841032774456,0.11323003575685339,0.9156521426634217,0.8868342881960581,,,,1.7
44,nftonv2,nfbotv2,rf,0.001,finetune_x10,252102,,,,,0.8550764174167393,0.9265561493820843,0.20023837902264602,0.9264166703769029,0.8844494682899597,,,,3.8
44,nftonv2,nfbotv2,rf,0.01,finetune_x1,271001,,,,,0.01438347322223368,0.10232225146621264,0.03933253873659118,0.8674856164265384,0.8220492015723587,,,,1.3
44,nftonv2,nfbotv2,rf,0.01,finetune_x3,271001,,,,,0.9164463188773522,0.9579108463973693,0.04886769964243146,0.9630377333783973,0.9288258910761282,,,,1.9
44,nftonv2,nfbotv2,rf,0.01,finetune_x10,271001,,,,,0.9139248495202507,0.956962097954265,0.08462455303933254,0.9736447319933352,0.9259268303732677,,,,4.6
44,nftonv2,nf2018v2,lgbm,0.001,finetune_x1,252103,,,,,0.9415183989830634,0.9705592158253143,0.003465251074738263,0.9674039569767332,0.9434641504181177,,,,1.2
44,nftonv2,nf2018v2,lgbm,0.001,finetune_x3,252103,,,,,0.9444539354960889,0.9719966570355021,0.002886763988611744,0.9703102383437751,0.9447454466382809,,,,1.5
44,nftonv2,nf2018v2,lgbm,0.001,finetune_x10,252103,,,,,0.9443975336248646,0.9719594356095839,0.002824378126382414,0.9704641846384385,0.944807408928651,,,,2.4
44,nftonv2,nf2018v2,lgbm,0.01,finetune_x1,271002,,,,,0.9656979745155877,0.9827654440158587,0.0018602329828382165,0.9846040281670513,0.9686938672212358,,,,1.4
44,nftonv2,nf2018v2,lgbm,0.01,finetune_x3,271002,,,,,0.9688235960516267,0.9843114631801594,0.0012930887807533944,0.9850130917997297,0.9710896739956133,,,,4.4
44,nftonv2,nf2018v2,lgbm,0.01,finetune_x10,271002,,,,,0.9713516431497548,0.985552538081922,0.0007486303467519652,0.984638858550245,0.9724842968149814,,,,6.1
44,nftonv2,nfunswv2,lgbm,0.001,finetune_x1,251393,,,,,0.8748966841373123,0.9374163329182845,0.0052431381922865075,0.929637805127655,0.8938112755693063,,,,1.1
44,nftonv2,nfunswv2,lgbm,0.001,finetune_x3,251393,,,,,0.87724300193014,0.9386113642056708,0.004926159570156203,0.9348647650402242,0.8961915058729706,,,,1.4
44,nftonv2,nfunswv2,lgbm,0.001,finetune_x10,251393,,,,,0.8770400736880077,0.9385166594791072,0.00481183941135511,0.9341847694642846,0.8955237417185241,,,,3.2
44,nftonv2,nfunswv2,lgbm,0.01,finetune_x1,263908,,,,,0.829254449151304,0.9135929229548942,0.009810748173475645,0.8147775102099886,0.8305866067066494,,,,1.1
44,nftonv2,nfunswv2,lgbm,0.01,finetune_x3,263908,,,,,0.7931255889158189,0.8956882444804304,0.005087247066648652,0.8445634137960791,0.8054868681785605,,,,1.5
44,nftonv2,nfunswv2,lgbm,0.01,finetune_x10,263908,,,,,0.7931255889158189,0.8956882444804304,0.005087247066648652,0.8445634137960791,0.8054868681785605,,,,1.5
44,nftonv2,nfbotv2,lgbm,0.001,finetune_x1,252102,,,,,0.09975423880569113,0.5498746147039989,0.8974970202622169,0.5069996911395376,0.16172415577991514,,,,0.9
44,nftonv2,nfbotv2,lgbm,0.001,finetune_x3,252102,,,,,0.49010618048603694,0.7420448345190084,0.42431466030989273,0.6376059633628548,0.6333597640065916,,,,1.1
44,nftonv2,nfbotv2,lgbm,0.001,finetune_x10,252102,,,,,0.49010618048603694,0.7420448345190084,0.42431466030989273,0.6376059633628548,0.6333597640065916,,,,1.1
44,nftonv2,nfbotv2,lgbm,0.01,finetune_x1,271001,,,,,0.6583775332809212,0.8275224348036959,0.27056019070321813,0.707499813068066,0.675072918900492,,,,1.2
44,nftonv2,nfbotv2,lgbm,0.01,finetune_x3,271001,,,,,0.717076790897102,0.858469851311781,0.29558998808104886,0.7602924130199311,0.7511717744920701,,,,3.3
44,nftonv2,nfbotv2,lgbm,0.01,finetune_x10,271001,,,,,0.717076790897102,0.858469851311781,0.29558998808104886,0.7602924130199311,0.7511717744920701,,,,1.5
44,nftonv2,nf2018v2,mlp,0.001,finetune_x1,252103,,,,,0.31333654333262245,0.6500728653900539,0.045065278297659966,0.6105910482883091,0.45181536036459413,,,,0.6
44,nftonv2,nf2018v2,mlp,0.001,finetune_x3,252103,,,,,0.8807204043347155,0.9402224410864285,0.01102528328852894,0.9632414662550841,0.9073661270797401,,,,0.6
44,nftonv2,nf2018v2,mlp,0.001,finetune_x10,252103,,,,,0.8996802981645496,0.9497869660541702,0.013849661414911354,0.971752874442408,0.9399536847466251,,,,0.8
44,nftonv2,nf2018v2,mlp,0.01,finetune_x1,271002,,,,,0.9463859645167264,0.9730104703112268,0.003056907249237191,0.9772336468087107,0.946601645981501,,,,2.2
44,nftonv2,nf2018v2,mlp,0.01,finetune_x3,271002,,,,,0.969791554039234,0.9847563688516381,0.0007656446728145098,0.9832296315281983,0.9699134496690178,,,,6.7
44,nftonv2,nf2018v2,mlp,0.01,finetune_x10,271002,,,,,0.9700845982090968,0.9848981807746644,0.0006862444845226347,0.9830604268069867,0.9702069998888724,,,,2.4
44,nftonv2,nfunswv2,mlp,0.001,finetune_x1,251393,,,,,0.3870862961387111,0.6598348982149461,0.0032789100092495403,0.6219965924443454,0.395905592870329,,,,0.7
44,nftonv2,nfunswv2,mlp,0.001,finetune_x3,251393,,,,,0.6791480090385482,0.8370437240392015,0.006999511541139668,0.7924080073656539,0.6886492895479769,,,,1.0
44,nftonv2,nfunswv2,mlp,0.001,finetune_x10,251393,,,,,0.7050738957124637,0.852524184598201,0.010746094927302772,0.8297401433190688,0.7211332892094031,,,,0.6
44,nftonv2,nfunswv2,mlp,0.01,finetune_x1,263908,,,,,0.7497750449076663,0.8726671964038955,0.0050560688415210815,0.8956372043548808,0.8019907094996728,,,,1.2
44,nftonv2,nfunswv2,mlp,0.01,finetune_x3,263908,,,,,0.8836295396069653,0.941795038464725,0.004796250298791324,0.9208702653635299,0.8989010186395372,,,,2.1
44,nftonv2,nfunswv2,mlp,0.01,finetune_x10,263908,,,,,0.8950623888200364,0.9475091711879873,0.004380540630423712,0.9313901819928888,0.9101742136595294,,,,1.1
44,nftonv2,nfbotv2,mlp,0.001,finetune_x1,252102,,,,,0.5986592064835453,0.7933518751855211,0.5089392133492253,0.7852327217700572,0.6132717285476369,,,,0.8
44,nftonv2,nfbotv2,mlp,0.001,finetune_x3,252102,,,,,0.7039988670913598,0.8405104862483349,0.45530393325387364,0.8235498211628298,0.7568775590089538,,,,0.7
44,nftonv2,nfbotv2,mlp,0.001,finetune_x10,252102,,,,,0.712119485309287,0.8438155995063602,0.45292014302741357,0.8272553097831321,0.7566284015146724,,,,0.6
44,nftonv2,nfbotv2,mlp,0.01,finetune_x1,271001,,,,,0.8475517181686798,0.923038890182791,0.20023837902264602,0.9234945315821119,0.8628353748443885,,,,4.8
44,nftonv2,nfbotv2,mlp,0.01,finetune_x3,271001,,,,,0.892464843400758,0.9458782731070801,0.14183551847437426,0.9405596285248956,0.9091609216489028,,,,2.7
44,nftonv2,nfbotv2,mlp,0.01,finetune_x10,271001,,,,,0.8882831390825718,0.9436643684316253,0.15137067938021453,0.9403003082222355,0.9028198977093886,,,,1.6
44,nfbotv2,nf2018v2,rf,0.001,finetune_x1,252102,,,,,0.7739926555439465,0.8800105160311245,0.05798482322115221,0.9656386665263802,0.9044791789447473,,,,1.2
44,nfbotv2,nf2018v2,rf,0.001,finetune_x3,252102,,,,,0.9555299822274064,0.9776578526695251,0.0027506493801113872,0.9773322903689743,0.959981993848995,,,,1.8
44,nfbotv2,nf2018v2,rf,0.001,finetune_x10,252102,,,,,0.9608482780588852,0.9802515820698678,0.0014859178094622338,0.9784454203539417,0.963104834979914,,,,4.8
44,nfbotv2,nf2018v2,rf,0.01,finetune_x1,271001,,,,,0.7835068089799997,0.8850451175234059,0.055795646601104795,0.9700857591415986,0.9230750199737462,,,,1.5
44,nfbotv2,nf2018v2,rf,0.01,finetune_x3,271001,,,,,0.9708401364426619,0.9853019467522595,0.0008620591871689295,0.9797593457053573,0.9718645836487207,,,,2.7
44,nfbotv2,nf2018v2,rf,0.01,finetune_x10,271001,,,,,0.9734301735845674,0.9865630874484715,0.00022685768083392883,0.980576461946879,0.9736275097719757,,,,7.7
44,nfbotv2,nfunswv2,rf,0.001,finetune_x1,251392,,,,,0.19288789606126996,0.4417100037068641,0.4150393365273693,0.8495433904204331,0.759244899443605,,,,1.1
44,nfbotv2,nfunswv2,rf,0.001,finetune_x3,251392,,,,,0.8978037389845351,0.9479419867070329,0.006802049448665052,0.9651399746508758,0.9118747512882475,,,,1.6
44,nfbotv2,nfunswv2,rf,0.001,finetune_x10,251392,,,,,0.9085779713561003,0.9534021775308908,0.006230448654659586,0.9710456529382421,0.913612450340854,,,,3.8
44,nfbotv2,nfunswv2,rf,0.01,finetune_x1,263907,,,,,0.19374505104342768,0.4429973745678571,0.41260743496741875,0.8698137994511146,0.7777554531493652,,,,1.0
44,nfbotv2,nfunswv2,rf,0.01,finetune_x3,263907,,,,,0.9337993382922007,0.966684523132938,0.003767368869581484,0.9754674526072846,0.9344307600865881,,,,1.7
44,nfbotv2,nfunswv2,rf,0.01,finetune_x10,263907,,,,,0.9391901251150562,0.9694826521340316,0.0031957680755760175,0.9843229541064658,0.9417891787891569,,,,4.3
44,nfbotv2,nftonv2,rf,0.001,finetune_x1,252100,,,,,0.023316168738974116,0.5097436322214968,0.7626364001313821,0.7119418390802592,0.5759437063943068,,,,1.2
44,nfbotv2,nftonv2,rf,0.001,finetune_x3,252100,,,,,0.8662315991447725,0.931163233001194,0.1599941607970512,0.9586563987217046,0.8770778060947838,,,,2.0
44,nfbotv2,nftonv2,rf,0.001,finetune_x10,252100,,,,,0.9412317199406637,0.9704547396106109,0.060946680778073796,0.9911409763222795,0.9426858483674102,,,,5.2
44,nfbotv2,nftonv2,rf,0.01,finetune_x1,271000,,,,,0.03632958975526102,0.5163797467403606,0.7515054195102369,0.7231621901875342,0.6144982223171108,,,,1.8
44,nfbotv2,nftonv2,rf,0.01,finetune_x3,271000,,,,,0.9310332469335727,0.9652223292327946,0.07474179774460786,0.9741699657196088,0.9325410576214738,,,,2.8
44,nfbotv2,nftonv2,rf,0.01,finetune_x10,271000,,,,,0.9658964069558603,0.9828770521757687,0.03695120616035911,0.9943699938192654,0.9668341370661031,,,,7.2
44,nfbotv2,nf2018v2,lgbm,0.001,finetune_x1,252102,,,,,0.015865083048601847,0.10851225787594287,0.997532922720931,0.5002549853431131,0.015865083048601847,,,,0.3
44,nfbotv2,nf2018v2,lgbm,0.001,finetune_x3,252102,,,,,0.015865083048601847,0.10851225787594287,0.997532922720931,0.5002549853431131,0.015865083048601847,,,,0.4
44,nfbotv2,nf2018v2,lgbm,0.001,finetune_x10,252102,,,,,0.015865083048601847,0.10851225787594287,0.997532922720931,0.5002549853431131,0.015865083048601847,,,,0.4
44,nfbotv2,nf2018v2,lgbm,0.01,finetune_x1,271001,,,,,0.015865083048601847,0.10851225787594287,0.997532922720931,0.5002549853431131,0.015865083048601847,,,,0.5
44,nfbotv2,nf2018v2,lgbm,0.01,finetune_x3,271001,,,,,0.015865083048601847,0.10851225787594287,0.997532922720931,0.5002549853431131,0.015865083048601847,,,,0.5
44,nfbotv2,nf2018v2,lgbm,0.01,finetune_x10,271001,,,,,0.015865083048601847,0.10851225787594287,0.997532922720931,0.5002549853431131,0.015865083048601847,,,,0.8
44,nfbotv2,nfunswv2,lgbm,0.001,finetune_x1,251392,,,,,-0.04197495911238971,0.07053411642649443,0.96284075201879,0.49851897614986995,0.0,,,,0.3
44,nfbotv2,nfunswv2,lgbm,0.001,finetune_x3,251392,,,,,-0.04197495911238971,0.07053411642649443,0.96284075201879,0.49851897614986995,0.0,,,,0.4
44,nfbotv2,nfunswv2,lgbm,0.001,finetune_x10,251392,,,,,-0.04197495911238971,0.07053411642649443,0.96284075201879,0.49851897614986995,0.0,,,,0.4
44,nfbotv2,nfunswv2,lgbm,0.01,finetune_x1,263907,,,,,-0.04197495911238971,0.07053411642649443,0.96284075201879,0.49851897614986995,0.0,,,,0.4
44,nfbotv2,nfunswv2,lgbm,0.01,finetune_x3,263907,,,,,-0.04197495911238971,0.07053411642649443,0.96284075201879,0.49851897614986995,0.0,,,,0.4
44,nfbotv2,nfunswv2,lgbm,0.01,finetune_x10,263907,,,,,-0.04197495911238971,0.07053411642649443,0.96284075201879,0.49851897614986995,0.0,,,,0.6
44,nfbotv2,nftonv2,lgbm,0.001,finetune_x1,252100,,,,,0.0765285057342688,0.46845428304026016,0.9434509689427393,0.5082688851753238,0.07680277595470351,,,,0.4
44,nfbotv2,nftonv2,lgbm,0.001,finetune_x3,252100,,,,,0.0765285057342688,0.46845428304026016,0.9434509689427393,0.5082688851753238,0.07680277595470351,,,,0.4
44,nfbotv2,nftonv2,lgbm,0.001,finetune_x10,252100,,,,,0.0765285057342688,0.46845428304026016,0.9434509689427393,0.5082688851753238,0.07680277595470351,,,,0.5
44,nfbotv2,nftonv2,lgbm,0.01,finetune_x1,271000,,,,,0.0765285057342688,0.46845428304026016,0.9434509689427393,0.5082688851753238,0.07680277595470351,,,,0.9
44,nfbotv2,nftonv2,lgbm,0.01,finetune_x3,271000,,,,,0.0765285057342688,0.46845428304026016,0.9434509689427393,0.5082688851753238,0.07680277595470351,,,,0.8
44,nfbotv2,nftonv2,lgbm,0.01,finetune_x10,271000,,,,,0.0765285057342688,0.46845428304026016,0.9434509689427393,0.5082688851753238,0.07680277595470351,,,,0.9
44,nfbotv2,nf2018v2,mlp,0.001,finetune_x1,252102,,,,,0.6287226812918206,0.813073082967458,0.03200394732364651,0.7965375773070249,0.6743977802178633,,,,0.6
44,nfbotv2,nf2018v2,mlp,0.001,finetune_x3,252102,,,,,0.8614797938642924,0.9307395389077704,0.016566282142897654,0.9332865012321213,0.8664994107641187,,,,0.6
44,nfbotv2,nf2018v2,mlp,0.001,finetune_x10,252102,,,,,0.8808536877415201,0.9402121121623551,0.018228014655006182,0.9537955097660797,0.9121074969468926,,,,0.6
44,nfbotv2,nf2018v2,mlp,0.01,finetune_x1,271001,,,,,0.9304339121053631,0.9648793577169448,0.0037318088497181293,0.9672586852035021,0.9304339121053631,,,,1.2
44,nfbotv2,nf2018v2,mlp,0.01,finetune_x3,271001,,,,,0.9387853072785648,0.9692446370062049,0.0042479100736153175,0.9676307599902597,0.944019711444083,,,,3.0
44,nfbotv2,nf2018v2,mlp,0.01,finetune_x10,271001,,,,,0.9615060498053749,0.9805702199791249,0.0013214459908576354,0.9813311619426762,0.9651683086183146,,,,1.2
44,nfbotv2,nfunswv2,mlp,0.001,finetune_x1,251392,,,,,0.21135218797125335,0.5551949098695296,0.0013562527930493344,0.6415456270400042,0.39263237625729314,,,,0.5
44,nfbotv2,nfunswv2,mlp,0.001,finetune_x3,251392,,,,,0.5947143170147985,0.7897440288197173,0.006266823250641752,0.7136282748856095,0.6025340952690649,,,,0.5
44,nfbotv2,nfunswv2,mlp,0.001,finetune_x10,251392,,,,,0.6252410664149789,0.8042544691900528,0.0051651926294675795,0.7312400353506651,0.6279238848700227,,,,0.5
44,nfbotv2,nfunswv2,mlp,0.01,finetune_x1,263907,,,,,0.6398372491384564,0.8118206816311007,0.004900177715883227,0.7580807830866807,0.6443043697915556,,,,0.9
44,nfbotv2,nfunswv2,mlp,0.01,finetune_x3,263907,,,,,0.7274350124784859,0.8588144594795619,0.0039596345912015045,0.808215237622139,0.7369559316441643,,,,0.9
44,nfbotv2,nfunswv2,mlp,0.01,finetune_x10,263907,,,,,0.7651623537216249,0.8791657607596202,0.003689423306762557,0.8896412765475008,0.8107899645372089,,,,0.9
44,nfbotv2,nftonv2,mlp,0.001,finetune_x1,252100,,,,,0.6355288657418876,0.8175155474573838,0.2862304295463669,0.771025703116243,0.6407694169618393,,,,0.6
44,nfbotv2,nftonv2,mlp,0.001,finetune_x3,252100,,,,,0.7517423123134358,0.8757991260043623,0.1683697675267326,0.8804418584004209,0.7893473052257459,,,,0.6
44,nfbotv2,nftonv2,mlp,0.001,finetune_x10,252100,,,,,0.8092902500016796,0.9039837036069573,0.17471990073354987,0.926352454151691,0.8119560306315945,,,,0.5
44,nfbotv2,nftonv2,mlp,0.01,finetune_x1,271000,,,,,0.843580398724218,0.9206640496689935,0.16114375387759572,0.9597591901451394,0.845957941153203,,,,1.2
44,nfbotv2,nftonv2,mlp,0.01,finetune_x3,271000,,,,,0.8967986045826672,0.9478591518940892,0.10817123462647349,0.9819661096157541,0.8997719453580147,,,,2.8
44,nfbotv2,nftonv2,mlp,0.01,finetune_x10,271000,,,,,0.9068151696408115,0.9532578514844712,0.08517937301558337,0.9861471612994817,0.9116169530470697,,,,1.5
