seed,target,model,budget,design,rule,n_labels,n_fit,n_threshold,n_benign_fit,n_benign_threshold,fp_observed_threshold,fp_bound_threshold,benign_rate_pool,benign_rate_threshold,mcc_at_threshold,tpr_dep,fpr_dep,tpr_oracle,thr,fit_s,benign_expected,benign_ratio
42,nf2018v2,rf,0.0001,split,diversity,210,146,64,129,56,0.0,0.05209,0.881606,0.875,0.941152,0.917986,0.002688,0.939651,0.553333,0.5,56.422758,0.992507
42,nf2018v2,rf,0.0001,split,uniform,210,147,63,127,55,0.0,0.053011,0.881606,0.873016,0.901086,0.831327,0.000113,0.902276,0.813333,0.4,55.541152,0.990257
42,nf2018v2,rf,0.0001,reserved,diversity,210,147,63,133,52,0.0,0.055982,0.881606,0.825397,0.924284,0.908231,0.005297,0.911905,0.37,0.4,55.541152,0.936243
42,nf2018v2,rf,0.0001,reserved,uniform,210,147,63,120,52,0.0,0.055982,0.881606,0.825397,0.897408,0.824781,5.7e-05,0.899911,0.866667,0.4,55.541152,0.936243
42,nf2018v2,rf,0.001,split,diversity,2100,1470,630,1319,565,2.0,0.011101,0.881606,0.896825,0.967963,0.952109,0.001083,0.957051,0.463333,0.6,555.411523,1.017264
42,nf2018v2,rf,0.001,split,uniform,2100,1470,630,1299,556,4.0,0.016387,0.881606,0.88254,0.934045,0.937793,0.007208,0.9402,0.346667,0.6,555.411523,1.00106
42,nf2018v2,rf,0.001,reserved,diversity,2100,1470,630,1310,558,1.0,0.008473,0.881606,0.885714,0.963847,0.938933,0.000272,0.952532,0.623333,0.6,555.411523,1.00466
42,nf2018v2,rf,0.001,reserved,uniform,2100,1470,630,1316,558,1.0,0.008473,0.881606,0.885714,0.96027,0.933359,0.000352,0.956713,0.64,0.5,555.411523,1.00466
42,nf2018v2,lgbm,0.0001,split,diversity,210,146,64,129,56,0.0,0.05209,0.881606,0.875,0.925115,0.873052,0.000306,0.939187,0.997241,0.1,56.422758,0.992507
42,nf2018v2,lgbm,0.0001,split,uniform,210,147,63,127,55,0.0,0.053011,0.881606,0.873016,0.922954,0.868407,0.000176,0.89062,0.999514,0.0,55.541152,0.990257
42,nf2018v2,lgbm,0.0001,reserved,diversity,210,147,63,133,52,0.0,0.055982,0.881606,0.825397,0.873171,0.794501,0.001287,0.918366,0.939096,0.0,55.541152,0.936243
42,nf2018v2,lgbm,0.0001,reserved,uniform,210,147,63,120,52,0.0,0.055982,0.881606,0.825397,0.905801,0.840534,0.000289,0.903121,0.999728,0.0,55.541152,0.936243
42,nf2018v2,lgbm,0.001,split,diversity,2100,1470,630,1319,565,1.0,0.008368,0.881606,0.896825,0.967934,0.944719,0.000102,0.956248,0.999525,0.2,555.411523,1.017264
42,nf2018v2,lgbm,0.001,split,uniform,2100,1470,630,1299,556,5.0,0.018815,0.881606,0.88254,0.932305,0.939398,0.007878,0.939609,0.01683,0.2,555.411523,1.00106
42,nf2018v2,lgbm,0.001,reserved,diversity,2100,1470,630,1310,558,1.0,0.008473,0.881606,0.885714,0.959782,0.932261,0.000318,0.945817,0.995524,1.3,555.411523,1.00466
42,nf2018v2,lgbm,0.001,reserved,uniform,2100,1470,630,1316,558,0.0,0.005354,0.881606,0.885714,0.950009,0.914608,0.000204,0.9489,0.999487,0.2,555.411523,1.00466
42,nf2018v2,mlp,0.0001,split,diversity,210,146,64,129,56,0.0,0.05209,0.881606,0.875,0.919072,0.871067,0.001384,0.916466,0.94641,0.2,56.422758,0.992507
42,nf2018v2,mlp,0.0001,split,uniform,210,147,63,127,55,0.0,0.053011,0.881606,0.873016,0.917635,0.880612,0.002995,0.902403,0.859294,0.2,55.541152,0.990257
42,nf2018v2,mlp,0.0001,reserved,diversity,210,147,63,133,52,0.0,0.055982,0.881606,0.825397,0.923787,0.876895,0.001106,0.903459,0.808508,0.2,55.541152,0.936243
42,nf2018v2,mlp,0.0001,reserved,uniform,210,147,63,120,52,0.0,0.055982,0.881606,0.825397,0.840602,0.862621,0.019413,0.850247,0.31248,0.2,55.541152,0.936243
42,nf2018v2,mlp,0.001,split,diversity,2100,1470,630,1319,565,2.0,0.011101,0.881606,0.896825,0.92972,0.887073,0.001129,0.935428,0.599108,0.6,555.411523,1.017264
42,nf2018v2,mlp,0.001,split,uniform,2100,1470,630,1299,556,3.0,0.013886,0.881606,0.88254,0.931012,0.904303,0.003165,0.913341,0.566257,0.5,555.411523,1.00106
42,nf2018v2,mlp,0.001,reserved,diversity,2100,1470,630,1310,558,5.0,0.018748,0.881606,0.885714,0.927829,0.920605,0.006222,0.923519,0.487299,0.6,555.411523,1.00466
42,nf2018v2,mlp,0.001,reserved,uniform,2100,1470,630,1316,558,5.0,0.018748,0.881606,0.885714,0.937292,0.921998,0.004151,0.93319,0.341988,1.0,555.411523,1.00466
42,nfunswv2,rf,0.0001,split,diversity,139,97,42,90,39,0.0,0.073938,0.962205,0.928571,0.390419,0.174385,0.000686,0.933183,0.78,0.4,40.412618,0.965045
42,nfunswv2,rf,0.0001,split,uniform,139,98,41,92,39,0.0,0.073938,0.962205,0.95122,0.740701,0.655729,0.004344,0.918762,0.656667,0.4,39.450413,0.988583
42,nfunswv2,rf,0.0001,reserved,diversity,139,97,42,87,38,0.0,0.075808,0.962205,0.904762,0.450922,0.295581,0.004396,0.908177,0.873333,0.4,40.412618,0.9403
42,nfunswv2,rf,0.0001,reserved,uniform,139,97,42,95,38,0.0,0.075808,0.962205,0.904762,0.535922,0.408044,0.005726,0.648717,0.373333,0.4,40.412618,0.9403
42,nfunswv2,rf,0.001,split,diversity,1391,973,418,899,386,2.0,0.01622,0.962205,0.923445,0.767489,0.63059,0.001294,1.0,0.833333,0.6,402.201769,0.959717
42,nfunswv2,rf,0.001,split,uniform,1391,974,417,936,401,2.0,0.015616,0.962205,0.961631,0.907374,0.992061,0.007607,0.999868,0.453333,0.6,401.239564,0.999403
42,nfunswv2,rf,0.001,reserved,diversity,1391,974,417,887,398,0.0,0.007499,0.962205,0.954436,0.8858,0.867028,0.003222,1.0,0.753333,0.6,401.239564,0.991926
42,nfunswv2,rf,0.001,reserved,uniform,1391,974,417,932,398,1.0,0.011863,0.962205,0.954436,0.922198,0.993384,0.006256,0.999471,0.296667,0.5,401.239564,0.991926
42,nfunswv2,lgbm,0.0001,split,diversity,139,97,42,90,39,0.0,0.073938,0.962205,0.928571,0.115087,0.02064,0.000364,0.325218,0.999937,0.0,40.412618,0.965045
42,nfunswv2,lgbm,0.0001,split,uniform,139,98,41,92,39,0.0,0.073938,0.962205,0.95122,0.594705,0.429214,0.002936,0.771103,0.993652,0.0,39.450413,0.988583
42,nfunswv2,lgbm,0.0001,reserved,diversity,139,97,42,87,38,0.0,0.075808,0.962205,0.904762,0.337542,0.160095,0.002063,0.711564,0.999883,0.0,40.412618,0.9403
42,nfunswv2,lgbm,0.0001,reserved,uniform,139,97,42,95,38,0.0,0.075808,0.962205,0.904762,0.421999,0.26687,0.004355,0.289098,0.079696,0.0,40.412618,0.9403
42,nfunswv2,lgbm,0.001,split,diversity,1391,973,418,899,386,3.0,0.019964,0.962205,0.923445,0.805534,0.709844,0.002156,0.999735,0.997866,0.2,402.201769,0.959717
42,nfunswv2,lgbm,0.001,split,uniform,1391,974,417,936,401,2.0,0.015616,0.962205,0.961631,0.880226,0.912543,0.005929,0.999338,0.909179,0.1,401.239564,0.999403
42,nfunswv2,lgbm,0.001,reserved,diversity,1391,974,417,887,398,0.0,0.007499,0.962205,0.954436,0.905964,0.928817,0.004474,0.999471,0.559608,0.1,401.239564,0.991926
42,nfunswv2,lgbm,0.001,reserved,uniform,1391,974,417,932,398,3.0,0.019365,0.962205,0.954436,0.911304,0.978433,0.006501,0.992591,0.00019,0.7,401.239564,0.991926
42,nfunswv2,mlp,0.0001,split,diversity,139,97,42,90,39,0.0,0.073938,0.962205,0.928571,0.627135,0.499471,0.004484,0.800476,0.98655,0.2,40.412618,0.965045
42,nfunswv2,mlp,0.0001,split,uniform,139,98,41,92,39,0.0,0.073938,0.962205,0.95122,0.646651,0.695422,0.016202,0.685102,0.038179,0.1,39.450413,0.988583
42,nfunswv2,mlp,0.0001,reserved,diversity,139,97,42,87,38,0.0,0.075808,0.962205,0.904762,0.715999,0.668298,0.007051,0.750463,0.783893,0.1,40.412618,0.9403
42,nfunswv2,mlp,0.0001,reserved,uniform,139,97,42,95,38,0.0,0.075808,0.962205,0.904762,0.662774,0.571051,0.005825,0.577666,0.005221,0.1,40.412618,0.9403
42,nfunswv2,mlp,0.001,split,diversity,1391,973,418,899,386,3.0,0.019964,0.962205,0.923445,0.624272,0.462953,0.002775,0.991532,0.66509,0.5,402.201769,0.959717
42,nfunswv2,mlp,0.001,split,uniform,1391,974,417,936,401,3.0,0.019221,0.962205,0.961631,0.812247,0.912808,0.012825,0.843874,0.03323,0.1,401.239564,0.999403
42,nfunswv2,mlp,0.001,reserved,diversity,1391,974,417,887,398,1.0,0.011863,0.962205,0.954436,0.897937,0.941916,0.005841,0.990738,0.235371,0.6,401.239564,0.991926
42,nfunswv2,mlp,0.001,reserved,uniform,1391,974,417,932,398,1.0,0.011863,0.962205,0.954436,0.683059,0.562715,0.003845,0.798624,0.257955,0.3,401.239564,0.991926
42,nftonv2,rf,0.0001,split,diversity,210,147,63,41,18,0.0,0.153318,0.274009,0.285714,0.832528,0.928614,0.067352,0.844315,0.626667,0.4,17.262544,1.04272
42,nftonv2,rf,0.0001,split,uniform,210,147,63,43,19,0.0,0.145869,0.274009,0.301587,0.840123,0.951996,0.106565,0.820823,0.71,0.4,17.262544,1.100649
42,nftonv2,rf,0.0001,reserved,diversity,210,147,63,47,14,0.0,0.192636,0.274009,0.222222,0.796081,0.870459,0.011167,0.865224,0.816667,0.4,17.262544,0.811004
42,nftonv2,rf,0.0001,reserved,uniform,210,147,63,32,14,0.0,0.192636,0.274009,0.222222,0.844588,0.915494,0.026368,0.750429,0.77,0.5,17.262544,0.811004
42,nftonv2,rf,0.001,split,diversity,2100,1470,630,410,176,1.0,0.026669,0.274009,0.279365,0.904873,0.953746,0.022864,0.884392,0.783333,0.6,172.625437,1.019548
42,nftonv2,rf,0.001,split,uniform,2100,1470,630,395,169,1.0,0.027761,0.274009,0.268254,0.84281,0.905942,0.011313,0.900184,0.946667,0.6,172.625437,0.978998
42,nftonv2,rf,0.001,reserved,diversity,2100,1470,630,432,172,1.0,0.027282,0.274009,0.273016,0.897467,0.945584,0.015583,0.912512,0.83,0.6,172.625437,0.996377
42,nftonv2,rf,0.001,reserved,uniform,2100,1470,630,421,172,1.0,0.027282,0.274009,0.273016,0.877846,0.933656,0.017554,0.891237,0.82,0.6,172.625437,0.996377
42,nftonv2,lgbm,0.0001,split,diversity,210,147,63,41,18,0.0,0.153318,0.274009,0.285714,0.835638,0.930763,0.067552,0.341729,0.960073,0.1,17.262544,1.04272
42,nftonv2,lgbm,0.0001,split,uniform,210,147,63,43,19,0.0,0.145869,0.274009,0.301587,0.630599,0.737343,0.03321,0.500616,0.999968,0.1,17.262544,1.100649
42,nftonv2,lgbm,0.0001,reserved,diversity,210,147,63,47,14,0.0,0.192636,0.274009,0.222222,0.733691,0.840258,0.04248,0.337376,0.998876,0.1,17.262544,0.811004
42,nftonv2,lgbm,0.0001,reserved,uniform,210,147,63,32,14,0.0,0.192636,0.274009,0.222222,0.811834,0.916658,0.071129,0.306267,0.999821,0.0,17.262544,0.811004
42,nftonv2,lgbm,0.001,split,diversity,2100,1470,630,410,176,1.0,0.026669,0.274009,0.279365,0.864759,0.924985,0.017919,0.844039,0.999839,0.3,172.625437,1.019548
42,nftonv2,lgbm,0.001,split,uniform,2100,1470,630,395,169,1.0,0.027761,0.274009,0.268254,0.879173,0.937106,0.022682,0.816952,0.999872,0.2,172.625437,0.978998
42,nftonv2,lgbm,0.001,reserved,diversity,2100,1470,630,432,172,1.0,0.027282,0.274009,0.273016,0.915081,0.959304,0.021112,0.889433,0.998489,0.3,172.625437,0.996377
42,nftonv2,lgbm,0.001,reserved,uniform,2100,1470,630,421,172,1.0,0.027282,0.274009,0.273016,0.768356,0.848344,0.011788,0.810458,0.99999,1.2,172.625437,0.996377
42,nftonv2,mlp,0.0001,split,diversity,210,147,63,41,18,0.0,0.153318,0.274009,0.285714,0.638108,0.835499,0.152348,0.061757,0.991875,0.3,17.262544,1.04272
42,nftonv2,mlp,0.0001,split,uniform,210,147,63,43,19,0.0,0.145869,0.274009,0.301587,0.399628,0.604372,0.156673,0.0,0.994863,0.2,17.262544,1.100649
42,nftonv2,mlp,0.0001,reserved,diversity,210,147,63,47,14,0.0,0.192636,0.274009,0.222222,0.647021,0.812069,0.107587,0.185706,0.954963,0.2,17.262544,0.811004
42,nftonv2,mlp,0.0001,reserved,uniform,210,147,63,32,14,0.0,0.192636,0.274009,0.222222,0.0,0.0,0.0,0.0,1.0,0.3,17.262544,0.811004
42,nftonv2,mlp,0.001,split,diversity,2100,1470,630,410,176,1.0,0.026669,0.274009,0.279365,0.335036,0.32991,0.008284,0.344897,0.958992,0.6,172.625437,1.019548
42,nftonv2,mlp,0.001,split,uniform,2100,1470,630,395,169,1.0,0.027761,0.274009,0.268254,0.278055,0.249805,0.008412,0.279283,0.979585,0.7,172.625437,0.978998
42,nftonv2,mlp,0.001,reserved,diversity,2100,1470,630,432,172,1.0,0.027282,0.274009,0.273016,0.35262,0.359622,0.011076,0.342741,0.958563,0.5,172.625437,0.996377
42,nftonv2,mlp,0.001,reserved,uniform,2100,1470,630,421,172,1.0,0.027282,0.274009,0.273016,0.5123,0.595074,0.025072,0.336033,0.906688,0.5,172.625437,0.996377
42,nfbotv2,rf,0.0001,split,diversity,210,147,63,6,3,0.0,0.631597,0.004195,0.047619,0.498196,0.993678,0.247914,0.0,0.97,0.5,0.264285,11.351382
42,nfbotv2,rf,0.0001,split,uniform,210,147,63,0,0,,,0.004195,0.0,,,,,,,0.264285,0.0
42,nfbotv2,rf,0.0001,reserved,diversity,210,147,63,7,0,0.0,,0.004195,0.0,,,,0.980433,,0.5,0.264285,0.0
42,nfbotv2,rf,0.0001,reserved,uniform,210,147,63,0,0,,,0.004195,0.0,,,,,,,0.264285,0.0
42,nfbotv2,rf,0.001,split,diversity,2100,1470,630,16,7,0.0,0.348164,0.004195,0.011111,0.683897,0.995411,0.011919,0.994949,0.926667,0.6,2.64285,2.648656
42,nfbotv2,rf,0.001,split,uniform,2100,1470,630,5,2,0.0,0.776393,0.004195,0.003175,0.683937,0.99761,0.197855,0.0,0.79,0.6,2.64285,0.756759
42,nfbotv2,rf,0.001,reserved,diversity,2100,1470,630,24,2,0.0,0.776393,0.004195,0.003175,0.728629,0.996335,0.002384,0.998479,0.933333,0.6,2.64285,0.756759
42,nfbotv2,rf,0.001,reserved,uniform,2100,1470,630,7,2,0.0,0.776393,0.004195,0.003175,0.777202,0.997946,0.075089,0.0,0.91,0.6,2.64285,0.756759
42,nfbotv2,lgbm,0.0001,split,diversity,210,147,63,6,3,0.0,0.631597,0.004195,0.047619,0.024111,0.145716,0.014303,0.08707,0.999999,0.0,0.264285,11.351382
42,nfbotv2,lgbm,0.0001,split,uniform,210,147,63,0,0,,,0.004195,0.0,,,,,,,0.264285,0.0
42,nfbotv2,lgbm,0.0001,reserved,diversity,210,147,63,7,0,0.0,,0.004195,0.0,,,,0.031477,,0.0,0.264285,0.0
42,nfbotv2,lgbm,0.0001,reserved,uniform,210,147,63,0,0,,,0.004195,0.0,,,,,,,0.264285,0.0
42,nfbotv2,lgbm,0.001,split,diversity,2100,1470,630,16,7,0.0,0.348164,0.004195,0.011111,0.709554,0.996229,0.028605,0.995115,0.999954,0.1,2.64285,2.648656
42,nfbotv2,lgbm,0.001,split,uniform,2100,1470,630,5,2,0.0,0.776393,0.004195,0.003175,0.739874,0.99888,0.255066,0.901261,0.999713,0.1,2.64285,0.756759
42,nfbotv2,lgbm,0.001,reserved,diversity,2100,1470,630,24,2,0.0,0.776393,0.004195,0.003175,0.828895,0.998112,0.002384,0.998303,0.999901,0.1,2.64285,0.756759
42,nfbotv2,lgbm,0.001,reserved,uniform,2100,1470,630,7,2,0.0,0.776393,0.004195,0.003175,0.30911,0.973644,0.160906,0.927315,0.999996,0.1,2.64285,0.756759
42,nfbotv2,mlp,0.0001,split,diversity,210,147,63,6,3,0.0,0.631597,0.004195,0.047619,0.0,0.0,0.0,0.0,1.0,0.1,0.264285,11.351382
42,nfbotv2,mlp,0.0001,split,uniform,210,147,63,0,0,,,0.004195,0.0,,,,,,,0.264285,0.0
42,nfbotv2,mlp,0.0001,reserved,diversity,210,147,63,7,0,0.0,,0.004195,0.0,,,,0.0,,0.1,0.264285,0.0
42,nfbotv2,mlp,0.0001,reserved,uniform,210,147,63,0,0,,,0.004195,0.0,,,,,,,0.264285,0.0
42,nfbotv2,mlp,0.001,split,diversity,2100,1470,630,16,7,0.0,0.348164,0.004195,0.011111,-0.012043,0.084103,0.135876,0.0,0.999999,0.9,2.64285,2.648656
42,nfbotv2,mlp,0.001,split,uniform,2100,1470,630,5,2,0.0,0.776393,0.004195,0.003175,0.480623,0.998659,0.587604,0.0,0.971322,0.3,2.64285,0.756759
42,nfbotv2,mlp,0.001,reserved,diversity,2100,1470,630,24,2,0.0,0.776393,0.004195,0.003175,0.666541,0.997269,0.194279,0.0,0.763565,2.1,2.64285,0.756759
42,nfbotv2,mlp,0.001,reserved,uniform,2100,1470,630,7,2,0.0,0.776393,0.004195,0.003175,0.432453,0.99519,0.430274,0.0,0.977408,0.3,2.64285,0.756759
