seed,source,target,model,budget,chose_rt,buffer_est,cv_est,rt2_mcc,bo_mcc,realised,oracle,regret,always_retrain_regret,always_rt_regret,correct
42,nf2018v2,nfunswv2,rf,0.0001,0.0,0.3401433029285876,0.9358576176957496,0.1532694460072396,0.8761985266844862,0.8761985266844862,0.8761985266844862,0.0,0.0,0.7229290806772466,True
42,nf2018v2,nfunswv2,rf,0.001,0.0,0.2531446096196038,0.9060216923915888,0.2105348516145728,0.9017121184941622,0.9017121184941622,0.9017121184941622,0.0,0.0,0.6911772668795895,True
42,nf2018v2,nfunswv2,rf,0.01,0.0,0.2194924512653471,0.9381582452348606,0.2130184955724854,0.9416738256656512,0.9416738256656512,0.9416738256656512,0.0,0.0,0.7286553300931657,True
42,nf2018v2,nfunswv2,rf,0.05,0.0,0.226800157118769,0.9473607608291452,0.2130184955724854,0.947460954031949,0.947460954031949,0.947460954031949,0.0,0.0,0.7344424584594635,True
42,nf2018v2,nfunswv2,rf,0.1,0.0,0.2209360844467434,0.9494563386460269,0.2130184955724854,0.9521709432394554,0.9521709432394554,0.9521709432394554,0.0,0.0,0.73915244766697,True
42,nf2018v2,nftonv2,rf,0.0001,0.0,0.3628305384890698,0.8317509721471161,0.2965437553964016,0.8729442246372302,0.8729442246372302,0.8729442246372302,0.0,0.0,0.5764004692408287,True
42,nf2018v2,nftonv2,rf,0.001,0.0,0.3287890725546364,0.9291181068479296,0.3221783690932353,0.9356466158206888,0.9356466158206888,0.9356466158206888,0.0,0.0,0.6134682467274535,True
42,nf2018v2,nftonv2,rf,0.01,0.0,0.3293400605942558,0.96059874035726,0.3230967368119067,0.966984422109598,0.966984422109598,0.966984422109598,0.0,0.0,0.6438876852976914,True
42,nf2018v2,nftonv2,rf,0.05,0.0,0.3249521768300087,0.976413349956983,0.3231021574532543,0.9798130676390084,0.9798130676390084,0.9798130676390084,0.0,0.0,0.6567109101857541,True
42,nf2018v2,nftonv2,rf,0.1,0.0,0.3253877448398088,0.9800184788845696,0.3231021574532543,0.9824624469465004,0.9824624469465004,0.9824624469465004,0.0,0.0,0.6593602894932461,True
42,nf2018v2,nfbotv2,rf,0.0001,1.0,0.0693343798979097,0.0,-0.0360057051808092,0.216992622689214,-0.0360057051808092,0.216992622689214,0.2529983278700232,0.0,0.2529983278700232,False
42,nf2018v2,nfbotv2,rf,0.001,0.0,0.3326978068575605,0.6858893278688257,0.1345313151405791,0.7254914102759167,0.7254914102759167,0.7254914102759167,0.0,0.0,0.5909600951353375,True
42,nf2018v2,nfbotv2,rf,0.01,0.0,0.0840031489073643,0.918989628793936,0.1770706314836578,0.8904987449953482,0.8904987449953482,0.8904987449953482,0.0,0.0,0.7134281135116904,True
42,nf2018v2,nfbotv2,rf,0.05,0.0,0.1191521258888382,0.9541725696614096,0.1770706314836578,0.957586525495166,0.957586525495166,0.957586525495166,0.0,0.0,0.7805158940115082,True
42,nf2018v2,nfbotv2,rf,0.1,0.0,0.1506511291514737,0.9688218499862036,0.1770706314836578,0.9686476482794264,0.9686476482794264,0.9686476482794264,0.0,0.0,0.7915770167957686,True
42,nf2018v2,nfunswv2,lgbm,0.0001,0.0,0.3061148374487811,0.8717152353914989,0.2073980181934562,0.7394773684828944,0.7394773684828944,0.7394773684828944,0.0,0.0,0.5320793502894381,True
42,nf2018v2,nfunswv2,lgbm,0.001,0.0,0.3602200772402529,0.848410526924862,0.238089206101564,0.8783335913449848,0.8783335913449848,0.8783335913449848,0.0,0.0,0.6402443852434208,True
42,nf2018v2,nfunswv2,lgbm,0.01,0.0,0.2892656753325028,0.9288510975947402,0.2403848321091293,0.9406611226839506,0.9406611226839506,0.9406611226839506,0.0,0.0,0.7002762905748213,True
42,nf2018v2,nfunswv2,lgbm,0.05,0.0,0.2581817078106814,0.9413234193205956,0.2424976242963111,0.9454640344668888,0.9454640344668888,0.9454640344668888,0.0,0.0,0.7029664101705777,True
42,nf2018v2,nfunswv2,lgbm,0.1,0.0,0.2587783625254428,0.948797937029876,0.2422781589971818,0.9488703253372784,0.9488703253372784,0.9488703253372784,0.0,0.0,0.7065921663400967,True
42,nf2018v2,nftonv2,lgbm,0.0001,0.0,0.4055092844041108,0.8436747689238814,0.4761583795939519,0.8467710817392476,0.8467710817392476,0.8467710817392476,0.0,0.0,0.37061270214529574,True
42,nf2018v2,nftonv2,lgbm,0.001,0.0,0.4707003324178225,0.9289197669682926,0.4771420726765807,0.932430527676789,0.932430527676789,0.932430527676789,0.0,0.0,0.4552884550002083,True
42,nf2018v2,nftonv2,lgbm,0.01,0.0,0.4756206462568688,0.9655493210946152,0.4771420726765807,0.9693389129460036,0.9693389129460036,0.9693389129460036,0.0,0.0,0.4921968402694229,True
42,nf2018v2,nftonv2,lgbm,0.05,0.0,0.4798189796909683,0.9766571986917038,0.4771420726765807,0.980042821964238,0.980042821964238,0.980042821964238,0.0,0.0,0.5029007492876573,True
42,nf2018v2,nftonv2,lgbm,0.1,0.0,0.4782371525362169,0.9798412917889756,0.4771420726765807,0.9815567289244258,0.9815567289244258,0.9815567289244258,0.0,0.0,0.5044146562478451,True
42,nf2018v2,nfbotv2,lgbm,0.0001,1.0,0.7054211845550483,0.0,0.2467440767991976,0.4054627247441705,0.2467440767991976,0.4054627247441705,0.1587186479449729,0.0,0.1587186479449729,False
42,nf2018v2,nfbotv2,lgbm,0.001,0.0,0.3960681773913044,0.6559047092369128,0.2467440767991976,0.7755071246652027,0.7755071246652027,0.7755071246652027,0.0,0.0,0.528763047866005,True
42,nf2018v2,nfbotv2,lgbm,0.01,0.0,0.2588780276428083,0.7107697036777951,0.2467440767991976,0.8772887146612782,0.8772887146612782,0.8772887146612782,0.0,0.0,0.6305446378620806,True
42,nf2018v2,nfbotv2,lgbm,0.05,0.0,0.2504142473100907,0.4962092481682025,0.2467440767991976,0.080256899090869,0.080256899090869,0.2467440767991976,0.1664871777083286,0.1664871777083286,0.0,False
42,nf2018v2,nfbotv2,lgbm,0.1,1.0,0.2511121356944135,0.0884572039491686,0.2467440767991976,-0.0023371958334884,0.2467440767991976,0.2467440767991976,0.0,0.249081272632686,0.0,True
42,nf2018v2,nfunswv2,mlp,0.0001,0.0,0.3539826464506396,0.7908351786510934,0.2036713783107234,0.6738046434465649,0.6738046434465649,0.6738046434465649,0.0,0.0,0.47013326513584147,True
42,nf2018v2,nfunswv2,mlp,0.001,0.0,0.2905259900124515,0.7908960655068893,0.2036713783107234,0.8724595041636478,0.8724595041636478,0.8724595041636478,0.0,0.0,0.6687881258529245,True
42,nf2018v2,nfunswv2,mlp,0.01,0.0,0.2091588638122603,0.7661062013611503,0.2058028226645409,0.9020094267814196,0.9020094267814196,0.9020094267814196,0.0,0.0,0.6962066041168787,True
42,nf2018v2,nfunswv2,mlp,0.05,0.0,0.2102444723666821,0.9224710425152044,0.205829919927193,0.9212390576675296,0.9212390576675296,0.9212390576675296,0.0,0.0,0.7154091377403365,True
42,nf2018v2,nfunswv2,mlp,0.1,0.0,0.2111112660311256,0.934792975700554,0.2058331991060641,0.9232569489766432,0.9232569489766432,0.9232569489766432,0.0,0.0,0.7174237498705791,True
42,nf2018v2,nftonv2,mlp,0.0001,0.0,0.249986149805007,0.6409580430424441,0.2074377733811745,0.6570746325098591,0.6570746325098591,0.6570746325098591,0.0,0.0,0.44963685912868456,True
42,nf2018v2,nftonv2,mlp,0.001,0.0,0.2192729864575908,0.8965124836895993,0.203966766535336,0.9079778559277176,0.9079778559277176,0.9079778559277176,0.0,0.0,0.7040110893923817,True
42,nf2018v2,nftonv2,mlp,0.01,0.0,0.2106606254834373,0.9213493458190616,0.2076706225783736,0.9356558783057712,0.9356558783057712,0.9356558783057712,0.0,0.0,0.7279852557273976,True
42,nf2018v2,nftonv2,mlp,0.05,0.0,0.2096268960577723,0.9467083542416328,0.2133471575291604,0.943495210597836,0.943495210597836,0.943495210597836,0.0,0.0,0.7301480530686757,True
42,nf2018v2,nftonv2,mlp,0.1,0.0,0.2121324349700386,0.9503915586738002,0.2133817210757615,0.953793840451774,0.953793840451774,0.953793840451774,0.0,0.0,0.7404121193760125,True
42,nf2018v2,nfbotv2,mlp,0.0001,1.0,1.0,0.0,0.3957104228167786,0.0852131190162651,0.3957104228167786,0.3957104228167786,0.0,0.3104973038005135,0.0,True
42,nf2018v2,nfbotv2,mlp,0.001,1.0,0.3991793405186802,0.1353999457001672,0.3962723776669913,0.6500893936409267,0.3962723776669913,0.6500893936409267,0.25381701597393536,0.0,0.25381701597393536,False
42,nf2018v2,nfbotv2,mlp,0.01,0.0,0.4094817773967338,0.4650715033761727,0.4042546512196548,0.7544048080784458,0.7544048080784458,0.7544048080784458,0.0,0.0,0.350150156858791,True
42,nf2018v2,nfbotv2,mlp,0.05,0.0,0.4003028558878547,0.8034093705210873,0.4080224050450424,0.8074495526479445,0.8074495526479445,0.8074495526479445,0.0,0.0,0.3994271476029021,True
42,nf2018v2,nfbotv2,mlp,0.1,0.0,0.4077120005243048,0.8884361537207258,0.4080224050450424,0.932578450959186,0.932578450959186,0.932578450959186,0.0,0.0,0.5245560459141436,True
42,nfunswv2,nf2018v2,rf,0.0001,0.0,0.3373513874170664,0.8878696366260774,0.2694436714577415,0.945363583798542,0.945363583798542,0.945363583798542,0.0,0.0,0.6759199123408005,True
42,nfunswv2,nf2018v2,rf,0.001,0.0,0.28133058160645,0.9703293357412658,0.2797040700738926,0.9617495449421696,0.9617495449421696,0.9617495449421696,0.0,0.0,0.6820454748682769,True
42,nfunswv2,nf2018v2,rf,0.01,0.0,0.2799797027432767,0.9735786548371088,0.2797040700738926,0.972867491168671,0.972867491168671,0.972867491168671,0.0,0.0,0.6931634210947784,True
42,nfunswv2,nf2018v2,rf,0.05,0.0,0.2810892844662703,0.9745410559587144,0.2797040700738926,0.9759352351671404,0.9759352351671404,0.9759352351671404,0.0,0.0,0.6962311650932478,True
42,nfunswv2,nf2018v2,rf,0.1,0.0,0.2807658973364745,0.975817148913902,0.2797040700738926,0.9769556813096164,0.9769556813096164,0.9769556813096164,0.0,0.0,0.6972516112357239,True
42,nfunswv2,nftonv2,rf,0.0001,0.0,0.5406433747126563,0.8317509721471161,0.544699207411913,0.8729442246372302,0.8729442246372302,0.8729442246372302,0.0,0.0,0.3282450172253172,True
42,nfunswv2,nftonv2,rf,0.001,0.0,0.554186742688193,0.9291181068479296,0.5648249566571932,0.9356466158206888,0.9356466158206888,0.9356466158206888,0.0,0.0,0.3708216591634955,True
42,nfunswv2,nftonv2,rf,0.01,0.0,0.564337124283169,0.96059874035726,0.5648249566571932,0.966984422109598,0.966984422109598,0.966984422109598,0.0,0.0,0.4021594654524048,True
42,nfunswv2,nftonv2,rf,0.05,0.0,0.5668817503752015,0.976413349956983,0.5648249566571932,0.9798130676390084,0.9798130676390084,0.9798130676390084,0.0,0.0,0.4149881109818152,True
42,nfunswv2,nftonv2,rf,0.1,0.0,0.5654829029131992,0.9800184788845696,0.5648249566571932,0.9824624469465004,0.9824624469465004,0.9824624469465004,0.0,0.0,0.4176374902893072,True
42,nfunswv2,nfbotv2,rf,0.0001,1.0,0.0748095274031311,0.0,-0.0509413209851375,0.216992622689214,-0.0509413209851375,0.216992622689214,0.26793394367435147,0.0,0.26793394367435147,False
42,nfunswv2,nfbotv2,rf,0.001,0.0,0.3315033792969687,0.6858893278688257,0.1978673650392327,0.7254914102759167,0.7254914102759167,0.7254914102759167,0.0,0.0,0.527624045236684,True
42,nfunswv2,nfbotv2,rf,0.01,0.0,0.3115382732696669,0.918989628793936,0.1978673650392327,0.8904987449953482,0.8904987449953482,0.8904987449953482,0.0,0.0,0.6926313799561155,True
42,nfunswv2,nfbotv2,rf,0.05,0.0,0.2174990549372731,0.9541725696614096,0.1978673650392327,0.957586525495166,0.957586525495166,0.957586525495166,0.0,0.0,0.7597191604559332,True
42,nfunswv2,nfbotv2,rf,0.1,0.0,0.2043060417911222,0.9688218499862036,0.1978673650392327,0.9686476482794264,0.9686476482794264,0.9686476482794264,0.0,0.0,0.7707802832401938,True
42,nfunswv2,nf2018v2,lgbm,0.0001,0.0,0.6110802260034327,0.8894090263647848,0.5510748951988833,0.903267570215251,0.903267570215251,0.903267570215251,0.0,0.0,0.35219267501636764,True
42,nfunswv2,nf2018v2,lgbm,0.001,0.0,0.5745334373772445,0.9678892798366636,0.5633813307313055,0.961725791726759,0.961725791726759,0.961725791726759,0.0,0.0,0.3983444609954535,True
42,nfunswv2,nf2018v2,lgbm,0.01,0.0,0.5670411475335093,0.9717158536206956,0.5638600405365433,0.9736689500113244,0.9736689500113244,0.9736689500113244,0.0,0.0,0.4098089094747811,True
42,nfunswv2,nf2018v2,lgbm,0.05,0.0,0.5652836593359304,0.9748192800028174,0.5639755697313199,0.9760078450582204,0.9760078450582204,0.9760078450582204,0.0,0.0,0.41203227532690045,True
42,nfunswv2,nf2018v2,lgbm,0.1,0.0,0.5640898662713821,0.9753286031646132,0.5637773368907595,0.976906323321744,0.976906323321744,0.976906323321744,0.0,0.0,0.4131289864309845,True
42,nfunswv2,nftonv2,lgbm,0.0001,0.0,0.2407565857399549,0.8436747689238814,0.2474711892436854,0.8467710817392476,0.8467710817392476,0.8467710817392476,0.0,0.0,0.5992998924955623,True
42,nfunswv2,nftonv2,lgbm,0.001,0.0,0.2523272193715941,0.9289197669682926,0.2495969905876431,0.932430527676789,0.932430527676789,0.932430527676789,0.0,0.0,0.682833537089146,True
42,nfunswv2,nftonv2,lgbm,0.01,0.0,0.2601354058524325,0.9655493210946152,0.2496790206088515,0.9693389129460036,0.9693389129460036,0.9693389129460036,0.0,0.0,0.7196598923371521,True
42,nfunswv2,nftonv2,lgbm,0.05,0.0,0.2497944111326338,0.9766571986917038,0.2495694180493621,0.980042821964238,0.980042821964238,0.980042821964238,0.0,0.0,0.7304734039148759,True
42,nfunswv2,nftonv2,lgbm,0.1,0.0,0.2508354165035891,0.9798412917889756,0.2495206798023282,0.9815567289244258,0.9815567289244258,0.9815567289244258,0.0,0.0,0.7320360491220976,True
42,nfunswv2,nfbotv2,lgbm,0.0001,1.0,0.2810129071203918,0.0,0.1375325142510242,0.4054627247441705,0.1375325142510242,0.4054627247441705,0.2679302104931463,0.0,0.2679302104931463,False
42,nfunswv2,nfbotv2,lgbm,0.001,0.0,0.3326978068575605,0.6559047092369128,0.1318598615539203,0.7755071246652027,0.7755071246652027,0.7755071246652027,0.0,0.0,0.6436472631112824,True
42,nfunswv2,nfbotv2,lgbm,0.01,0.0,0.1741718558569926,0.7875509294643687,0.1448203911634018,0.8772887146612782,0.8772887146612782,0.8772887146612782,0.0,0.0,0.7324683234978764,True
42,nfunswv2,nfbotv2,lgbm,0.05,0.0,0.1703294376447471,0.5710284342936626,0.154809540394039,0.001939572376869,0.001939572376869,0.154809540394039,0.15286996801716998,0.15286996801716998,0.0,False
42,nfunswv2,nfbotv2,lgbm,0.1,0.0,0.1681574888137533,0.2835828859839455,0.154809540394039,0.5489384344772246,0.5489384344772246,0.5489384344772246,0.0,0.0,0.3941288940831856,True
42,nfunswv2,nf2018v2,mlp,0.0001,0.0,0.3759836324575671,0.7984251474971643,0.27519092799696,0.8931536657894262,0.8931536657894262,0.8931536657894262,0.0,0.0,0.6179627377924662,True
42,nfunswv2,nf2018v2,mlp,0.001,0.0,0.3124623319601469,0.9283160441955144,0.2803855464069583,0.9401013519738656,0.9401013519738656,0.9401013519738656,0.0,0.0,0.6597158055669072,True
42,nfunswv2,nf2018v2,mlp,0.01,0.0,0.2862059933951084,0.9383997410406344,0.2807151612323332,0.9605731359993388,0.9605731359993388,0.9605731359993388,0.0,0.0,0.6798579747670056,True
42,nfunswv2,nf2018v2,mlp,0.05,0.0,0.2826282538747323,0.9690198635218858,0.2809702585885121,0.9702359922775567,0.9702359922775567,0.9702359922775567,0.0,0.0,0.6892657336890446,True
42,nfunswv2,nf2018v2,mlp,0.1,0.0,0.2801439332832432,0.9697814992506558,0.2809702585885121,0.9697527319466452,0.9697527319466452,0.9697527319466452,0.0,0.0,0.6887824733581331,True
42,nfunswv2,nftonv2,mlp,0.0001,0.0,0.1669518985442521,0.6409580430424441,0.1152963711143896,0.6570746325098591,0.6570746325098591,0.6570746325098591,0.0,0.0,0.5417782613954695,True
42,nfunswv2,nftonv2,mlp,0.001,0.0,0.2211270311003602,0.8965124836895993,0.1941841006248856,0.9079778559277176,0.9079778559277176,0.9079778559277176,0.0,0.0,0.713793755302832,True
42,nfunswv2,nftonv2,mlp,0.01,0.0,0.2015967203787504,0.9213493458190616,0.1942253114986512,0.9356558783057712,0.9356558783057712,0.9356558783057712,0.0,0.0,0.74143056680712,True
42,nfunswv2,nftonv2,mlp,0.05,0.0,0.2006439289754019,0.9467083542416328,0.1940440243018505,0.943495210597836,0.943495210597836,0.943495210597836,0.0,0.0,0.7494511862959855,True
42,nfunswv2,nftonv2,mlp,0.1,0.0,0.198577620811928,0.9503915586738002,0.1940670181190229,0.953793840451774,0.953793840451774,0.953793840451774,0.0,0.0,0.759726822332751,True
42,nfunswv2,nfbotv2,mlp,0.0001,1.0,1.0,0.0,0.0560657315041173,0.0852131190162651,0.0560657315041173,0.0852131190162651,0.029147387512147807,0.0,0.029147387512147807,False
42,nfunswv2,nfbotv2,mlp,0.001,1.0,0.3835226484096976,0.1353999457001672,0.4674058837407877,0.6500893936409267,0.4674058837407877,0.6500893936409267,0.18268350990013899,0.0,0.18268350990013899,False
42,nfunswv2,nfbotv2,mlp,0.01,0.0,0.4589014325213641,0.4650715033761727,0.5178175701749936,0.7544048080784458,0.7544048080784458,0.7544048080784458,0.0,0.0,0.23658723790345215,True
42,nfunswv2,nfbotv2,mlp,0.05,0.0,0.5159168027515898,0.8034093705210873,0.5206465058372604,0.8074495526479445,0.8074495526479445,0.8074495526479445,0.0,0.0,0.28680304681068414,True
42,nfunswv2,nfbotv2,mlp,0.1,0.0,0.5332384182818545,0.8884361537207258,0.5206465058372604,0.932578450959186,0.932578450959186,0.932578450959186,0.0,0.0,0.41193194512192566,True
42,nftonv2,nf2018v2,rf,0.0001,0.0,0.2498261127145374,0.8878696366260774,0.1820527477317436,0.945363583798542,0.945363583798542,0.945363583798542,0.0,0.0,0.7633108360667984,True
42,nftonv2,nf2018v2,rf,0.001,0.0,0.1948964615049223,0.9703293357412658,0.1963547445948619,0.9617495449421696,0.9617495449421696,0.9617495449421696,0.0,0.0,0.7653948003473077,True
42,nftonv2,nf2018v2,rf,0.01,0.0,0.1966709388213602,0.9735786548371088,0.1962707667999285,0.972867491168671,0.972867491168671,0.972867491168671,0.0,0.0,0.7765967243687425,True
42,nftonv2,nf2018v2,rf,0.05,0.0,0.1990235798471627,0.9745410559587144,0.1962707667999285,0.9759352351671404,0.9759352351671404,0.9759352351671404,0.0,0.0,0.7796644683672119,True
42,nftonv2,nf2018v2,rf,0.1,0.0,0.1979298330269652,0.975817148913902,0.1963547445948619,0.9769556813096164,0.9769556813096164,0.9769556813096164,0.0,0.0,0.7806009367147545,True
42,nftonv2,nfunswv2,rf,0.0001,0.0,0.3061148374487811,0.9358576176957496,0.2417283819400471,0.8761985266844862,0.8761985266844862,0.8761985266844862,0.0,0.0,0.6344701447444391,True
42,nftonv2,nfunswv2,rf,0.001,0.0,0.3012849152877177,0.9060216923915888,0.2541764142557255,0.9017121184941622,0.9017121184941622,0.9017121184941622,0.0,0.0,0.6475357042384366,True
42,nftonv2,nfunswv2,rf,0.01,0.0,0.2584359620778999,0.9381582452348606,0.2547484774883744,0.9416738256656512,0.9416738256656512,0.9416738256656512,0.0,0.0,0.6869253481772768,True
42,nftonv2,nfunswv2,rf,0.05,0.0,0.2602241151859306,0.9473607608291452,0.2569718295639525,0.947460954031949,0.947460954031949,0.947460954031949,0.0,0.0,0.6904891244679965,True
42,nftonv2,nfunswv2,rf,0.1,0.0,0.2524544977865504,0.9494563386460269,0.2569718295639525,0.9521709432394554,0.9521709432394554,0.9521709432394554,0.0,0.0,0.6951991136755029,True
42,nftonv2,nfbotv2,rf,0.0001,1.0,0.3476108935769035,0.0,0.0344741111504941,0.216992622689214,0.0344741111504941,0.216992622689214,0.1825185115387199,0.0,0.1825185115387199,False
42,nftonv2,nfbotv2,rf,0.001,0.0,0.0550271442301184,0.6858893278688257,0.0344741111504941,0.7254914102759167,0.7254914102759167,0.7254914102759167,0.0,0.0,0.6910172991254225,True
42,nftonv2,nfbotv2,rf,0.01,0.0,0.1504466359517657,0.918989628793936,0.1343023550726566,0.8904987449953482,0.8904987449953482,0.8904987449953482,0.0,0.0,0.7561963899226916,True
42,nftonv2,nfbotv2,rf,0.05,0.0,0.1397078181743519,0.9541725696614096,0.1430806769970848,0.957586525495166,0.957586525495166,0.957586525495166,0.0,0.0,0.8145058484980812,True
42,nftonv2,nfbotv2,rf,0.1,0.0,0.1603548361224898,0.9688218499862036,0.1430806769970848,0.9686476482794264,0.9686476482794264,0.9686476482794264,0.0,0.0,0.8255669712823416,True
42,nftonv2,nf2018v2,lgbm,0.0001,0.0,0.523270039987992,0.8894090263647848,0.3512635996669515,0.903267570215251,0.903267570215251,0.903267570215251,0.0,0.0,0.5520039705482995,True
42,nftonv2,nf2018v2,lgbm,0.001,0.0,0.4522028018234111,0.9678892798366636,0.3891840579181252,0.961725791726759,0.961725791726759,0.961725791726759,0.0,0.0,0.5725417338086338,True
42,nftonv2,nf2018v2,lgbm,0.01,0.0,0.4250773450646409,0.9717158536206956,0.4122182707384724,0.9736689500113244,0.9736689500113244,0.9736689500113244,0.0,0.0,0.561450679272852,True
42,nftonv2,nf2018v2,lgbm,0.05,0.0,0.4156619367849852,0.9748192800028174,0.4122182707384724,0.9760078450582204,0.9760078450582204,0.9760078450582204,0.0,0.0,0.563789574319748,True
42,nftonv2,nf2018v2,lgbm,0.1,0.0,0.4118967129649799,0.9753286031646132,0.4122182707384724,0.976906323321744,0.976906323321744,0.976906323321744,0.0,0.0,0.5646880525832716,True
42,nftonv2,nfunswv2,lgbm,0.0001,0.0,0.434433417644404,0.8717152353914989,0.1915932262436625,0.7394773684828944,0.7394773684828944,0.7394773684828944,0.0,0.0,0.5478841422392319,True
42,nftonv2,nfunswv2,lgbm,0.001,0.0,0.2512382483600384,0.848410526924862,0.2158123485781153,0.8783335913449848,0.8783335913449848,0.8783335913449848,0.0,0.0,0.6625212427668695,True
42,nftonv2,nfunswv2,lgbm,0.01,0.0,0.2014960700950697,0.9288510975947402,0.2192701442225516,0.9406611226839506,0.9406611226839506,0.9406611226839506,0.0,0.0,0.721390978461399,True
42,nftonv2,nfunswv2,lgbm,0.05,0.0,0.2150781495309491,0.9413234193205956,0.2192701442225516,0.9454640344668888,0.9454640344668888,0.9454640344668888,0.0,0.0,0.7261938902443372,True
42,nftonv2,nfunswv2,lgbm,0.1,0.0,0.209025090981054,0.948797937029876,0.2192701442225516,0.9488703253372784,0.9488703253372784,0.9488703253372784,0.0,0.0,0.7296001811147268,True
42,nftonv2,nfbotv2,lgbm,0.0001,1.0,1.0,0.0,0.2144354858338644,0.4054627247441705,0.2144354858338644,0.4054627247441705,0.1910272389103061,0.0,0.1910272389103061,False
42,nftonv2,nfbotv2,lgbm,0.001,0.0,0.3326978068575605,0.6559047092369128,0.2144354858338644,0.7755071246652027,0.7755071246652027,0.7755071246652027,0.0,0.0,0.5610716388313383,True
42,nftonv2,nfbotv2,lgbm,0.01,0.0,0.2760661722784356,0.8203495126676019,0.2763598423212492,0.8772887146612782,0.8772887146612782,0.8772887146612782,0.0,0.0,0.600928872340029,True
42,nftonv2,nfbotv2,lgbm,0.05,0.0,0.2997619923174723,0.5710284342936626,0.2763598423212492,0.1297195199299362,0.1297195199299362,0.2763598423212492,0.14664032239131303,0.14664032239131303,0.0,False
42,nftonv2,nfbotv2,lgbm,0.1,0.0,0.2920288314987602,0.5264728427456228,0.2763598423212492,0.7124832049997525,0.7124832049997525,0.7124832049997525,0.0,0.0,0.43612336267850327,True
42,nftonv2,nf2018v2,mlp,0.0001,0.0,0.3719472560604476,0.7984251474971643,0.2777687725073056,0.8931536657894262,0.8931536657894262,0.8931536657894262,0.0,0.0,0.6153848932821206,True
42,nftonv2,nf2018v2,mlp,0.001,0.0,0.404050553502564,0.9283160441955144,0.3985305636495242,0.9401013519738656,0.9401013519738656,0.9401013519738656,0.0,0.0,0.5415707883243414,True
42,nftonv2,nf2018v2,mlp,0.01,0.0,0.4132097331301164,0.9383997410406344,0.3983542202487165,0.9605731359993388,0.9605731359993388,0.9605731359993388,0.0,0.0,0.5622189157506223,True
42,nftonv2,nf2018v2,mlp,0.05,0.0,0.4020657963066186,0.9690198635218858,0.399184885032759,0.9702359922775567,0.9702359922775567,0.9702359922775567,0.0,0.0,0.5710511072447977,True
42,nftonv2,nf2018v2,mlp,0.1,0.0,0.3991590952742856,0.9697814992506558,0.3973662811438815,0.9697527319466452,0.9697527319466452,0.9697527319466452,0.0,0.0,0.5723864508027637,True
42,nftonv2,nfunswv2,mlp,0.0001,0.0,0.1352167966250947,0.7908351786510934,0.0509918771115549,0.6738046434465649,0.6738046434465649,0.6738046434465649,0.0,0.0,0.6228127663350099,True
42,nftonv2,nfunswv2,mlp,0.001,0.0,0.0803052589042764,0.7908960655068893,0.0630802761478275,0.8724595041636478,0.8724595041636478,0.8724595041636478,0.0,0.0,0.8093792280158203,True
42,nftonv2,nfunswv2,mlp,0.01,0.0,0.0921954865603946,0.7661062013611503,0.0857155528339251,0.9020094267814196,0.9020094267814196,0.9020094267814196,0.0,0.0,0.8162938739474945,True
42,nftonv2,nfunswv2,mlp,0.05,0.0,0.086678669720056,0.9224710425152044,0.0871078691591745,0.9212390576675296,0.9212390576675296,0.9212390576675296,0.0,0.0,0.8341311885083551,True
42,nftonv2,nfunswv2,mlp,0.1,0.0,0.0861248954141011,0.934792975700554,0.0871455665619929,0.9232569489766432,0.9232569489766432,0.9232569489766432,0.0,0.0,0.8361113824146503,True
42,nftonv2,nfbotv2,mlp,0.0001,1.0,0.1069763170597789,0.0,0.0701680648379479,0.0852131190162651,0.0701680648379479,0.0852131190162651,0.01504505417831721,0.0,0.01504505417831721,False
42,nftonv2,nfbotv2,mlp,0.001,1.0,0.212847985415997,0.1353999457001672,0.1929632198507919,0.6500893936409267,0.1929632198507919,0.6500893936409267,0.45712617379013476,0.0,0.45712617379013476,False
42,nftonv2,nfbotv2,mlp,0.01,0.0,0.4263224074845049,0.4650715033761727,0.4664698034223938,0.7544048080784458,0.7544048080784458,0.7544048080784458,0.0,0.0,0.287935004656052,True
42,nftonv2,nfbotv2,mlp,0.05,0.0,0.4544963223149584,0.8034093705210873,0.4692369597185513,0.8074495526479445,0.8074495526479445,0.8074495526479445,0.0,0.0,0.3382125929293932,True
42,nftonv2,nfbotv2,mlp,0.1,0.0,0.4511026425365738,0.8884361537207258,0.4689769943381813,0.932578450959186,0.932578450959186,0.932578450959186,0.0,0.0,0.4636014566210047,True
42,nfbotv2,nf2018v2,rf,0.0001,0.0,0.7434121621621622,0.8878696366260774,0.7361487333562381,0.945363583798542,0.945363583798542,0.945363583798542,0.0,0.0,0.20921485044230392,True
42,nfbotv2,nf2018v2,rf,0.001,0.0,0.7531270178259537,0.9703293357412658,0.7579883908454679,0.9617495449421696,0.9617495449421696,0.9617495449421696,0.0,0.0,0.2037611540967017,True
42,nfbotv2,nf2018v2,rf,0.01,0.0,0.7677719023990078,0.9735786548371088,0.759382343103206,0.972867491168671,0.972867491168671,0.972867491168671,0.0,0.0,0.21348514806546504,True
42,nfbotv2,nf2018v2,rf,0.05,0.0,0.761388079961831,0.9745410559587144,0.759382343103206,0.9759352351671404,0.9759352351671404,0.9759352351671404,0.0,0.0,0.21655289206393447,True
42,nfbotv2,nf2018v2,rf,0.1,0.0,0.7606838383439731,0.975817148913902,0.759382343103206,0.9769556813096164,0.9769556813096164,0.9769556813096164,0.0,0.0,0.21757333820641045,True
42,nfbotv2,nfunswv2,rf,0.0001,0.0,0.0855186110494136,0.9358576176957496,-0.068977258981859,0.8761985266844862,0.8761985266844862,0.8761985266844862,0.0,0.0,0.9451757856663452,True
42,nfbotv2,nfunswv2,rf,0.001,0.0,0.1334650679203379,0.9060216923915888,0.1432777741620017,0.9017121184941622,0.9017121184941622,0.9017121184941622,0.0,0.0,0.7584343443321605,True
42,nfbotv2,nfunswv2,rf,0.01,0.0,0.1354317007330562,0.9381582452348606,0.1432777741620017,0.9416738256656512,0.9416738256656512,0.9416738256656512,0.0,0.0,0.7983960515036495,True
42,nfbotv2,nfunswv2,rf,0.05,0.0,0.1483488865841574,0.9473607608291452,0.1484905458943646,0.947460954031949,0.947460954031949,0.947460954031949,0.0,0.0,0.7989704081375844,True
42,nfbotv2,nfunswv2,rf,0.1,0.0,0.1501739048227389,0.9494563386460269,0.1484905458943646,0.9521709432394554,0.9521709432394554,0.9521709432394554,0.0,0.0,0.8036803973450908,True
42,nfbotv2,nftonv2,rf,0.0001,0.0,0.6660278314692459,0.8317509721471161,0.6275547794198014,0.8729442246372302,0.8729442246372302,0.8729442246372302,0.0,0.0,0.24538944521742878,True
42,nfbotv2,nftonv2,rf,0.001,0.0,0.6175799117687552,0.9291181068479296,0.6275547794198014,0.9356466158206888,0.9356466158206888,0.9356466158206888,0.0,0.0,0.30809183640088733,True
42,nfbotv2,nftonv2,rf,0.01,0.0,0.6245981589503938,0.96059874035726,0.6275547794198014,0.966984422109598,0.966984422109598,0.966984422109598,0.0,0.0,0.3394296426897966,True
42,nfbotv2,nftonv2,rf,0.05,0.0,0.6272556350849773,0.976413349956983,0.6275547794198014,0.9798130676390084,0.9798130676390084,0.9798130676390084,0.0,0.0,0.352258288219207,True
42,nfbotv2,nftonv2,rf,0.1,0.0,0.6284839717720847,0.9800184788845696,0.6275547794198014,0.9824624469465004,0.9824624469465004,0.9824624469465004,0.0,0.0,0.354907667526699,True
42,nfbotv2,nf2018v2,lgbm,0.0001,0.0,0.3880796029063948,0.8894090263647848,0.3123713646422369,0.903267570215251,0.903267570215251,0.903267570215251,0.0,0.0,0.590896205573014,True
42,nfbotv2,nf2018v2,lgbm,0.001,0.0,0.3315670304831876,0.9678892798366636,0.3123713646422369,0.961725791726759,0.961725791726759,0.961725791726759,0.0,0.0,0.6493544270845221,True
42,nfbotv2,nf2018v2,lgbm,0.01,0.0,0.318251731848242,0.9717158536206956,0.3123713646422369,0.9736689500113244,0.9736689500113244,0.9736689500113244,0.0,0.0,0.6612975853690874,True
42,nfbotv2,nf2018v2,lgbm,0.05,0.0,0.3136266833412224,0.9748192800028174,0.3123713646422369,0.9760078450582204,0.9760078450582204,0.9760078450582204,0.0,0.0,0.6636364804159834,True
42,nfbotv2,nf2018v2,lgbm,0.1,0.0,0.3133533462276229,0.9753286031646132,0.3123713646422369,0.976906323321744,0.976906323321744,0.976906323321744,0.0,0.0,0.6645349586795071,True
42,nfbotv2,nfunswv2,lgbm,0.0001,0.0,0.0354755660060847,0.8717152353914989,-0.0335775440087658,0.7394773684828944,0.7394773684828944,0.7394773684828944,0.0,0.0,0.7730549124916601,True
42,nfbotv2,nfunswv2,lgbm,0.001,0.0,0.0388224668543845,0.848410526924862,0.0321225319279388,0.8783335913449848,0.8783335913449848,0.8783335913449848,0.0,0.0,0.846211059417046,True
42,nfbotv2,nfunswv2,lgbm,0.01,0.0,0.0356283431570277,0.9288510975947402,0.0336291480605365,0.9406611226839506,0.9406611226839506,0.9406611226839506,0.0,0.0,0.9070319746234141,True
42,nfbotv2,nfunswv2,lgbm,0.05,0.0,0.0306910150146703,0.9413234193205956,0.0336291480605365,0.9454640344668888,0.9454640344668888,0.9454640344668888,0.0,0.0,0.9118348864063522,True
42,nfbotv2,nfunswv2,lgbm,0.1,0.0,0.0318629556675238,0.948797937029876,0.0337010264857585,0.9488703253372784,0.9488703253372784,0.9488703253372784,0.0,0.0,0.91516929885152,True
42,nfbotv2,nftonv2,lgbm,0.0001,0.0,0.0067184088759523,0.8436747689238814,-0.0091853538849098,0.8467710817392476,0.8467710817392476,0.8467710817392476,0.0,0.0,0.8559564356241575,True
42,nfbotv2,nftonv2,lgbm,0.001,0.0,0.0129269497748503,0.9289197669682926,0.0081340521225009,0.932430527676789,0.932430527676789,0.932430527676789,0.0,0.0,0.9242964755542882,True
42,nfbotv2,nftonv2,lgbm,0.01,0.0,0.0132852937070337,0.9655493210946152,0.0091853538849098,0.9693389129460036,0.9693389129460036,0.9693389129460036,0.0,0.0,0.9601535590610938,True
42,nfbotv2,nftonv2,lgbm,0.05,0.0,0.0120410522113849,0.9766571986917038,0.0091853538849098,0.980042821964238,0.980042821964238,0.980042821964238,0.0,0.0,0.9708574680793282,True
42,nfbotv2,nftonv2,lgbm,0.1,0.0,0.0122894204390821,0.9798412917889756,0.0091853538849098,0.9815567289244258,0.9815567289244258,0.9815567289244258,0.0,0.0,0.972371375039516,True
42,nfbotv2,nf2018v2,mlp,0.0001,0.0,0.727030129095126,0.7984251474971643,0.5442323022916508,0.8931536657894262,0.8931536657894262,0.8931536657894262,0.0,0.0,0.34892136349777547,True
42,nfbotv2,nf2018v2,mlp,0.001,0.0,0.6002879001660243,0.9283160441955144,0.5608485111161038,0.9401013519738656,0.9401013519738656,0.9401013519738656,0.0,0.0,0.3792528408577618,True
42,nfbotv2,nf2018v2,mlp,0.01,0.0,0.5734020209893675,0.9383997410406344,0.5609695129536018,0.9605731359993388,0.9605731359993388,0.9605731359993388,0.0,0.0,0.39960362304573704,True
42,nfbotv2,nf2018v2,mlp,0.05,0.0,0.5657617037546759,0.9690198635218858,0.5611916548526216,0.9702359922775567,0.9702359922775567,0.9702359922775567,0.0,0.0,0.4090443374249352,True
42,nfbotv2,nf2018v2,mlp,0.1,0.0,0.5604555839526817,0.9697814992506558,0.5611916548526216,0.9697527319466452,0.9697527319466452,0.9697527319466452,0.0,0.0,0.4085610770940237,True
42,nfbotv2,nfunswv2,mlp,0.0001,0.0,0.227595747779643,0.7908351786510934,0.0908630944235291,0.6738046434465649,0.6738046434465649,0.6738046434465649,0.0,0.0,0.5829415490230357,True
42,nfbotv2,nfunswv2,mlp,0.001,0.0,0.1051815142612299,0.7908960655068893,0.0953700832143139,0.8724595041636478,0.8724595041636478,0.8724595041636478,0.0,0.0,0.777089420949334,True
42,nfbotv2,nfunswv2,mlp,0.01,0.0,0.1013063811950976,0.7661062013611503,0.0918156394455554,0.9020094267814196,0.9020094267814196,0.9020094267814196,0.0,0.0,0.8101937873358642,True
42,nfbotv2,nfunswv2,mlp,0.05,0.0,0.0968565807715828,0.9224710425152044,0.0959965677576921,0.9212390576675296,0.9212390576675296,0.9212390576675296,0.0,0.0,0.8252424899098375,True
42,nfbotv2,nfunswv2,mlp,0.1,0.0,0.0979582757655307,0.934792975700554,0.0965646730012589,0.9232569489766432,0.9232569489766432,0.9232569489766432,0.0,0.0,0.8266922759753843,True
42,nfbotv2,nftonv2,mlp,0.0001,0.0,0.3661660094550231,0.6409580430424441,0.3499611048013869,0.6570746325098591,0.6570746325098591,0.6570746325098591,0.0,0.0,0.30711352770847217,True
42,nfbotv2,nftonv2,mlp,0.001,0.0,0.3675177508618872,0.8965124836895993,0.3615172256992645,0.9079778559277176,0.9079778559277176,0.9079778559277176,0.0,0.0,0.5464606302284531,True
42,nfbotv2,nftonv2,mlp,0.01,0.0,0.362936614768523,0.9213493458190616,0.3646148456419511,0.9356558783057712,0.9356558783057712,0.9356558783057712,0.0,0.0,0.5710410326638201,True
42,nfbotv2,nftonv2,mlp,0.05,0.0,0.3640663973224142,0.9467083542416328,0.3646632327370037,0.943495210597836,0.943495210597836,0.943495210597836,0.0,0.0,0.5788319778608324,True
42,nfbotv2,nftonv2,mlp,0.1,0.0,0.3642059688729097,0.9503915586738002,0.3646611843020298,0.953793840451774,0.953793840451774,0.953793840451774,0.0,0.0,0.5891326561497441,True
43,nf2018v2,nfunswv2,rf,0.0001,0.0,0.3328214853224097,0.7159003795039401,0.3047749715684082,0.8541612704446933,0.8541612704446933,0.8541612704446933,0.0,0.0,0.549386298876285,True
43,nf2018v2,nfunswv2,rf,0.001,0.0,0.3432494757901423,0.9564183055663992,0.3289851435636112,0.8876498620602075,0.8876498620602075,0.8876498620602075,0.0,0.0,0.5586647184965963,True
43,nf2018v2,nfunswv2,rf,0.01,0.0,0.3462882299632253,0.9401333938732248,0.3289851435636112,0.9333871224876006,0.9333871224876006,0.9333871224876006,0.0,0.0,0.6044019789239894,True
43,nf2018v2,nfunswv2,rf,0.05,0.0,0.34079279518881,0.9454109534401224,0.3289851435636112,0.9449085897825767,0.9449085897825767,0.9449085897825767,0.0,0.0,0.6159234462189656,True
43,nf2018v2,nfunswv2,rf,0.1,0.0,0.3298873879267977,0.9480552484545296,0.3289851435636112,0.9487413598383624,0.9487413598383624,0.9487413598383624,0.0,0.0,0.6197562162747512,True
43,nf2018v2,nftonv2,rf,0.0001,0.0,0.4276859367827457,0.8697814882385083,0.4642220285648107,0.8998697579605488,0.8998697579605488,0.8998697579605488,0.0,0.0,0.4356477293957381,True
43,nf2018v2,nftonv2,rf,0.001,0.0,0.4668663679837519,0.941053779594192,0.4642220285648107,0.9372897197889032,0.9372897197889032,0.9372897197889032,0.0,0.0,0.4730676912240925,True
43,nf2018v2,nftonv2,rf,0.01,0.0,0.4676187423762284,0.9613240254059052,0.4642220285648107,0.9674547870839578,0.9674547870839578,0.9674547870839578,0.0,0.0,0.5032327585191472,True
43,nf2018v2,nftonv2,rf,0.05,0.0,0.4598065473834019,0.9789861091840342,0.4642220285648107,0.9795349682932952,0.9795349682932952,0.9795349682932952,0.0,0.0,0.5153129397284846,True
43,nf2018v2,nftonv2,rf,0.1,0.0,0.4584790511183112,0.9809927918142064,0.4642220285648107,0.9822223304966742,0.9822223304966742,0.9822223304966742,0.0,0.0,0.5180003019318635,True
43,nf2018v2,nfbotv2,rf,0.0001,1.0,0.1972901301260014,0.0,0.0149420625502965,0.1193465373377832,0.0149420625502965,0.1193465373377832,0.10440447478748671,0.0,0.10440447478748671,False
43,nf2018v2,nfbotv2,rf,0.001,0.0,0.0768451460273014,0.7974787938231138,0.0403558649087108,0.8190903714645061,0.8190903714645061,0.8190903714645061,0.0,0.0,0.7787345065557953,True
43,nf2018v2,nfbotv2,rf,0.01,0.0,0.2573457609260973,0.9262862489770108,0.1924906016633329,0.9236789835902104,0.9236789835902104,0.9236789835902104,0.0,0.0,0.7311883819268775,True
43,nf2018v2,nfbotv2,rf,0.05,0.0,0.1929228479342395,0.9651192039585356,0.1924906016633329,0.960531783068614,0.960531783068614,0.960531783068614,0.0,0.0,0.7680411814052811,True
43,nf2018v2,nfbotv2,rf,0.1,0.0,0.1963671111002016,0.9676383496854748,0.1924906016633329,0.9680798070122372,0.9680798070122372,0.9680798070122372,0.0,0.0,0.7755892053489043,True
43,nf2018v2,nfunswv2,lgbm,0.0001,0.0,0.3061148374487811,0.6350203227635347,0.1305293659355892,0.7913860739936909,0.7913860739936909,0.7913860739936909,0.0,0.0,0.6608567080581017,True
43,nf2018v2,nfunswv2,lgbm,0.001,0.0,0.2988669891590643,0.8382432748691097,0.1491016761218808,0.8823004750301502,0.8823004750301502,0.8823004750301502,0.0,0.0,0.7331987989082693,True
43,nf2018v2,nfunswv2,lgbm,0.01,0.0,0.1735571475376458,0.9322038152536456,0.1561761637403722,0.9375647280032764,0.9375647280032764,0.9375647280032764,0.0,0.0,0.7813885642629042,True
43,nf2018v2,nfunswv2,lgbm,0.05,0.0,0.1550756718159346,0.944029371898595,0.1558133525249471,0.9437814831699084,0.9437814831699084,0.9437814831699084,0.0,0.0,0.7879681306449613,True
43,nf2018v2,nfunswv2,lgbm,0.1,0.0,0.1654316618983779,0.9481182694437602,0.1558133525249471,0.948507923485147,0.948507923485147,0.948507923485147,0.0,0.0,0.7926945709601999,True
43,nf2018v2,nftonv2,lgbm,0.0001,0.0,0.2566016377844968,0.8846918992235979,0.2373730689917267,0.8982740453634082,0.8982740453634082,0.8982740453634082,0.0,0.0,0.6609009763716814,True
43,nf2018v2,nftonv2,lgbm,0.001,0.0,0.2803199113119268,0.935283855498754,0.3012226653738714,0.9363269288868392,0.9363269288868392,0.9363269288868392,0.0,0.0,0.6351042635129678,True
43,nf2018v2,nftonv2,lgbm,0.01,0.0,0.3025029150020081,0.9640920580753476,0.308659822048429,0.9700660027920842,0.9700660027920842,0.9700660027920842,0.0,0.0,0.6614061807436552,True
43,nf2018v2,nftonv2,lgbm,0.05,0.0,0.3036210201901548,0.9784594157573592,0.3093936407446748,0.9810633269653732,0.9810633269653732,0.9810633269653732,0.0,0.0,0.6716696862206984,True
43,nf2018v2,nftonv2,lgbm,0.1,0.0,0.3006904076850155,0.9813186997527372,0.3093936407446748,0.9829808413165918,0.9829808413165918,0.9829808413165918,0.0,0.0,0.673587200571917,True
43,nf2018v2,nfbotv2,lgbm,0.0001,1.0,0.496415724396973,0.0,0.264688694352809,0.4760882171206886,0.264688694352809,0.4760882171206886,0.2113995227678796,0.0,0.2113995227678796,False
43,nf2018v2,nfbotv2,lgbm,0.001,0.0,0.429488600458997,0.8772746046837404,0.2942479751191748,0.7953362520672728,0.7953362520672728,0.7953362520672728,0.0,0.0,0.501088276948098,True
43,nf2018v2,nfbotv2,lgbm,0.01,0.0,0.3144784272342543,0.8836370245514322,0.3221972505653795,0.3593710346079696,0.3593710346079696,0.3593710346079696,0.0,0.0,0.037173784042590086,True
43,nf2018v2,nfbotv2,lgbm,0.05,0.0,0.3207443707376476,0.6220143542405209,0.3218362713056108,0.4330552454636567,0.4330552454636567,0.4330552454636567,0.0,0.0,0.11121897415804588,True
43,nf2018v2,nfbotv2,lgbm,0.1,1.0,0.3258339057272542,0.2382920116999728,0.3106102431515619,0.0005376165102734,0.3106102431515619,0.3106102431515619,0.0,0.3100726266412885,0.0,True
43,nf2018v2,nfunswv2,mlp,0.0001,0.0,0.1751282566650533,0.7094079637637803,0.0920762191656675,0.6828866112401478,0.6828866112401478,0.6828866112401478,0.0,0.0,0.5908103920744803,True
43,nf2018v2,nfunswv2,mlp,0.001,0.0,0.1334650679203379,0.8818115338217559,0.0752061670630151,0.8004468049647817,0.8004468049647817,0.8004468049647817,0.0,0.0,0.7252406379017666,True
43,nf2018v2,nfunswv2,mlp,0.01,0.0,0.171635293243742,0.8324004690225203,0.1499935857704043,0.9031449378854092,0.9031449378854092,0.9031449378854092,0.0,0.0,0.7531513521150048,True
43,nf2018v2,nfunswv2,mlp,0.05,0.0,0.164786988672278,0.922815779605667,0.1507151686958876,0.9216934413288318,0.9216934413288318,0.9216934413288318,0.0,0.0,0.7709782726329442,True
43,nf2018v2,nfunswv2,mlp,0.1,0.0,0.157115745471767,0.9303115987203676,0.1507151686958876,0.9345482394634088,0.9345482394634088,0.9345482394634088,0.0,0.0,0.7838330707675212,True
43,nf2018v2,nftonv2,mlp,0.0001,0.0,0.2614268104470287,0.7354496044018065,0.2346499935269741,0.620701676145297,0.620701676145297,0.620701676145297,0.0,0.0,0.3860516826183229,True
43,nf2018v2,nftonv2,mlp,0.001,0.0,0.232649947830162,0.918141342257196,0.2135450442233088,0.9028662553438564,0.9028662553438564,0.9028662553438564,0.0,0.0,0.6893212111205477,True
43,nf2018v2,nftonv2,mlp,0.01,0.0,0.2405151424693841,0.9208127028877388,0.2442323419435935,0.9306256590773838,0.9306256590773838,0.9306256590773838,0.0,0.0,0.6863933171337904,True
43,nf2018v2,nftonv2,mlp,0.05,0.0,0.2446682757377287,0.9421857413082104,0.2442583592694333,0.946530596823746,0.946530596823746,0.946530596823746,0.0,0.0,0.7022722375543127,True
43,nf2018v2,nftonv2,mlp,0.1,0.0,0.2437954100952095,0.9485076335111856,0.2442583592694333,0.9545982930342436,0.9545982930342436,0.9545982930342436,0.0,0.0,0.7103399337648103,True
43,nf2018v2,nfbotv2,mlp,0.0001,1.0,1.0,0.0,0.1632406909527047,0.114265324383953,0.1632406909527047,0.1632406909527047,0.0,0.04897536656875169,0.0,True
43,nf2018v2,nfbotv2,mlp,0.001,0.0,0.4706178158333436,0.7526134367266649,0.2906980324217514,0.6862381707570958,0.6862381707570958,0.6862381707570958,0.0,0.0,0.3955401383353444,True
43,nf2018v2,nfbotv2,mlp,0.01,0.0,0.3017754748686359,0.7166043607084261,0.3079960011306148,0.7417089862030137,0.7417089862030137,0.7417089862030137,0.0,0.0,0.4337129850723989,True
43,nf2018v2,nfbotv2,mlp,0.05,0.0,0.33373032591313,0.8211142557175419,0.3079960011306148,0.7730766267256767,0.7730766267256767,0.7730766267256767,0.0,0.0,0.46508062559506186,True
43,nf2018v2,nfbotv2,mlp,0.1,0.0,0.2872389291225697,0.9298545339985956,0.3047226537125984,0.9271065619153076,0.9271065619153076,0.9271065619153076,0.0,0.0,0.6223839082027092,True
43,nfunswv2,nf2018v2,rf,0.0001,0.0,0.2930700052188785,0.9054221850479712,0.2190781619995943,0.9497424493707902,0.9497424493707902,0.9497424493707902,0.0,0.0,0.7306642873711959,True
43,nfunswv2,nf2018v2,rf,0.001,0.0,0.2505620517742439,0.968034200711818,0.2485285456050387,0.9622659906267894,0.9622659906267894,0.9622659906267894,0.0,0.0,0.7137374450217507,True
43,nfunswv2,nf2018v2,rf,0.01,0.0,0.2549341127728152,0.9749568880425712,0.2515937392140749,0.9725067511454404,0.9725067511454404,0.9725067511454404,0.0,0.0,0.7209130119313655,True
43,nfunswv2,nf2018v2,rf,0.05,0.0,0.2532532903819227,0.9754216769743044,0.2515937392140749,0.9762028618687908,0.9762028618687908,0.9762028618687908,0.0,0.0,0.7246091226547159,True
43,nfunswv2,nf2018v2,rf,0.1,0.0,0.2510722264470769,0.976002844806402,0.2515937392140749,0.9767128671652786,0.9767128671652786,0.9767128671652786,0.0,0.0,0.7251191279512037,True
43,nfunswv2,nftonv2,rf,0.0001,0.0,0.3097548511915272,0.8697814882385083,0.2678118265927099,0.8998697579605488,0.8998697579605488,0.8998697579605488,0.0,0.0,0.6320579313678389,True
43,nfunswv2,nftonv2,rf,0.001,0.0,0.2634196866246891,0.941053779594192,0.2890846786622975,0.9372897197889032,0.9372897197889032,0.9372897197889032,0.0,0.0,0.6482050411266057,True
43,nfunswv2,nftonv2,rf,0.01,0.0,0.2848624971719353,0.9613240254059052,0.2888469433495536,0.9674547870839578,0.9674547870839578,0.9674547870839578,0.0,0.0,0.6786078437344043,True
43,nfunswv2,nftonv2,rf,0.05,0.0,0.2832810327264838,0.9789861091840342,0.2890846786622975,0.9795349682932952,0.9795349682932952,0.9795349682932952,0.0,0.0,0.6904502896309977,True
43,nfunswv2,nftonv2,rf,0.1,0.0,0.2859889282550031,0.9809927918142064,0.2890846786622975,0.9822223304966742,0.9822223304966742,0.9822223304966742,0.0,0.0,0.6931376518343767,True
43,nfunswv2,nfbotv2,rf,0.0001,1.0,0.3093772546815388,0.0,0.1809228612698704,0.1193465373377832,0.1809228612698704,0.1809228612698704,0.0,0.06157632393208719,0.0,True
43,nfunswv2,nfbotv2,rf,0.001,0.0,0.3315033792969687,0.7974787938231138,0.2411583469768678,0.8190903714645061,0.8190903714645061,0.8190903714645061,0.0,0.0,0.5779320244876384,True
43,nfunswv2,nfbotv2,rf,0.01,0.0,0.2777170168526696,0.9262862489770108,0.2411583469768678,0.9236789835902104,0.9236789835902104,0.9236789835902104,0.0,0.0,0.6825206366133426,True
43,nfunswv2,nfbotv2,rf,0.05,0.0,0.2376414420294171,0.9651192039585356,0.2411583469768678,0.960531783068614,0.960531783068614,0.960531783068614,0.0,0.0,0.7193734360917462,True
43,nfunswv2,nfbotv2,rf,0.1,0.0,0.2590271069689192,0.9676383496854748,0.2411583469768678,0.9680798070122372,0.9680798070122372,0.9680798070122372,0.0,0.0,0.7269214600353694,True
43,nfunswv2,nf2018v2,lgbm,0.0001,0.0,0.5950287821267569,0.870595818484898,0.5936226573933987,0.9547900539774,0.9547900539774,0.9547900539774,0.0,0.0,0.3611673965840013,True
43,nfunswv2,nf2018v2,lgbm,0.001,0.0,0.59966868296032,0.9680228791841444,0.5972423689878505,0.9630325127573506,0.9630325127573506,0.9630325127573506,0.0,0.0,0.36579014376950003,True
43,nfunswv2,nf2018v2,lgbm,0.01,0.0,0.596967531709197,0.9742589339324438,0.5972965004164605,0.9724527785794436,0.9724527785794436,0.9724527785794436,0.0,0.0,0.375156278162983,True
43,nfunswv2,nf2018v2,lgbm,0.05,0.0,0.5998898751540425,0.9762556387914786,0.5972093020501267,0.9764681780515906,0.9764681780515906,0.9764681780515906,0.0,0.0,0.3792588760014639,True
43,nfunswv2,nf2018v2,lgbm,0.1,0.0,0.5993110166527952,0.9755601251077106,0.5973850786312048,0.9767139717672858,0.9767139717672858,0.9767139717672858,0.0,0.0,0.379328893136081,True
43,nfunswv2,nftonv2,lgbm,0.0001,0.0,0.2261563075974108,0.8846918992235979,0.1485320026058619,0.8982740453634082,0.8982740453634082,0.8982740453634082,0.0,0.0,0.7497420427575463,True
43,nfunswv2,nftonv2,lgbm,0.001,0.0,0.1811391970556307,0.935283855498754,0.1665072195956984,0.9363269288868392,0.9363269288868392,0.9363269288868392,0.0,0.0,0.7698197092911409,True
43,nfunswv2,nftonv2,lgbm,0.01,0.0,0.1752065469561075,0.9640920580753476,0.1666113373990655,0.9700660027920842,0.9700660027920842,0.9700660027920842,0.0,0.0,0.8034546653930187,True
43,nfunswv2,nftonv2,lgbm,0.05,0.0,0.1689392507304628,0.9784594157573592,0.1699749875350613,0.9810633269653732,0.9810633269653732,0.9810633269653732,0.0,0.0,0.8110883394303119,True
43,nfunswv2,nftonv2,lgbm,0.1,0.0,0.1671057817119907,0.9813186997527372,0.1699749875350613,0.9829808413165918,0.9829808413165918,0.9829808413165918,0.0,0.0,0.8130058537815306,True
43,nfunswv2,nfbotv2,lgbm,0.0001,1.0,0.0831947907049652,0.0,-4.880260156164564e-05,0.4760882171206886,-4.880260156164564e-05,0.4760882171206886,0.47613701972225025,0.0,0.47613701972225025,False
43,nfunswv2,nfbotv2,lgbm,0.001,0.0,0.2131974592406644,0.8772746046837404,0.2051470360033439,0.7953362520672728,0.7953362520672728,0.7953362520672728,0.0,0.0,0.5901892160639288,True
43,nfunswv2,nfbotv2,lgbm,0.01,0.0,0.1944369445011637,0.8836370245514322,0.2048373248548665,0.5730439827492152,0.5730439827492152,0.5730439827492152,0.0,0.0,0.3682066578943487,True
43,nfunswv2,nfbotv2,lgbm,0.05,0.0,0.1919996911605798,0.6922850798115731,0.2048373248548665,0.2584156179828424,0.2584156179828424,0.2584156179828424,0.0,0.0,0.05357829312797591,True
43,nfunswv2,nfbotv2,lgbm,0.1,0.0,0.2017617096427372,0.436121574129168,0.2048373248548665,0.335568146891708,0.335568146891708,0.335568146891708,0.0,0.0,0.1307308220368415,True
43,nfunswv2,nf2018v2,mlp,0.0001,0.0,0.34656664041829,0.8284915107680687,0.2767760618253302,0.9185268295836714,0.9185268295836714,0.9185268295836714,0.0,0.0,0.6417507677583412,True
43,nfunswv2,nf2018v2,mlp,0.001,0.0,0.299244668683953,0.9204930171285198,0.2796948211585628,0.9442280230380984,0.9442280230380984,0.9442280230380984,0.0,0.0,0.6645332018795356,True
43,nfunswv2,nf2018v2,mlp,0.01,0.0,0.2826832919145614,0.9500523525487716,0.2804855467263047,0.9640499700876856,0.9640499700876856,0.9640499700876856,0.0,0.0,0.6835644233613809,True
43,nfunswv2,nf2018v2,mlp,0.05,0.0,0.2827180636207265,0.9678063017348116,0.2804068722643354,0.9692133037802876,0.9692133037802876,0.9692133037802876,0.0,0.0,0.6888064315159521,True
43,nfunswv2,nf2018v2,mlp,0.1,0.0,0.282087634221069,0.9705742574259384,0.28043324781389,0.972699837724492,0.972699837724492,0.972699837724492,0.0,0.0,0.692266589910602,True
43,nfunswv2,nftonv2,mlp,0.0001,0.0,0.2354543910679902,0.7354496044018065,0.2253953473259354,0.620701676145297,0.620701676145297,0.620701676145297,0.0,0.0,0.3953063288193616,True
43,nfunswv2,nftonv2,mlp,0.001,0.0,0.2295396626041215,0.918141342257196,0.2242616194979167,0.9028662553438564,0.9028662553438564,0.9028662553438564,0.0,0.0,0.6786046358459398,True
43,nfunswv2,nftonv2,mlp,0.01,0.0,0.2312222421875615,0.9208127028877388,0.2314031221909025,0.9306256590773838,0.9306256590773838,0.9306256590773838,0.0,0.0,0.6992225368864813,True
43,nfunswv2,nftonv2,mlp,0.05,0.0,0.229684733142339,0.9421857413082104,0.2322592304272881,0.946530596823746,0.946530596823746,0.946530596823746,0.0,0.0,0.7142713663964578,True
43,nfunswv2,nftonv2,mlp,0.1,0.0,0.2303247214144692,0.9485076335111856,0.2323741681454537,0.9545982930342436,0.9545982930342436,0.9545982930342436,0.0,0.0,0.72222412488879,True
43,nfunswv2,nfbotv2,mlp,0.0001,1.0,0.5745944049142231,0.0,0.1441185903819411,0.114265324383953,0.1441185903819411,0.1441185903819411,0.0,0.029853265997988113,0.0,True
43,nfunswv2,nfbotv2,mlp,0.001,0.0,0.5765241057291646,0.7526134367266649,0.2502609582781475,0.6862381707570958,0.6862381707570958,0.6862381707570958,0.0,0.0,0.43597721247894833,True
43,nfunswv2,nfbotv2,mlp,0.01,0.0,0.3377589064742295,0.7166043607084261,0.276717789832711,0.7417089862030137,0.7417089862030137,0.7417089862030137,0.0,0.0,0.46499119637030273,True
43,nfunswv2,nfbotv2,mlp,0.05,0.0,0.3007432659567531,0.8211142557175419,0.276717789832711,0.7730766267256767,0.7730766267256767,0.7730766267256767,0.0,0.0,0.49635883689296567,True
43,nfunswv2,nfbotv2,mlp,0.1,0.0,0.2939450185819081,0.9298545339985956,0.2844053624907331,0.9271065619153076,0.9271065619153076,0.9271065619153076,0.0,0.0,0.6427011994245745,True
43,nftonv2,nf2018v2,rf,0.0001,0.0,0.259507906010305,0.9054221850479712,0.1682599308937495,0.9497424493707902,0.9497424493707902,0.9497424493707902,0.0,0.0,0.7814825184770408,True
43,nftonv2,nf2018v2,rf,0.001,0.0,0.2065485760385854,0.968034200711818,0.2084563334484817,0.9622659906267894,0.9622659906267894,0.9622659906267894,0.0,0.0,0.7538096571783077,True
43,nftonv2,nf2018v2,rf,0.01,0.0,0.2059199233927984,0.9749568880425712,0.2084563334484817,0.9725067511454404,0.9725067511454404,0.9725067511454404,0.0,0.0,0.7640504176969587,True
43,nftonv2,nf2018v2,rf,0.05,0.0,0.2078383468778106,0.9754216769743044,0.2084563334484817,0.9762028618687908,0.9762028618687908,0.9762028618687908,0.0,0.0,0.7677465284203091,True
43,nftonv2,nf2018v2,rf,0.1,0.0,0.2082772400575166,0.976002844806402,0.2084563334484817,0.9767128671652786,0.9767128671652786,0.9767128671652786,0.0,0.0,0.7682565337167969,True
43,nftonv2,nfunswv2,rf,0.0001,0.0,0.2477611940298507,0.7159003795039401,0.0908796241440259,0.8541612704446933,0.8541612704446933,0.8541612704446933,0.0,0.0,0.7632816463006673,True
43,nftonv2,nfunswv2,rf,0.001,0.0,0.1888159919523408,0.9564183055663992,0.1551034774928819,0.8876498620602075,0.8876498620602075,0.8876498620602075,0.0,0.0,0.7325463845673256,True
43,nftonv2,nfunswv2,rf,0.01,0.0,0.1755308620557769,0.9401333938732248,0.1551034774928819,0.9333871224876006,0.9333871224876006,0.9333871224876006,0.0,0.0,0.7782836449947187,True
43,nftonv2,nfunswv2,rf,0.05,0.0,0.1741157460126645,0.9454109534401224,0.1551034774928819,0.9449085897825767,0.9449085897825767,0.9449085897825767,0.0,0.0,0.7898051122896949,True
43,nftonv2,nfunswv2,rf,0.1,0.0,0.1643169422140708,0.9480552484545296,0.1568366149699453,0.9487413598383624,0.9487413598383624,0.9487413598383624,0.0,0.0,0.7919047448684171,True
43,nftonv2,nfbotv2,rf,0.0001,1.0,0.101165911145134,0.0,-0.0091379989758396,0.1193465373377832,-0.0091379989758396,0.1193465373377832,0.1284845363136228,0.0,0.1284845363136228,False
43,nftonv2,nfbotv2,rf,0.001,0.0,0.0654417308419256,0.7974787938231138,0.0811311933911732,0.8190903714645061,0.8190903714645061,0.8190903714645061,0.0,0.0,0.737959178073333,True
43,nftonv2,nfbotv2,rf,0.01,0.0,0.2127738062687576,0.9262862489770108,0.1437175002842556,0.9236789835902104,0.9236789835902104,0.9236789835902104,0.0,0.0,0.7799614833059548,True
43,nftonv2,nfbotv2,rf,0.05,0.0,0.1427255310668242,0.9651192039585356,0.0919231547100312,0.960531783068614,0.960531783068614,0.960531783068614,0.0,0.0,0.8686086283585828,True
43,nftonv2,nfbotv2,rf,0.1,0.0,0.1383320492093715,0.9676383496854748,0.1103877910256471,0.9680798070122372,0.9680798070122372,0.9680798070122372,0.0,0.0,0.8576920159865901,True
43,nftonv2,nf2018v2,lgbm,0.0001,0.0,0.5377689517306159,0.870595818484898,0.4260386238280439,0.9547900539774,0.9547900539774,0.9547900539774,0.0,0.0,0.5287514301493561,True
43,nftonv2,nf2018v2,lgbm,0.001,0.0,0.4607989966333607,0.9680228791841444,0.4506674957364522,0.9630325127573506,0.9630325127573506,0.9630325127573506,0.0,0.0,0.5123650170208984,True
43,nftonv2,nf2018v2,lgbm,0.01,0.0,0.4452578429831614,0.9742589339324438,0.4526085226100936,0.9724527785794436,0.9724527785794436,0.9724527785794436,0.0,0.0,0.5198442559693499,True
43,nftonv2,nf2018v2,lgbm,0.05,0.0,0.4548045133400853,0.9762556387914786,0.4527024075831021,0.9764681780515906,0.9764681780515906,0.9764681780515906,0.0,0.0,0.5237657704684885,True
43,nftonv2,nf2018v2,lgbm,0.1,0.0,0.4540562469631656,0.9755601251077106,0.4527024075831021,0.9767139717672858,0.9767139717672858,0.9767139717672858,0.0,0.0,0.5240115641841837,True
43,nftonv2,nfunswv2,lgbm,0.0001,0.0,0.1092716729416306,0.6350203227635347,0.0192972896115696,0.7913860739936909,0.7913860739936909,0.7913860739936909,0.0,0.0,0.7720887843821213,True
43,nftonv2,nfunswv2,lgbm,0.001,0.0,0.0458789475202918,0.8382432748691097,0.0324691599361876,0.8823004750301502,0.8823004750301502,0.8823004750301502,0.0,0.0,0.8498313150939626,True
43,nftonv2,nfunswv2,lgbm,0.01,0.0,0.0633871186911687,0.9322038152536456,0.0426839036864714,0.9375647280032764,0.9375647280032764,0.9375647280032764,0.0,0.0,0.8948808243168049,True
43,nftonv2,nfunswv2,lgbm,0.05,0.0,0.0689839457835783,0.944029371898595,0.0562437134007836,0.9437814831699084,0.9437814831699084,0.9437814831699084,0.0,0.0,0.8875377697691248,True
43,nftonv2,nfunswv2,lgbm,0.1,0.0,0.0592255701595045,0.9481182694437602,0.0562437134007836,0.948507923485147,0.948507923485147,0.948507923485147,0.0,0.0,0.8922642100843634,True
43,nftonv2,nfbotv2,lgbm,0.0001,1.0,0.1206666464290756,0.0,0.0055919846526581,0.4760882171206886,0.0055919846526581,0.4760882171206886,0.4704962324680305,0.0,0.4704962324680305,False
43,nftonv2,nfbotv2,lgbm,0.001,0.0,0.0641623991044832,0.8772746046837404,0.046856813486936,0.7953362520672728,0.7953362520672728,0.7953362520672728,0.0,0.0,0.7484794385803367,True
43,nftonv2,nfbotv2,lgbm,0.01,0.0,0.0445962252814555,0.8836370245514322,0.0465824751948344,0.6170159896846759,0.6170159896846759,0.6170159896846759,0.0,0.0,0.5704335144898415,True
43,nftonv2,nfbotv2,lgbm,0.05,0.0,0.0487213669897557,0.7381323666379052,0.0468703879805729,0.6041016364039312,0.6041016364039312,0.6041016364039312,0.0,0.0,0.5572312484233584,True
43,nftonv2,nfbotv2,lgbm,0.1,0.0,0.0439867561577711,0.2318356602744569,0.0468703879805729,0.3336451385635425,0.3336451385635425,0.3336451385635425,0.0,0.0,0.2867747505829696,True
43,nftonv2,nf2018v2,mlp,0.0001,0.0,0.3295369406980389,0.8284915107680687,0.2692040972707664,0.9185268295836714,0.9185268295836714,0.9185268295836714,0.0,0.0,0.6493227323129049,True
43,nftonv2,nf2018v2,mlp,0.001,0.0,0.277384260278139,0.9204930171285198,0.2690748316770773,0.9442280230380984,0.9442280230380984,0.9442280230380984,0.0,0.0,0.6751531913610211,True
43,nftonv2,nf2018v2,mlp,0.01,0.0,0.267178550662502,0.9500523525487716,0.2689902099177171,0.9640499700876856,0.9640499700876856,0.9640499700876856,0.0,0.0,0.6950597601699684,True
43,nftonv2,nf2018v2,mlp,0.05,0.0,0.2695530822042443,0.9678063017348116,0.2693720341623938,0.9692133037802876,0.9692133037802876,0.9692133037802876,0.0,0.0,0.6998412696178937,True
43,nftonv2,nf2018v2,mlp,0.1,0.0,0.2701283761880612,0.9705742574259384,0.269374314865463,0.972699837724492,0.972699837724492,0.972699837724492,0.0,0.0,0.7033255228590289,True
43,nftonv2,nfunswv2,mlp,0.0001,0.0,0.176032861423659,0.7094079637637803,-0.0215816447077979,0.6828866112401478,0.6828866112401478,0.6828866112401478,0.0,0.0,0.7044682559479457,True
43,nftonv2,nfunswv2,mlp,0.001,0.0,0.1536781031199906,0.8818115338217559,0.1032248013512507,0.8004468049647817,0.8004468049647817,0.8004468049647817,0.0,0.0,0.697222003613531,True
43,nftonv2,nfunswv2,mlp,0.01,0.0,0.107033611715428,0.8324004690225203,0.1054709782264328,0.9031449378854092,0.9031449378854092,0.9031449378854092,0.0,0.0,0.7976739596589764,True
43,nftonv2,nfunswv2,mlp,0.05,0.0,0.1058286423121305,0.922815779605667,0.1068707421034006,0.9216934413288318,0.9216934413288318,0.9216934413288318,0.0,0.0,0.8148226992254312,True
43,nftonv2,nfunswv2,mlp,0.1,0.0,0.1081242190688824,0.9303115987203676,0.1068707421034006,0.9345482394634088,0.9345482394634088,0.9345482394634088,0.0,0.0,0.8276774973600082,True
43,nftonv2,nfbotv2,mlp,0.0001,1.0,1.0,0.0,0.1594563977368187,0.114265324383953,0.1594563977368187,0.1594563977368187,0.0,0.04519107335286569,0.0,True
43,nftonv2,nfbotv2,mlp,0.001,0.0,0.5765241057291646,0.7526134367266649,0.2342271837277279,0.6862381707570958,0.6862381707570958,0.6862381707570958,0.0,0.0,0.4520109870293679,True
43,nftonv2,nfbotv2,mlp,0.01,0.0,0.2741836733524335,0.7166043607084261,0.2445122851581339,0.7417089862030137,0.7417089862030137,0.7417089862030137,0.0,0.0,0.49719670104487984,True
43,nftonv2,nfbotv2,mlp,0.05,0.0,0.2796379825156928,0.8211142557175419,0.2495464276574686,0.7730766267256767,0.7730766267256767,0.7730766267256767,0.0,0.0,0.5235301990682081,True
43,nftonv2,nfbotv2,mlp,0.1,0.0,0.247268856037893,0.9298545339985956,0.2731814583783197,0.9271065619153076,0.9271065619153076,0.9271065619153076,0.0,0.0,0.653925103536988,True
43,nfbotv2,nf2018v2,rf,0.0001,0.0,0.701039657103363,0.9054221850479712,0.6412179337047603,0.9497424493707902,0.9497424493707902,0.9497424493707902,0.0,0.0,0.3085245156660299,True
43,nfbotv2,nf2018v2,rf,0.001,0.0,0.695311078733762,0.968034200711818,0.664899835690022,0.9622659906267894,0.9622659906267894,0.9622659906267894,0.0,0.0,0.29736615493676744,True
43,nfbotv2,nf2018v2,rf,0.01,0.0,0.6722837744908643,0.9749568880425712,0.664899835690022,0.9725067511454404,0.9725067511454404,0.9725067511454404,0.0,0.0,0.3076069154554184,True
43,nfbotv2,nf2018v2,rf,0.05,0.0,0.6630321875487541,0.9754216769743044,0.664899835690022,0.9762028618687908,0.9762028618687908,0.9762028618687908,0.0,0.0,0.3113030261787688,True
43,nfbotv2,nf2018v2,rf,0.1,0.0,0.6591435001077366,0.976002844806402,0.664899835690022,0.9767128671652786,0.9767128671652786,0.9767128671652786,0.0,0.0,0.31181303147525663,True
43,nfbotv2,nfunswv2,rf,0.0001,0.0,0.1402985074626865,0.7159003795039401,0.1301057778694272,0.8541612704446933,0.8541612704446933,0.8541612704446933,0.0,0.0,0.724055492575266,True
43,nfbotv2,nfunswv2,rf,0.001,0.0,0.1386707213057623,0.9564183055663992,0.143746892098304,0.8876498620602075,0.8876498620602075,0.8876498620602075,0.0,0.0,0.7439029699619035,True
43,nfbotv2,nfunswv2,rf,0.01,0.0,0.1555918981532873,0.9401333938732248,0.1502134397024702,0.9333871224876006,0.9333871224876006,0.9333871224876006,0.0,0.0,0.7831736827851303,True
43,nfbotv2,nfunswv2,rf,0.05,0.0,0.1487585352133685,0.9454109534401224,0.1502134397024702,0.9449085897825767,0.9449085897825767,0.9449085897825767,0.0,0.0,0.7946951500801065,True
43,nfbotv2,nfunswv2,rf,0.1,0.0,0.1488565431256085,0.9480552484545296,0.1502134397024702,0.9487413598383624,0.9487413598383624,0.9487413598383624,0.0,0.0,0.7985279201358921,True
43,nfbotv2,nftonv2,rf,0.0001,0.0,0.6119707891208049,0.8697814882385083,0.6527245310847124,0.8998697579605488,0.8998697579605488,0.8998697579605488,0.0,0.0,0.2471452268758364,True
43,nfbotv2,nftonv2,rf,0.001,0.0,0.6385764124821116,0.941053779594192,0.6527245310847124,0.9372897197889032,0.9372897197889032,0.9372897197889032,0.0,0.0,0.2845651887041908,True
43,nfbotv2,nftonv2,rf,0.01,0.0,0.6596620824981588,0.9613240254059052,0.655539486909981,0.9674547870839578,0.9674547870839578,0.9674547870839578,0.0,0.0,0.31191530017397684,True
43,nfbotv2,nftonv2,rf,0.05,0.0,0.6528221512630106,0.9789861091840342,0.655539486909981,0.9795349682932952,0.9795349682932952,0.9795349682932952,0.0,0.0,0.32399548138331424,True
43,nfbotv2,nftonv2,rf,0.1,0.0,0.6507115353477103,0.9809927918142064,0.655539486909981,0.9822223304966742,0.9822223304966742,0.9822223304966742,0.0,0.0,0.3266828435866932,True
43,nfbotv2,nf2018v2,lgbm,0.0001,0.0,0.0569940237329887,0.870595818484898,0.0584074659597352,0.9547900539774,0.9547900539774,0.9547900539774,0.0,0.0,0.8963825880176648,True
43,nfbotv2,nf2018v2,lgbm,0.001,0.0,0.0636615292008964,0.9680228791841444,0.0584074659597352,0.9630325127573506,0.9630325127573506,0.9630325127573506,0.0,0.0,0.9046250467976154,True
43,nfbotv2,nf2018v2,lgbm,0.01,0.0,0.0605525654954401,0.9742589339324438,0.0584074659597352,0.9724527785794436,0.9724527785794436,0.9724527785794436,0.0,0.0,0.9140453126197083,True
43,nfbotv2,nf2018v2,lgbm,0.05,0.0,0.0577211643637373,0.9762556387914786,0.0584074659597352,0.9764681780515906,0.9764681780515906,0.9764681780515906,0.0,0.0,0.9180607120918554,True
43,nfbotv2,nf2018v2,lgbm,0.1,0.0,0.0579029263135798,0.9755601251077106,0.0584074659597352,0.9767139717672858,0.9767139717672858,0.9767139717672858,0.0,0.0,0.9183065058075506,True
43,nfbotv2,nfunswv2,lgbm,0.0001,0.0,0.0823666225822316,0.6350203227635347,0.0061524860352254,0.7913860739936909,0.7913860739936909,0.7913860739936909,0.0,0.0,0.7852335879584654,True
43,nfbotv2,nfunswv2,lgbm,0.001,0.0,0.0460915673396078,0.8382432748691097,0.0061524860352254,0.8823004750301502,0.8823004750301502,0.8823004750301502,0.0,0.0,0.8761479889949247,True
43,nfbotv2,nfunswv2,lgbm,0.01,0.0,0.0088956121656611,0.9322038152536456,0.0061524860352254,0.9375647280032764,0.9375647280032764,0.9375647280032764,0.0,0.0,0.931412241968051,True
43,nfbotv2,nfunswv2,lgbm,0.05,0.0,0.0148934738840168,0.944029371898595,0.0061524860352254,0.9437814831699084,0.9437814831699084,0.9437814831699084,0.0,0.0,0.937628997134683,True
43,nfbotv2,nfunswv2,lgbm,0.1,0.0,0.0167401348845665,0.9481182694437602,0.0061524860352254,0.948507923485147,0.948507923485147,0.948507923485147,0.0,0.0,0.9423554374499216,True
43,nfbotv2,nftonv2,lgbm,0.0001,0.0,0.0731137614940967,0.8846918992235979,0.0722020610113872,0.8982740453634082,0.8982740453634082,0.8982740453634082,0.0,0.0,0.826071984352021,True
43,nfbotv2,nftonv2,lgbm,0.001,0.0,0.0913867451205221,0.935283855498754,0.0722020610113872,0.9363269288868392,0.9363269288868392,0.9363269288868392,0.0,0.0,0.8641248678754521,True
43,nfbotv2,nftonv2,lgbm,0.01,0.0,0.0798063718603024,0.9640920580753476,0.072226495789797,0.9700660027920842,0.9700660027920842,0.9700660027920842,0.0,0.0,0.8978395070022872,True
43,nfbotv2,nftonv2,lgbm,0.05,0.0,0.0733124385677875,0.9784594157573592,0.0722335871315097,0.9810633269653732,0.9810633269653732,0.9810633269653732,0.0,0.0,0.9088297398338635,True
43,nfbotv2,nftonv2,lgbm,0.1,0.0,0.0707678805269738,0.9813186997527372,0.0722509247463427,0.9829808413165918,0.9829808413165918,0.9829808413165918,0.0,0.0,0.9107299165702492,True
43,nfbotv2,nf2018v2,mlp,0.0001,0.0,0.4616180414760847,0.8284915107680687,0.3702355502278167,0.9185268295836714,0.9185268295836714,0.9185268295836714,0.0,0.0,0.5482912793558548,True
43,nfbotv2,nf2018v2,mlp,0.001,0.0,0.3961117902260289,0.9204930171285198,0.3722707161675377,0.9442280230380984,0.9442280230380984,0.9442280230380984,0.0,0.0,0.5719573068705607,True
43,nfbotv2,nf2018v2,mlp,0.01,0.0,0.3733772590277761,0.9500523525487716,0.3723283940102201,0.9640499700876856,0.9640499700876856,0.9640499700876856,0.0,0.0,0.5917215760774654,True
43,nfbotv2,nf2018v2,mlp,0.05,0.0,0.3764347092244926,0.9678063017348116,0.3722707161675377,0.9692133037802876,0.9692133037802876,0.9692133037802876,0.0,0.0,0.5969425876127499,True
43,nfbotv2,nf2018v2,mlp,0.1,0.0,0.3750812484127075,0.9705742574259384,0.3731299047701056,0.972699837724492,0.972699837724492,0.972699837724492,0.0,0.0,0.5995699329543864,True
43,nfbotv2,nfunswv2,mlp,0.0001,0.0,0.2694110131553738,0.7094079637637803,0.1372094208279642,0.6828866112401478,0.6828866112401478,0.6828866112401478,0.0,0.0,0.5456771904121837,True
43,nfbotv2,nfunswv2,mlp,0.001,0.0,0.1967304717059342,0.8818115338217559,0.1565875441064732,0.8004468049647817,0.8004468049647817,0.8004468049647817,0.0,0.0,0.6438592608583085,True
43,nfbotv2,nfunswv2,mlp,0.01,0.0,0.1650892025049165,0.8324004690225203,0.1553995083705996,0.9031449378854092,0.9031449378854092,0.9031449378854092,0.0,0.0,0.7477454295148096,True
43,nfbotv2,nfunswv2,mlp,0.05,0.0,0.161275866272321,0.922815779605667,0.1584075045870352,0.9216934413288318,0.9216934413288318,0.9216934413288318,0.0,0.0,0.7632859367417966,True
43,nfbotv2,nfunswv2,mlp,0.1,0.0,0.1604613787115457,0.9303115987203676,0.1584075045870352,0.9345482394634088,0.9345482394634088,0.9345482394634088,0.0,0.0,0.7761407348763736,True
43,nfbotv2,nftonv2,mlp,0.0001,0.0,0.1796465858572309,0.7354496044018065,0.0330643805660961,0.620701676145297,0.620701676145297,0.620701676145297,0.0,0.0,0.587637295579201,True
43,nfbotv2,nftonv2,mlp,0.001,0.0,0.1705622552072231,0.918141342257196,0.1491472707287544,0.9028662553438564,0.9028662553438564,0.9028662553438564,0.0,0.0,0.753718984615102,True
43,nfbotv2,nftonv2,mlp,0.01,0.0,0.1722162413838746,0.9208127028877388,0.1738390720855877,0.9306256590773838,0.9306256590773838,0.9306256590773838,0.0,0.0,0.7567865869917961,True
43,nfbotv2,nftonv2,mlp,0.05,0.0,0.16822985098088,0.9421857413082104,0.1738054797475099,0.946530596823746,0.946530596823746,0.946530596823746,0.0,0.0,0.772725117076236,True
43,nfbotv2,nftonv2,mlp,0.1,0.0,0.1713973529216536,0.9485076335111856,0.1738453125290466,0.9545982930342436,0.9545982930342436,0.9545982930342436,0.0,0.0,0.780752980505197,True
44,nf2018v2,nfunswv2,rf,0.0001,0.0,0.3778119500483958,0.8879738972216412,0.237676647302256,0.8736671584593595,0.8736671584593595,0.8736671584593595,0.0,0.0,0.6359905111571035,True
44,nf2018v2,nfunswv2,rf,0.001,0.0,0.2308193636792717,0.9282910918712464,0.237676647302256,0.9073692663287004,0.9073692663287004,0.9073692663287004,0.0,0.0,0.6696926190264444,True
44,nf2018v2,nfunswv2,rf,0.01,0.0,0.2725614955208725,0.9347080389081048,0.2626534613628152,0.9390994878920595,0.9390994878920595,0.9390994878920595,0.0,0.0,0.6764460265292443,True
44,nf2018v2,nfunswv2,rf,0.05,0.0,0.2621789617907853,0.953122896512456,0.2661200613757283,0.9477231574081642,0.9477231574081642,0.9477231574081642,0.0,0.0,0.6816030960324359,True
44,nf2018v2,nfunswv2,rf,0.1,0.0,0.2574978159303462,0.9505527903495165,0.2654430522123259,0.9516132414787696,0.9516132414787696,0.9516132414787696,0.0,0.0,0.6861701892664437,True
44,nf2018v2,nftonv2,rf,0.0001,0.0,0.3628305384890698,0.7867105095747323,0.3234573352340351,0.8582549089139448,0.8582549089139448,0.8582549089139448,0.0,0.0,0.5347975736799098,True
44,nf2018v2,nftonv2,rf,0.001,0.0,0.3380312452013681,0.9307646218861096,0.3248383675615302,0.9373076219232932,0.9373076219232932,0.9373076219232932,0.0,0.0,0.612469254361763,True
44,nf2018v2,nftonv2,rf,0.01,0.0,0.3263808722184308,0.9643338330583452,0.3241927033969244,0.967201378846252,0.967201378846252,0.967201378846252,0.0,0.0,0.6430086754493276,True
44,nf2018v2,nftonv2,rf,0.05,0.0,0.3280662210792645,0.9780019066847784,0.3241927033969244,0.9794593192480884,0.9794593192480884,0.9794593192480884,0.0,0.0,0.655266615851164,True
44,nf2018v2,nftonv2,rf,0.1,0.0,0.3284502659389797,0.9821818576940698,0.3252332750458375,0.9826258831098112,0.9826258831098112,0.9826258831098112,0.0,0.0,0.6573926080639738,True
44,nf2018v2,nfbotv2,rf,0.0001,1.0,0.1496456561141097,0.0,0.0893361022465892,0.4428082783145933,0.0893361022465892,0.4428082783145933,0.3534721760680041,0.0,0.3534721760680041,False
44,nf2018v2,nfbotv2,rf,0.001,0.0,0.1478111154389692,0.6666666666666666,0.0840696422731548,0.8318812760914426,0.8318812760914426,0.8318812760914426,0.0,0.0,0.7478116338182877,True
44,nf2018v2,nfbotv2,rf,0.01,0.0,0.1492373124721232,0.9432776199281164,0.1253336826604055,0.9182785358055447,0.9182785358055447,0.9182785358055447,0.0,0.0,0.7929448531451393,True
44,nf2018v2,nfbotv2,rf,0.05,0.0,0.1533198622090424,0.9739738177594696,0.1323465603150709,0.965428877479797,0.965428877479797,0.965428877479797,0.0,0.0,0.8330823171647261,True
44,nf2018v2,nfbotv2,rf,0.1,0.0,0.1525385318164357,0.9723440188097644,0.1323465603150709,0.9741352957622512,0.9741352957622512,0.9741352957622512,0.0,0.0,0.8417887354471804,True
44,nf2018v2,nfunswv2,lgbm,0.0001,0.0,0.3061148374487811,0.430450766644715,0.0950448049604198,0.7425957373689818,0.7425957373689818,0.7425957373689818,0.0,0.0,0.647550932408562,True
44,nf2018v2,nfunswv2,lgbm,0.001,0.0,0.1888159919523408,0.8778960610104763,0.0950448049604198,0.8870108199392052,0.8870108199392052,0.8870108199392052,0.0,0.0,0.7919660149787854,True
44,nf2018v2,nfunswv2,lgbm,0.01,0.0,0.1250194930571905,0.9301817474291836,0.1118170680410471,0.9367309827229564,0.9367309827229564,0.9367309827229564,0.0,0.0,0.8249139146819093,True
44,nf2018v2,nfunswv2,lgbm,0.05,0.0,0.1221207625031338,0.9538138436867912,0.1131530645481209,0.9466834576871216,0.9466834576871216,0.9466834576871216,0.0,0.0,0.8335303931390007,True
44,nf2018v2,nfunswv2,lgbm,0.1,0.0,0.1208500943170616,0.9499652749669686,0.1073340440249643,0.948105806948922,0.948105806948922,0.948105806948922,0.0,0.0,0.8407717629239577,True
44,nf2018v2,nftonv2,lgbm,0.0001,0.0,0.2426677454516344,0.8089999077426336,0.2737319461256022,0.858805825453463,0.858805825453463,0.858805825453463,0.0,0.0,0.5850738793278607,True
44,nf2018v2,nftonv2,lgbm,0.001,0.0,0.2844454623629797,0.923015447814637,0.3118455841868327,0.9393959920246616,0.9393959920246616,0.9393959920246616,0.0,0.0,0.6275504078378289,True
44,nf2018v2,nftonv2,lgbm,0.01,0.0,0.3184021643138534,0.969508536418766,0.3140121524654233,0.9697498433514596,0.9697498433514596,0.9697498433514596,0.0,0.0,0.6557376908860364,True
44,nf2018v2,nftonv2,lgbm,0.05,0.0,0.3195460999766652,0.979373077368908,0.3140881755472023,0.9801054989136068,0.9801054989136068,0.9801054989136068,0.0,0.0,0.6660173233664044,True
44,nf2018v2,nftonv2,lgbm,0.1,0.0,0.3187243497161113,0.9818252381913014,0.3140881755472023,0.981920584324826,0.981920584324826,0.981920584324826,0.0,0.0,0.6678324087776237,True
44,nf2018v2,nfbotv2,lgbm,0.0001,1.0,0.4429339411136566,0.0,0.2715184707884319,0.5245324577407761,0.2715184707884319,0.5245324577407761,0.25301398695234417,0.0,0.25301398695234417,False
44,nf2018v2,nfbotv2,lgbm,0.001,0.0,0.2710019321901559,0.6218013095702178,0.3466466901523207,0.8125096623919034,0.8125096623919034,0.8125096623919034,0.0,0.0,0.4658629722395827,True
44,nf2018v2,nfbotv2,lgbm,0.01,0.0,0.3293491979855589,0.8479426056528006,0.3325697899225591,0.4369956879204152,0.4369956879204152,0.4369956879204152,0.0,0.0,0.10442589799785612,True
44,nf2018v2,nfbotv2,lgbm,0.05,0.0,0.3418556772407337,0.8333373056734542,0.3464567288281197,0.6841106362495549,0.6841106362495549,0.6841106362495549,0.0,0.0,0.33765390742143525,True
44,nf2018v2,nfbotv2,lgbm,0.1,0.0,0.3430489391635842,0.5099945486186163,0.3464567288281197,0.6001175088050461,0.6001175088050461,0.6001175088050461,0.0,0.0,0.25366077997692643,True
44,nf2018v2,nfunswv2,mlp,0.0001,0.0,0.1618846169087842,0.7637840999780483,0.1289953256708466,0.7175768879709301,0.7175768879709301,0.7175768879709301,0.0,0.0,0.5885815623000835,True
44,nf2018v2,nfunswv2,mlp,0.001,0.0,0.1284486153245777,0.860480423703842,0.1289953256708466,0.8317739287007543,0.8317739287007543,0.8317739287007543,0.0,0.0,0.7027786030299077,True
44,nf2018v2,nfunswv2,mlp,0.01,0.0,0.125781847008068,0.778518493518296,0.1332916209404454,0.8485266286092937,0.8485266286092937,0.8485266286092937,0.0,0.0,0.7152350076688483,True
44,nf2018v2,nfunswv2,mlp,0.05,0.0,0.1301019848311001,0.916966336362338,0.132786358298759,0.9278734814862564,0.9278734814862564,0.9278734814862564,0.0,0.0,0.7950871231874974,True
44,nf2018v2,nfunswv2,mlp,0.1,0.0,0.1318192745864716,0.9275476259122404,0.1333048026281346,0.9343919774460396,0.9343919774460396,0.9343919774460396,0.0,0.0,0.801087174817905,True
44,nf2018v2,nftonv2,mlp,0.0001,0.0,0.2868582272342646,0.6180305846624332,0.2259960797168164,0.7540987756885379,0.7540987756885379,0.7540987756885379,0.0,0.0,0.5281026959717214,True
44,nf2018v2,nftonv2,mlp,0.001,0.0,0.2501704270748418,0.888344897613453,0.2331191661502452,0.9139482387511624,0.9139482387511624,0.9139482387511624,0.0,0.0,0.6808290726009172,True
44,nf2018v2,nftonv2,mlp,0.01,0.0,0.2449988127535621,0.9088316902182876,0.2396078015205767,0.9309965899380648,0.9309965899380648,0.9309965899380648,0.0,0.0,0.6913887884174881,True
44,nf2018v2,nftonv2,mlp,0.05,0.0,0.2430030404764584,0.9425604789293964,0.2404450420430381,0.9425658494896744,0.9425658494896744,0.9425658494896744,0.0,0.0,0.7021208074466363,True
44,nf2018v2,nftonv2,mlp,0.1,0.0,0.2416610132638086,0.952562234945094,0.2404645538764989,0.9508943106312562,0.9508943106312562,0.9508943106312562,0.0,0.0,0.7104297567547573,True
44,nf2018v2,nfbotv2,mlp,0.0001,1.0,0.0762531070898237,0.0,0.0242790233616799,0.460536163617781,0.0242790233616799,0.460536163617781,0.4362571402561011,0.0,0.4362571402561011,False
44,nf2018v2,nfbotv2,mlp,0.001,0.0,0.3326978068575605,0.4641450666091215,0.0701808864121427,0.6649505975238665,0.6649505975238665,0.6649505975238665,0.0,0.0,0.5947697111117238,True
44,nf2018v2,nfbotv2,mlp,0.01,0.0,0.2835829474053434,0.7374346032444145,0.2067446555184696,0.6991905910108744,0.6991905910108744,0.6991905910108744,0.0,0.0,0.49244593549240484,True
44,nf2018v2,nfbotv2,mlp,0.05,0.0,0.2755875403047458,0.7642182340767426,0.2144062046204708,0.8181318958792537,0.8181318958792537,0.8181318958792537,0.0,0.0,0.603725691258783,True
44,nf2018v2,nfbotv2,mlp,0.1,0.0,0.265709612206067,0.9085336568600496,0.2266954980777381,0.9281686029790208,0.9281686029790208,0.9281686029790208,0.0,0.0,0.7014731049012828,True
44,nfunswv2,nf2018v2,rf,0.0001,0.0,0.3216428620023594,0.945343543440464,0.2429140147602764,0.9360309566298042,0.9360309566298042,0.9360309566298042,0.0,0.0,0.6931169418695278,True
44,nfunswv2,nf2018v2,rf,0.001,0.0,0.2683562419781893,0.972575325599802,0.2542738256963369,0.961503658455747,0.961503658455747,0.961503658455747,0.0,0.0,0.7072298327594102,True
44,nfunswv2,nf2018v2,rf,0.01,0.0,0.2593803129375331,0.970324432220874,0.2542738256963369,0.9729662026473438,0.9729662026473438,0.9729662026473438,0.0,0.0,0.718692376951007,True
44,nfunswv2,nf2018v2,rf,0.05,0.0,0.2603496226429889,0.9754672302475028,0.2598235449346582,0.976811933349486,0.976811933349486,0.976811933349486,0.0,0.0,0.7169883884148278,True
44,nfunswv2,nf2018v2,rf,0.1,0.0,0.2597546947032665,0.976441682088476,0.2598235449346582,0.977101873886685,0.977101873886685,0.977101873886685,0.0,0.0,0.7172783289520268,True
44,nfunswv2,nftonv2,rf,0.0001,0.0,0.397271480735488,0.7867105095747323,0.2829669526607314,0.8582549089139448,0.8582549089139448,0.8582549089139448,0.0,0.0,0.5752879562532134,True
44,nfunswv2,nftonv2,rf,0.001,0.0,0.3317612696398628,0.9307646218861096,0.3237285687419555,0.9373076219232932,0.9373076219232932,0.9373076219232932,0.0,0.0,0.6135790531813377,True
44,nfunswv2,nftonv2,rf,0.01,0.0,0.3237475803562377,0.9643338330583452,0.3237285687419555,0.967201378846252,0.967201378846252,0.967201378846252,0.0,0.0,0.6434728101042966,True
44,nfunswv2,nftonv2,rf,0.05,0.0,0.3236278755080679,0.9780019066847784,0.3237285687419555,0.9794593192480884,0.9794593192480884,0.9794593192480884,0.0,0.0,0.6557307505061329,True
44,nfunswv2,nftonv2,rf,0.1,0.0,0.3229870230481285,0.9821818576940698,0.3237285687419555,0.9826258831098112,0.9826258831098112,0.9826258831098112,0.0,0.0,0.6588973143678558,True
44,nfunswv2,nfbotv2,rf,0.0001,1.0,0.7054211845550483,0.0,0.194850412361112,0.4428082783145933,0.194850412361112,0.4428082783145933,0.2479578659534813,0.0,0.2479578659534813,False
44,nfunswv2,nfbotv2,rf,0.001,0.0,0.3790703682777278,0.6666666666666666,0.3371523939891642,0.8318812760914426,0.8318812760914426,0.8318812760914426,0.0,0.0,0.4947288821022784,True
44,nfunswv2,nfbotv2,rf,0.01,0.0,0.3454377360354112,0.9432776199281164,0.3371523939891642,0.9182785358055447,0.9182785358055447,0.9182785358055447,0.0,0.0,0.5811261418163806,True
44,nfunswv2,nfbotv2,rf,0.05,0.0,0.3306128741606289,0.9739738177594696,0.3371523939891642,0.965428877479797,0.965428877479797,0.965428877479797,0.0,0.0,0.6282764834906328,True
44,nfunswv2,nfbotv2,rf,0.1,0.0,0.3273140773638923,0.9723440188097644,0.3371523939891642,0.9741352957622512,0.9741352957622512,0.9741352957622512,0.0,0.0,0.636982901773087,True
44,nfunswv2,nf2018v2,lgbm,0.0001,0.0,0.2878510319386536,0.946234664721096,0.216254634658587,0.9527411781822194,0.9527411781822194,0.9527411781822194,0.0,0.0,0.7364865435236324,True
44,nfunswv2,nf2018v2,lgbm,0.001,0.0,0.2505668974360246,0.965585903073128,0.2462350378239719,0.9613612588863598,0.9613612588863598,0.9613612588863598,0.0,0.0,0.7151262210623879,True
44,nfunswv2,nf2018v2,lgbm,0.01,0.0,0.2487511938866111,0.971718514946423,0.2461464227525802,0.973087617635882,0.973087617635882,0.973087617635882,0.0,0.0,0.7269411948833018,True
44,nfunswv2,nf2018v2,lgbm,0.05,0.0,0.2460009746416946,0.9766735750415898,0.2462781376459135,0.9761051425900694,0.9761051425900694,0.9761051425900694,0.0,0.0,0.729827004944156,True
44,nfunswv2,nf2018v2,lgbm,0.1,0.0,0.2467977498628922,0.9762787225690508,0.2462781376459135,0.9758577064723952,0.9758577064723952,0.9758577064723952,0.0,0.0,0.7295795688264817,True
44,nfunswv2,nftonv2,lgbm,0.0001,0.0,0.2855803480097068,0.8089999077426336,0.2302734431379196,0.858805825453463,0.858805825453463,0.858805825453463,0.0,0.0,0.6285323823155433,True
44,nfunswv2,nftonv2,lgbm,0.001,0.0,0.2587338499675382,0.923015447814637,0.2576881195693835,0.9393959920246616,0.9393959920246616,0.9393959920246616,0.0,0.0,0.6817078724552781,True
44,nfunswv2,nftonv2,lgbm,0.01,0.0,0.2618754837959107,0.969508536418766,0.2597777844432959,0.9697498433514596,0.9697498433514596,0.9697498433514596,0.0,0.0,0.7099720589081637,True
44,nfunswv2,nftonv2,lgbm,0.05,0.0,0.2600806692024875,0.979373077368908,0.2597645450799652,0.9801054989136068,0.9801054989136068,0.9801054989136068,0.0,0.0,0.7203409538336416,True
44,nfunswv2,nftonv2,lgbm,0.1,0.0,0.2605027085138389,0.9818252381913014,0.2597645450799652,0.981920584324826,0.981920584324826,0.981920584324826,0.0,0.0,0.7221560392448607,True
44,nfunswv2,nfbotv2,lgbm,0.0001,1.0,1.0,0.0,0.2683058255591111,0.5245324577407761,0.2683058255591111,0.5245324577407761,0.25622663218166497,0.0,0.25622663218166497,False
44,nfunswv2,nfbotv2,lgbm,0.001,1.0,0.6265084140222761,0.6218013095702178,0.4195600733443845,0.8125096623919034,0.4195600733443845,0.8125096623919034,0.39294958904751887,0.0,0.39294958904751887,False
44,nfunswv2,nfbotv2,lgbm,0.01,0.0,0.469797102696891,0.8978450692158256,0.4195600733443845,0.5100312290579069,0.5100312290579069,0.5100312290579069,0.0,0.0,0.09047115571352238,True
44,nfunswv2,nfbotv2,lgbm,0.05,0.0,0.404541626909243,0.7005854711372677,0.4199338242727973,0.6841106362495549,0.6841106362495549,0.6841106362495549,0.0,0.0,0.26417681197675763,True
44,nfunswv2,nfbotv2,lgbm,0.1,1.0,0.3992331501430573,0.3853489041807185,0.4117309678001715,0.4492294871963703,0.4117309678001715,0.4492294871963703,0.037498519396198804,0.0,0.037498519396198804,False
44,nfunswv2,nf2018v2,mlp,0.0001,0.0,0.3580381428229789,0.8868966371446408,0.2825964798943966,0.9224737429380716,0.9224737429380716,0.9224737429380716,0.0,0.0,0.639877263043675,True
44,nfunswv2,nf2018v2,mlp,0.001,0.0,0.2852352357482332,0.9447857089053112,0.2825964798943966,0.919287252865938,0.919287252865938,0.919287252865938,0.0,0.0,0.6366907729715414,True
44,nfunswv2,nf2018v2,mlp,0.01,0.0,0.2810271435387347,0.9457048804205044,0.2828137989879401,0.9579442360917306,0.9579442360917306,0.9579442360917306,0.0,0.0,0.6751304371037905,True
44,nfunswv2,nf2018v2,mlp,0.05,0.0,0.2839882215502056,0.967899819673339,0.2828449340818068,0.970111232411806,0.970111232411806,0.970111232411806,0.0,0.0,0.6872662983299992,True
44,nfunswv2,nf2018v2,mlp,0.1,0.0,0.2832870779850122,0.9700880493516336,0.2829342630060556,0.9717230082654702,0.9717230082654702,0.9717230082654702,0.0,0.0,0.6887887452594146,True
44,nfunswv2,nftonv2,mlp,0.0001,0.0,0.215582880380506,0.6180305846624332,0.145289832242323,0.7540987756885379,0.7540987756885379,0.7540987756885379,0.0,0.0,0.608808943446215,True
44,nfunswv2,nftonv2,mlp,0.001,0.0,0.2131598843479709,0.888344897613453,0.2147801024652243,0.9139482387511624,0.9139482387511624,0.9139482387511624,0.0,0.0,0.6991681362859381,True
44,nfunswv2,nftonv2,mlp,0.01,0.0,0.2059466631003229,0.9088316902182876,0.2158031453449047,0.9309965899380648,0.9309965899380648,0.9309965899380648,0.0,0.0,0.71519344459316,True
44,nfunswv2,nftonv2,mlp,0.05,0.0,0.2119675527806196,0.9425604789293964,0.215672762688823,0.9425658494896744,0.9425658494896744,0.9425658494896744,0.0,0.0,0.7268930868008514,True
44,nfunswv2,nftonv2,mlp,0.1,0.0,0.214174363820296,0.952562234945094,0.2156760124753679,0.9508943106312562,0.9508943106312562,0.9508943106312562,0.0,0.0,0.7352182981558882,True
44,nfunswv2,nfbotv2,mlp,0.0001,1.0,1.0,0.0,0.1939612304704203,0.460536163617781,0.1939612304704203,0.460536163617781,0.2665749331473607,0.0,0.2665749331473607,False
44,nfunswv2,nfbotv2,mlp,0.001,1.0,0.5765241057291646,0.4641450666091215,0.3996593567665996,0.6649505975238665,0.3996593567665996,0.6649505975238665,0.26529124075726696,0.0,0.26529124075726696,False
44,nfunswv2,nfbotv2,mlp,0.01,0.0,0.5137008738929048,0.7374346032444145,0.5161736778083702,0.6991905910108744,0.6991905910108744,0.6991905910108744,0.0,0.0,0.18301691320250424,True
44,nfunswv2,nfbotv2,mlp,0.05,0.0,0.5226007455869639,0.7642182340767426,0.5161736778083702,0.8181318958792537,0.8181318958792537,0.8181318958792537,0.0,0.0,0.3019582180708835,True
44,nfunswv2,nfbotv2,mlp,0.1,0.0,0.5299349304173991,0.9085336568600496,0.5236874106796309,0.9281686029790208,0.9281686029790208,0.9281686029790208,0.0,0.0,0.40448119229938995,True
44,nftonv2,nf2018v2,rf,0.0001,0.0,0.3696977751138198,0.945343543440464,0.3369268237270292,0.9360309566298042,0.9360309566298042,0.9360309566298042,0.0,0.0,0.599104132902775,True
44,nftonv2,nf2018v2,rf,0.001,0.0,0.3370404741765994,0.972575325599802,0.3365038066289316,0.961503658455747,0.961503658455747,0.961503658455747,0.0,0.0,0.6249998518268154,True
44,nftonv2,nf2018v2,rf,0.01,0.0,0.3304253768397786,0.970324432220874,0.3365038066289316,0.9729662026473438,0.9729662026473438,0.9729662026473438,0.0,0.0,0.6364623960184121,True
44,nftonv2,nf2018v2,rf,0.05,0.0,0.3311777230975178,0.9754672302475028,0.3365038066289316,0.976811933349486,0.976811933349486,0.976811933349486,0.0,0.0,0.6403081267205544,True
44,nftonv2,nf2018v2,rf,0.1,0.0,0.3350365033555217,0.976441682088476,0.3365038066289316,0.977101873886685,0.977101873886685,0.977101873886685,0.0,0.0,0.6405980672577534,True
44,nftonv2,nfunswv2,rf,0.0001,0.0,0.434433417644404,0.8879738972216412,0.1645223500566283,0.8736671584593595,0.8736671584593595,0.8736671584593595,0.0,0.0,0.7091448084027312,True
44,nftonv2,nfunswv2,rf,0.001,0.0,0.3353227286163677,0.9282910918712464,0.2893490902509384,0.9073692663287004,0.9073692663287004,0.9073692663287004,0.0,0.0,0.6180201760777619,True
44,nftonv2,nfunswv2,rf,0.01,0.0,0.2880799651119394,0.9347080389081048,0.2893490902509384,0.9390994878920595,0.9390994878920595,0.9390994878920595,0.0,0.0,0.6497503976411212,True
44,nftonv2,nfunswv2,rf,0.05,0.0,0.28705419829573,0.953122896512456,0.2893490902509384,0.9477231574081642,0.9477231574081642,0.9477231574081642,0.0,0.0,0.6583740671572258,True
44,nftonv2,nfunswv2,rf,0.1,0.0,0.2909281056797281,0.9505527903495165,0.2893490902509384,0.9516132414787696,0.9516132414787696,0.9516132414787696,0.0,0.0,0.6622641512278311,True
44,nftonv2,nfbotv2,rf,0.0001,1.0,0.0831947907049652,0.0,0.0100174672748677,0.4428082783145933,0.0100174672748677,0.4428082783145933,0.4327908110397256,0.0,0.4327908110397256,False
44,nftonv2,nfbotv2,rf,0.001,0.0,0.0554352311913464,0.6666666666666666,0.0131610053125151,0.8318812760914426,0.8318812760914426,0.8318812760914426,0.0,0.0,0.8187202707789275,True
44,nftonv2,nfbotv2,rf,0.01,0.0,0.1504466359517657,0.9432776199281164,0.1038338074080616,0.9182785358055447,0.9182785358055447,0.9182785358055447,0.0,0.0,0.8144447283974832,True
44,nftonv2,nfbotv2,rf,0.05,0.0,0.1345622803282379,0.9739738177594696,0.1038338074080616,0.965428877479797,0.965428877479797,0.965428877479797,0.0,0.0,0.8615950700717354,True
44,nftonv2,nfbotv2,rf,0.1,0.0,0.1386248819803065,0.9723440188097644,0.1038338074080616,0.9741352957622512,0.9741352957622512,0.9741352957622512,0.0,0.0,0.8703014883541896,True
44,nftonv2,nf2018v2,lgbm,0.0001,0.0,0.41834399049908,0.946234664721096,0.378668423393984,0.9527411781822194,0.9527411781822194,0.9527411781822194,0.0,0.0,0.5740727547882354,True
44,nftonv2,nf2018v2,lgbm,0.001,0.0,0.4252610035257292,0.965585903073128,0.4080991478501683,0.9613612588863598,0.9613612588863598,0.9613612588863598,0.0,0.0,0.5532621110361915,True
44,nftonv2,nf2018v2,lgbm,0.01,0.0,0.4049716930982435,0.971718514946423,0.4087439028205729,0.973087617635882,0.973087617635882,0.973087617635882,0.0,0.0,0.5643437148153092,True
44,nftonv2,nf2018v2,lgbm,0.05,0.0,0.4073001654490502,0.9766735750415898,0.4088114637474123,0.9761051425900694,0.9761051425900694,0.9761051425900694,0.0,0.0,0.5672936788426571,True
44,nftonv2,nf2018v2,lgbm,0.1,0.0,0.4062080119179431,0.9762787225690508,0.4087439028205729,0.9758577064723952,0.9758577064723952,0.9758577064723952,0.0,0.0,0.5671138036518224,True
44,nftonv2,nfunswv2,lgbm,0.0001,1.0,0.5339535400938208,0.430450766644715,0.0574342757803537,0.7425957373689818,0.0574342757803537,0.7425957373689818,0.6851614615886281,0.0,0.6851614615886281,False
44,nftonv2,nfunswv2,lgbm,0.001,0.0,0.2313346466539342,0.8778960610104763,0.1089378909394245,0.8870108199392052,0.8870108199392052,0.8870108199392052,0.0,0.0,0.7780729289997806,True
44,nftonv2,nfunswv2,lgbm,0.01,0.0,0.1277065899373576,0.9301817474291836,0.1259334538073263,0.9367309827229564,0.9367309827229564,0.9367309827229564,0.0,0.0,0.8107975289156302,True
44,nftonv2,nfunswv2,lgbm,0.05,0.0,0.1167585783990553,0.9538138436867912,0.1259334538073263,0.9466834576871216,0.9466834576871216,0.9466834576871216,0.0,0.0,0.8207500038797952,True
44,nftonv2,nfunswv2,lgbm,0.1,0.0,0.1291107603682527,0.9499652749669686,0.1259334538073263,0.948105806948922,0.948105806948922,0.948105806948922,0.0,0.0,0.8221723531415956,True
44,nftonv2,nfbotv2,lgbm,0.0001,1.0,0.1191464100426685,0.0,0.0269631037044977,0.5245324577407761,0.0269631037044977,0.5245324577407761,0.49756935403627833,0.0,0.49756935403627833,False
44,nftonv2,nfbotv2,lgbm,0.001,0.0,0.3326978068575605,0.6218013095702178,0.1066351656556898,0.8125096623919034,0.8125096623919034,0.8125096623919034,0.0,0.0,0.7058744967362136,True
44,nftonv2,nfbotv2,lgbm,0.01,0.0,0.1842631334876165,0.6736272240968485,0.1066351656556898,0.3840354737568537,0.3840354737568537,0.3840354737568537,0.0,0.0,0.2774003081011639,True
44,nftonv2,nfbotv2,lgbm,0.05,0.0,0.1345622803282379,0.8302559830242183,0.1066351656556898,0.5177393514392352,0.5177393514392352,0.5177393514392352,0.0,0.0,0.4111041857835454,True
44,nftonv2,nfbotv2,lgbm,0.1,0.0,0.1187699812578037,0.4746380748269663,0.1066351656556898,0.3148971206245248,0.3148971206245248,0.3148971206245248,0.0,0.0,0.20826195496883498,True
44,nftonv2,nf2018v2,mlp,0.0001,0.0,0.3654258283647121,0.8868966371446408,0.2548649498421679,0.9224737429380716,0.9224737429380716,0.9224737429380716,0.0,0.0,0.6676087930959037,True
44,nftonv2,nf2018v2,mlp,0.001,0.0,0.3009013173604861,0.9447857089053112,0.2897196289469362,0.919287252865938,0.919287252865938,0.919287252865938,0.0,0.0,0.6295676239190018,True
44,nftonv2,nf2018v2,mlp,0.01,0.0,0.2893084258996815,0.9457048804205044,0.2901760180855182,0.9579442360917306,0.9579442360917306,0.9579442360917306,0.0,0.0,0.6677682180062124,True
44,nftonv2,nf2018v2,mlp,0.05,0.0,0.2882176176347658,0.967899819673339,0.2888248470740752,0.970111232411806,0.970111232411806,0.970111232411806,0.0,0.0,0.6812863853377308,True
44,nftonv2,nf2018v2,mlp,0.1,0.0,0.2897767083379493,0.9700880493516336,0.2887486288835795,0.9717230082654702,0.9717230082654702,0.9717230082654702,0.0,0.0,0.6829743793818908,True
44,nftonv2,nfunswv2,mlp,0.0001,0.0,0.1833208554275638,0.7637840999780483,0.0446266929158205,0.7175768879709301,0.7175768879709301,0.7175768879709301,0.0,0.0,0.6729501950551096,True
44,nftonv2,nfunswv2,mlp,0.001,0.0,0.1067744103809117,0.860480423703842,0.0727733077158614,0.8317739287007543,0.8317739287007543,0.8317739287007543,0.0,0.0,0.7590006209848928,True
44,nftonv2,nfunswv2,mlp,0.01,0.0,0.0852725543790584,0.778518493518296,0.0720978652941494,0.8485266286092937,0.8485266286092937,0.8485266286092937,0.0,0.0,0.7764287633151443,True
44,nftonv2,nfunswv2,mlp,0.05,0.0,0.0707854238428213,0.916966336362338,0.07176837051117,0.9278734814862564,0.9278734814862564,0.9278734814862564,0.0,0.0,0.8561051109750863,True
44,nftonv2,nfunswv2,mlp,0.1,0.0,0.0698408911573496,0.9275476259122404,0.0717100091376676,0.9343919774460396,0.9343919774460396,0.9343919774460396,0.0,0.0,0.8626819683083721,True
44,nftonv2,nfbotv2,mlp,0.0001,1.0,0.1449179802551119,0.0,0.0877403661868202,0.460536163617781,0.0877403661868202,0.460536163617781,0.3727957974309608,0.0,0.3727957974309608,False
44,nftonv2,nfbotv2,mlp,0.001,0.0,0.3326978068575605,0.4641450666091215,0.1631983187879176,0.6649505975238665,0.6649505975238665,0.6649505975238665,0.0,0.0,0.501752278735949,True
44,nftonv2,nfbotv2,mlp,0.01,0.0,0.2127738062687576,0.7374346032444145,0.1658456977263282,0.6991905910108744,0.6991905910108744,0.6991905910108744,0.0,0.0,0.5333448932845463,True
44,nftonv2,nfbotv2,mlp,0.05,0.0,0.2330864673096263,0.7642182340767426,0.1827935409601248,0.8181318958792537,0.8181318958792537,0.8181318958792537,0.0,0.0,0.6353383549191289,True
44,nftonv2,nfbotv2,mlp,0.1,0.0,0.2205212882052989,0.9085336568600496,0.1827935409601248,0.9281686029790208,0.9281686029790208,0.9281686029790208,0.0,0.0,0.745375062018896,True
44,nfbotv2,nf2018v2,rf,0.0001,0.0,0.5838706827942327,0.945343543440464,0.6405787022061478,0.9360309566298042,0.9360309566298042,0.9360309566298042,0.0,0.0,0.2954522544236564,True
44,nfbotv2,nf2018v2,rf,0.001,0.0,0.6662921899961028,0.972575325599802,0.6405787022061478,0.961503658455747,0.961503658455747,0.961503658455747,0.0,0.0,0.32092495624959927,True
44,nfbotv2,nf2018v2,rf,0.01,0.0,0.6405577137130544,0.970324432220874,0.6409748709235347,0.9729662026473438,0.9729662026473438,0.9729662026473438,0.0,0.0,0.3319913317238091,True
44,nfbotv2,nf2018v2,rf,0.05,0.0,0.6444163517369464,0.9754672302475028,0.6405787022061478,0.976811933349486,0.976811933349486,0.976811933349486,0.0,0.0,0.33623323114333825,True
44,nfbotv2,nf2018v2,rf,0.1,0.0,0.6401277850798044,0.976441682088476,0.6409748709235347,0.977101873886685,0.977101873886685,0.977101873886685,0.0,0.0,0.33612700296315035,True
44,nfbotv2,nfunswv2,rf,0.0001,0.0,0.3794975226401504,0.8879738972216412,0.1961725875189587,0.8736671584593595,0.8736671584593595,0.8736671584593595,0.0,0.0,0.6774945709404008,True
44,nfbotv2,nfunswv2,rf,0.001,0.0,0.2360060049268582,0.9282910918712464,0.1961725875189587,0.9073692663287004,0.9073692663287004,0.9073692663287004,0.0,0.0,0.7111966788097417,True
44,nfbotv2,nfunswv2,rf,0.01,0.0,0.2022764426745919,0.9347080389081048,0.1961725875189587,0.9390994878920595,0.9390994878920595,0.9390994878920595,0.0,0.0,0.7429269003731008,True
44,nfbotv2,nfunswv2,rf,0.05,0.0,0.1924201224607437,0.953122896512456,0.1961725875189587,0.9477231574081642,0.9477231574081642,0.9477231574081642,0.0,0.0,0.7515505698892054,True
44,nfbotv2,nfunswv2,rf,0.1,0.0,0.1921424451353614,0.9505527903495165,0.1961725875189587,0.9516132414787696,0.9516132414787696,0.9516132414787696,0.0,0.0,0.7554406539598109,True
44,nfbotv2,nftonv2,rf,0.0001,0.0,0.7041422389533972,0.7867105095747323,0.695064290805308,0.8582549089139448,0.8582549089139448,0.8582549089139448,0.0,0.0,0.1631906181086369,True
44,nfbotv2,nftonv2,rf,0.001,0.0,0.7059284745741652,0.9307646218861096,0.695064290805308,0.9373076219232932,0.9373076219232932,0.9373076219232932,0.0,0.0,0.24224333111798524,True
44,nfbotv2,nftonv2,rf,0.01,0.0,0.6993872557241984,0.9643338330583452,0.695064290805308,0.967201378846252,0.967201378846252,0.967201378846252,0.0,0.0,0.27213708804094405,True
44,nfbotv2,nftonv2,rf,0.05,0.0,0.7000703949871265,0.9780019066847784,0.695064290805308,0.9794593192480884,0.9794593192480884,0.9794593192480884,0.0,0.0,0.2843950284427804,True
44,nfbotv2,nftonv2,rf,0.1,0.0,0.7012442226044497,0.9821818576940698,0.695064290805308,0.9826258831098112,0.9826258831098112,0.9826258831098112,0.0,0.0,0.2875615923045033,True
44,nfbotv2,nf2018v2,lgbm,0.0001,0.0,0.290029298013209,0.946234664721096,0.2367419783176058,0.9527411781822194,0.9527411781822194,0.9527411781822194,0.0,0.0,0.7159991998646136,True
44,nfbotv2,nf2018v2,lgbm,0.001,0.0,0.2413512618020693,0.965585903073128,0.2367419783176058,0.9613612588863598,0.9613612588863598,0.9613612588863598,0.0,0.0,0.724619280568754,True
44,nfbotv2,nf2018v2,lgbm,0.01,0.0,0.2403070365420382,0.971718514946423,0.2367419783176058,0.973087617635882,0.973087617635882,0.973087617635882,0.0,0.0,0.7363456393182762,True
44,nfbotv2,nf2018v2,lgbm,0.05,0.0,0.2384433837831728,0.9766735750415898,0.2367419783176058,0.9761051425900694,0.9761051425900694,0.9761051425900694,0.0,0.0,0.7393631642724636,True
44,nfbotv2,nf2018v2,lgbm,0.1,0.0,0.2367482402685459,0.9762787225690508,0.2367419783176058,0.9758577064723952,0.9758577064723952,0.9758577064723952,0.0,0.0,0.7391157281547894,True
44,nfbotv2,nfunswv2,lgbm,0.0001,0.0,0.1402985074626865,0.430450766644715,0.0376304572690205,0.7425957373689818,0.7425957373689818,0.7425957373689818,0.0,0.0,0.7049652800999613,True
44,nfbotv2,nfunswv2,lgbm,0.001,0.0,0.0636701793311957,0.8778960610104763,0.0376304572690205,0.8870108199392052,0.8870108199392052,0.8870108199392052,0.0,0.0,0.8493803626701847,True
44,nfbotv2,nfunswv2,lgbm,0.01,0.0,0.0495980657153294,0.9301817474291836,0.0376304572690205,0.9367309827229564,0.9367309827229564,0.9367309827229564,0.0,0.0,0.8991005254539359,True
44,nfbotv2,nfunswv2,lgbm,0.05,0.0,0.0323088424831686,0.9538138436867912,0.0376255271487029,0.9466834576871216,0.9466834576871216,0.9466834576871216,0.0,0.0,0.9090579305384187,True
44,nfbotv2,nfunswv2,lgbm,0.1,0.0,0.0359478270705783,0.9499652749669686,0.0376255271487029,0.948105806948922,0.948105806948922,0.948105806948922,0.0,0.0,0.9104802798002191,True
44,nfbotv2,nftonv2,lgbm,0.0001,0.0,0.0362317218943002,0.8089999077426336,0.1112215794329111,0.858805825453463,0.858805825453463,0.858805825453463,0.0,0.0,0.7475842460205518,True
44,nfbotv2,nftonv2,lgbm,0.001,0.0,0.0985369445805822,0.923015447814637,0.1112215794329111,0.9393959920246616,0.9393959920246616,0.9393959920246616,0.0,0.0,0.8281744125917505,True
44,nfbotv2,nftonv2,lgbm,0.01,0.0,0.1068500075568385,0.969508536418766,0.1112215794329111,0.9697498433514596,0.9697498433514596,0.9697498433514596,0.0,0.0,0.8585282639185485,True
44,nfbotv2,nftonv2,lgbm,0.05,0.0,0.1135436234462657,0.979373077368908,0.1112215794329111,0.9801054989136068,0.9801054989136068,0.9801054989136068,0.0,0.0,0.8688839194806957,True
44,nfbotv2,nftonv2,lgbm,0.1,0.0,0.1124304460423615,0.9818252381913014,0.1112215794329111,0.981920584324826,0.981920584324826,0.981920584324826,0.0,0.0,0.8706990048919149,True
44,nfbotv2,nf2018v2,mlp,0.0001,0.0,0.4438193114095488,0.8868966371446408,0.3958826188906296,0.9224737429380716,0.9224737429380716,0.9224737429380716,0.0,0.0,0.526591124047442,True
44,nfbotv2,nf2018v2,mlp,0.001,0.0,0.4023242276513408,0.9447857089053112,0.403475253751478,0.919287252865938,0.919287252865938,0.919287252865938,0.0,0.0,0.5158119991144601,True
44,nfbotv2,nf2018v2,mlp,0.01,0.0,0.4068613421649998,0.9457048804205044,0.4036290022087877,0.9579442360917306,0.9579442360917306,0.9579442360917306,0.0,0.0,0.5543152338829429,True
44,nfbotv2,nf2018v2,mlp,0.05,0.0,0.4041238117113397,0.967899819673339,0.403627027011974,0.970111232411806,0.970111232411806,0.970111232411806,0.0,0.0,0.566484205399832,True
44,nfbotv2,nf2018v2,mlp,0.1,0.0,0.4063482749007177,0.9700880493516336,0.4044881443502507,0.9717230082654702,0.9717230082654702,0.9717230082654702,0.0,0.0,0.5672348639152195,True
44,nfbotv2,nfunswv2,mlp,0.0001,0.0,0.2462690838976572,0.7637840999780483,0.1193895484573476,0.7175768879709301,0.7175768879709301,0.7175768879709301,0.0,0.0,0.5981873395135825,True
44,nfbotv2,nfunswv2,mlp,0.001,0.0,0.1406454889182567,0.860480423703842,0.1193895484573476,0.8317739287007543,0.8317739287007543,0.8317739287007543,0.0,0.0,0.7123843802434067,True
44,nfbotv2,nfunswv2,mlp,0.01,0.0,0.1264540862398928,0.778518493518296,0.1237196763980158,0.8485266286092937,0.8485266286092937,0.8485266286092937,0.0,0.0,0.7248069522112779,True
44,nfbotv2,nfunswv2,mlp,0.05,0.0,0.124281500819369,0.916966336362338,0.1237343892783587,0.9278734814862564,0.9278734814862564,0.9278734814862564,0.0,0.0,0.8041390922078977,True
44,nfbotv2,nfunswv2,mlp,0.1,0.0,0.1226549881506782,0.9275476259122404,0.1237343892783587,0.9343919774460396,0.9343919774460396,0.9343919774460396,0.0,0.0,0.810657588167681,True
44,nfbotv2,nftonv2,mlp,0.0001,0.0,0.1591569553224766,0.6180305846624332,0.1195656078726809,0.7540987756885379,0.7540987756885379,0.7540987756885379,0.0,0.0,0.634533167815857,True
44,nfbotv2,nftonv2,mlp,0.001,0.0,0.1541817580955571,0.888344897613453,0.1365812336916108,0.9139482387511624,0.9139482387511624,0.9139482387511624,0.0,0.0,0.7773670050595516,True
44,nfbotv2,nftonv2,mlp,0.01,0.0,0.1527307966867661,0.9088316902182876,0.1482390596001687,0.9309965899380648,0.9309965899380648,0.9309965899380648,0.0,0.0,0.7827575303378961,True
44,nfbotv2,nftonv2,mlp,0.05,0.0,0.1501299595146141,0.9425604789293964,0.1482058319292984,0.9425658494896744,0.9425658494896744,0.9425658494896744,0.0,0.0,0.794360017560376,True
44,nfbotv2,nftonv2,mlp,0.1,0.0,0.1486104962190494,0.952562234945094,0.148216295394664,0.9508943106312562,0.9508943106312562,0.9508943106312562,0.0,0.0,0.8026780152365922,True
